r0,incubation_period,infectious_period,mortality_rate,asymptomatic_fraction,vaccination_effectiveness,population,initial_infected,hospital_capacity,intervention_day,mask_compliance,vaccination_rate,contact_reduction,symptomatic_contact_multiplier,peak_cases,peak_day,total_cases,total_deaths,days_over_hospital_capacity,attack_rate
4.677543899612965,12.117302132862362,5.925774645618351,0.2707966944728943,0.12125601892823991,0.6146914411007931,5000,41,13.945410068780319,54,0.07553246378810612,0.41859207322293923,0.26234876767492343,0.6530712978617061,531,67,3323,1131,204,0.6646
1.946512677504206,3.722703445535701,8.834533894086686,0.040227364215530026,0.5221375616339252,0.8762326368519947,5000,42,19.55943360657709,32,0.1576646877926532,0.3416764052442129,0.2733230766998334,0.9363081612228691,58,9,87,2,41,0.0174
4.315207254166949,16.70019164661224,9.557729519085356,0.022469908144746437,0.5184934659808287,0.11809026232360993,5000,7,31.805570233196118,26,0.14434487906222052,0.7012570823205841,0.45859973047454294,0.8440329782420218,499,137,4008,134,295,0.8016
1.9768697324885565,17.2342847016927,6.358729718349082,0.3064811399939601,0.12379862663234786,0.9498139809747491,5000,9,35.87545684812933,49,0.0849579923282088,0.3955836779261733,0.8960458057616302,0.40788031527850355,9,0,16,5,19,0.0032
5.053921140999892,15.10941431965195,12.359151356166999,0.013969944106621033,0.5839648981900052,0.5069217459716135,5000,41,26.79895957397871,16,0.6359007434777453,0.026454623477190436,0.26028885042630595,0.053350651933590544,491,75,3268,67,253,0.6536
1.6328528133173135,2.838004845560318,5.249818377892215,0.3469269779663511,0.5249683514161289,0.3383761736280186,5000,20,46.671192456905686,53,0.06725005209315617,0.47628738568757545,0.6567209039465931,0.16850245174738235,143,52,801,361,83,0.1602
4.193132746445162,11.505399548606908,11.988332491350805,0.20910051546090247,0.38564120635194094,0.6883767517921608,5000,35,44.025310328564224,31,0.5695339701566933,0.21494253368335955,0.5581219431973157,0.03303628803568772,100,43,343,81,117,0.0686
3.298683391906196,2.049852936950346,11.839249979503649,0.11640376099198674,0.4908128369461167,0.11012933709418955,5000,28,42.24220128888559,5,0.44976000603809607,0.8333838135401803,0.6147891537395768,0.9390382349201083,92,126,1118,169,294,0.2236
2.7129080612920395,1.404610655923778,13.53556485944064,0.11481379653680378,0.20098784678664347,0.6960022970570631,5000,23,17.57943269269773,30,0.6719920041352382,0.05862102449882179,0.6041192585745321,0.7570354478896015,351,32,643,81,71,0.1286
5.152228185508517,13.011586827203875,6.459133204951781,0.05333113800423918,0.3697709103804156,0.41611612051162755,5000,8,34.21482270813658,27,0.8955559408396704,0.3948870652857913,0.3734439503823741,0.36835583462149624,151,95,2419,193,351,0.4838
3.840476080031487,13.354459094978267,8.02804659073248,0.06628790480959877,0.5741134736356706,0.4980788742372266,5000,35,47.10746987075161,49,0.9623152977944541,0.8257236942447393,0.22293273410927408,0.5900758543958625,287,62,1833,134,222,0.3666
5.604421768800715,9.965934896632518,5.5909952257108575,0.3205913866222864,0.5454531881159455,0.13992769258224869,5000,25,14.159800908783854,43,0.8684606849814173,0.7876736927118316,0.5659767679056302,0.9091486739646701,1746,42,4724,1950,81,0.9448
5.24094611628995,14.658731828977388,5.145743719375296,0.34518810716967996,0.4228857688475067,0.47527085732094015,5000,15,28.62047075356128,6,0.025845571318640372,0.30836508160724957,0.23721159590811483,0.11805934641363117,796,94,4419,1975,166,0.8838
3.848472163085587,8.996557042690377,5.667527954585115,0.10393681129092647,0.12054518628632202,0.19338195339238057,5000,10,29.266642211888573,2,0.37203714271139277,0.2626258757483491,0.7142126843657036,0.45487642662983896,19,15,171,25,176,0.0342
0.9972327589520573,8.09329938150685,13.138069598048398,0.2639665894142435,0.07308133281806853,0.39524262851104736,5000,7,14.128433281701476,58,0.9007369888756911,0.7377382826363025,0.2794099789618892,0.17950902865343665,8,10,15,4,53,0.003
3.7079143714388154,10.589935911173356,3.0232504293932605,0.16040434685723198,0.07632303899150371,0.7379981512227657,5000,28,22.126549467321663,16,0.21121115605374105,0.45819888041181017,0.889666909608094,0.11946386736723506,81,27,199,39,32,0.0398
0.9261000706584877,13.532559025207174,11.562525252927388,0.33592238665364316,0.3818811313504635,0.6599052065897065,5000,26,38.07209816583284,48,0.269263849831625,0.28154368903317956,0.6755553372970176,0.49754233801994413,26,0,51,27,49,0.0102
4.403268752176473,17.049264370946695,10.95261320560537,0.29522622914113056,0.42700977900619574,0.8856391284454456,5000,39,40.78652533124546,23,0.718644560068367,0.5217698223355663,0.898871638562755,0.83810516713377,44,29,87,29,37,0.0174
3.4621588617636387,9.654212414966766,12.315915207789873,0.21043837264963727,0.24255334618916122,0.8958553697166503,5000,37,28.700739617197513,52,0.25425936975171237,0.10559323296791018,0.5586287179926415,0.6796724394680043,85,23,240,68,79,0.048
5.490624404016961,15.119347295835887,12.042907564878229,0.09492363704400675,0.053902336315169795,0.04275283728367526,5000,5,26.170289297224407,38,0.8260612355470641,0.5314565925638925,0.5968312115593887,0.6666054226881474,287,127,2961,322,348,0.5922
4.305322089412738,11.496777132752602,4.799618484494896,0.27655493431162487,0.19069130761485462,0.7056517121467029,5000,3,22.517747726689187,23,0.22049984965494654,0.2531278096368263,0.7457166558394946,0.54143053416044,18,30,53,19,42,0.0106
3.8167701569999073,6.3817889691160525,12.267599944224205,0.3970312418875263,0.1546727680543668,0.005709647863457914,5000,35,47.209926460415986,2,0.7035430811661635,0.16626192646401564,0.7209612961915063,0.2746492157169691,71,13,270,138,139,0.054
2.915635796934467,11.062323477300165,8.375861233677773,0.04798123096931334,0.3613825858721086,0.684914973018636,5000,17,42.47142920783714,31,0.016206849823204608,0.016938654669911964,0.16337980399051943,0.8126579747759625,312,74,2581,161,195,0.5162
2.589258168468179,5.041031987677362,5.27379173974192,0.3789919563558191,0.39668655395276464,0.7678047127192248,5000,32,41.60935679053051,42,0.23250149485346375,0.7068247225943161,0.6357730403519907,0.513804162600273,33,12,141,72,56,0.0282
1.0086420700263492,17.92560771068142,7.990763909398139,0.12917452830561568,0.2070821629467198,0.4506419608591134,5000,41,21.122741000028334,36,0.06975775052882688,0.3545505881173758,0.03416129440377255,0.7936519227748295,41,0,122,25,100,0.0244
3.5291472460466125,19.918245902500146,4.40978860742518,0.11312743560982744,0.3641010312502518,0.6564767530615161,5000,33,34.629756526843245,1,0.01841831595443152,0.19755829063318323,0.2871948386032863,0.329721582254973,120,117,1887,278,316,0.3774
3.5944216211704223,16.804422524173788,13.235433194106376,0.17605740127381242,0.2532849747958309,0.702218128613806,5000,8,36.65852567134751,20,0.934212810975951,0.18480290661698556,0.17910358954713837,0.008538127321312408,29,31,50,12,77,0.01
3.9404047794534423,12.204100394073503,11.570670816916431,0.13217269131713982,0.5699062213058697,0.4741849390227103,5000,3,38.73316514699587,15,0.8545891039986349,0.5857075086598872,0.42278553521023243,0.5053719249892861,10,21,35,5,105,0.007
1.3328110882935145,4.5298210857910295,7.039310164006897,0.131961777945308,0.5229073401064719,0.5647239483165165,5000,16,21.292106804058584,14,0.10712562213749803,0.20667814761895986,0.32772340904172664,0.8469585957120518,28,8,76,9,63,0.0152
0.8432828671191894,5.944801669256657,10.191653033709484,0.3267918764876255,0.48864179176352973,0.9272261132920553,5000,48,13.822958953350746,5,0.33330435312146095,0.8587666082400779,0.23047919918655757,0.37465965683721486,52,10,56,23,29,0.0112
4.027023946285285,7.292424034141678,7.027698006863076,0.15661740517879863,0.20615315786007163,0.913339945223398,5000,44,48.058266373537705,44,0.4343016240564233,0.24389891595301225,0.5076279427011138,0.4634526116608194,94,16,239,48,54,0.0478
2.8643872615210295,5.486770791963361,8.186550904049675,0.36434706097432235,0.5046507917203447,0.8739177710224153,5000,15,34.46083181329641,23,0.46650974601241074,0.06771272167545549,0.869857499382051,0.60458147648414,45,28,118,54,49,0.0236
3.356376554612135,7.411115101130884,7.842026796655061,0.1327287270907247,0.1918415152679829,0.8705674123120508,5000,27,38.5965984299677,45,0.3012320505352104,0.21916404859826116,0.25570778103060066,0.12344508605696805,55,16,150,29,68,0.03
4.8933751534996635,1.4158604411753482,9.178621892103825,0.028661203091370702,0.1858243561242718,0.8945518791134921,5000,27,24.290742643817413,6,0.15688542416500165,0.6866523489469541,0.0712369298912344,0.1729022587435117,47,10,111,2,94,0.0222
4.375073222716812,3.423288492197106,11.731078311322346,0.259231764929691,0.571954043870009,0.14987392618670234,5000,32,45.736877290372185,39,0.29807794451588043,0.5861611006109521,0.8444840303174869,0.8472121389543905,2457,37,4484,1489,69,0.8968
3.411535127568447,6.670634339165257,4.719367791834244,0.10076704346958681,0.14433692013200128,0.3073750039639787,5000,44,33.19603551938321,27,0.02960557742218258,0.21169665374662971,0.4494637848617431,0.5304411792123689,781,32,3748,474,106,0.7496
2.7018844711514305,11.19184489593341,10.379806130504104,0.07978497346102545,0.349634686501262,0.8639338868546357,5000,26,34.604534708039175,53,0.024800832224450883,0.9373529618199159,0.5479752955997534,0.38381951428708583,26,0,57,6,60,0.0114
5.176900040127897,15.664721799218876,4.54354557950355,0.3482725158041524,0.5292972697674156,0.3455348174997119,5000,9,45.60752194436122,59,0.10282983807130966,0.08984839949366788,0.7940044130044414,0.03569382913049907,1057,75,3381,1476,116,0.6762
5.457611924058803,19.37617161991102,4.525888243510311,0.37740284607296076,0.21437159264428682,0.8379745680105697,5000,2,25.322495434925962,32,0.11836906799207303,0.8764939492921638,0.4929826462139549,0.7079086438711688,3,24,12,5,24,0.0024
1.3694737587388583,20.761023015648824,3.0717163431273837,0.38767922606845184,0.5824454518899292,0.1430544590215444,5000,50,38.355028846472656,44,0.9287801502750173,0.09661322188584535,0.7251745779193551,0.22040832187844742,159,49,501,239,44,0.1002
2.1174305901977757,6.684255892311971,11.540713488536547,0.20679725242827673,0.445069832632695,0.40386295634336683,5000,21,23.553517072483853,31,0.881757742683445,0.17100024932387148,0.6953507857563999,0.6860846842793641,79,38,195,50,86,0.039
3.7633251728440387,13.638477050371513,9.054403828499911,0.21511354700713073,0.5617463552641137,0.3922575605598272,5000,17,37.482631376911655,43,0.6112459679016219,0.3182028126987436,0.8600749298217311,0.7264262637727673,249,57,696,207,118,0.1392
3.9244697352403524,17.552692940041418,7.01187494227139,0.1592200108413122,0.37216564249140344,0.42873185889860893,5000,22,26.515372548546907,7,0.6038676569990887,0.8135688622396784,0.08987820822195657,0.23966332018438744,299,141,3282,634,324,0.6564
5.137922721231055,18.35371541202121,5.189575207734025,0.07636600230970612,0.29545505533623734,0.7414170964448656,5000,7,25.949315379527924,22,0.2785964160349533,0.37098869473472657,0.19558142686271932,0.19276339801430573,80,246,1746,159,331,0.3492
2.81963702641824,7.4864409378048276,6.282274647104593,0.18434363437873305,0.2724219386817814,0.4676768417010028,5000,36,23.647776510951317,50,0.47866986172753617,0.34095762051638795,0.6630381438394344,0.999132038200051,415,52,1961,463,109,0.3922
5.477931522248027,12.044114657480606,7.38828184817971,0.39458325193522065,0.5876030838920683,0.7695344095655036,5000,17,22.742090521857044,26,0.83262244094672,0.19925743641215518,0.6193310839823555,0.7303414103616663,111,38,307,163,99,0.0614
4.039886350314545,15.537342919312636,3.4674660274416866,0.08485576684277664,0.2709970186610266,0.009662971811285304,5000,9,37.94827471577963,43,0.39366539813880996,0.07049670073810965,0.7730177207044704,0.8527895607974024,1012,57,3210,351,105,0.642
3.048016239610938,9.608810348375854,4.746651733177781,0.07507527655127533,0.3490867609705402,0.11176346274543882,5000,34,19.017123494554582,58,0.908665635935119,0.3257853146533526,0.32213845472183206,0.6731681581303356,968,53,4386,451,97,0.8772
1.656050115050192,2.738360573467922,6.032208840446884,0.03292887258272364,0.2655254644155331,0.5853180186483861,5000,13,17.461239473607243,54,0.1984075879927608,0.9498790485144265,0.23592056396248356,0.2897369159847492,21,7,71,2,61,0.0142
2.2053926239394754,20.977774666612277,10.371339430893023,0.33877657871838973,0.5852257976338785,0.2546919788482019,5000,48,36.46246364526801,31,0.2021052276765208,0.5999062983635355,0.39000770015954556,0.16681164697409967,123,82,1335,572,355,0.267
3.728915082064707,1.1452753297552247,13.725976436133296,0.35876536189361763,0.5100445542256111,0.7434277030102819,5000,24,15.059812192607577,58,0.7177996276161193,0.08301477529662574,0.686667866131326,0.9841093473673858,570,45,1788,772,88,0.3576
5.418963895120672,6.898701264752269,8.074486558302311,0.11572381971858381,0.21082692824990937,0.8771851772151762,5000,50,28.560754772101703,26,0.08302493249394384,0.9619847339642082,0.36222025038364203,0.35698609204690135,58,9,226,38,107,0.0452
2.355668543940518,19.477797673088862,12.500829689002888,0.2908409267728789,0.38150045582440245,0.6425583031909632,5000,24,45.910482044134014,51,0.4214562774412652,0.040131416249430285,0.3956128144493045,0.9480548189608583,61,60,225,97,143,0.045
5.47087376858054,12.428465454336354,13.349758884232468,0.3747092952221958,0.3402444427879183,0.5929661562260532,5000,28,39.78488122716885,24,0.834508618027403,0.5127856364312575,0.014473261642993403,0.7334927291843195,275,145,2719,1271,341,0.5438
1.3753326247107578,10.266015215572152,5.5657554488060565,0.3903602348399269,0.1554211465458819,0.3191051686186439,5000,24,25.548053087528466,11,0.0997666667301572,0.3060850543594195,0.1568142465460979,0.01352183267028869,26,60,468,234,334,0.0936
5.691336819632296,9.700878947390159,12.817817017072302,0.3060395507687364,0.10976328973602134,0.3186658964158387,5000,8,49.31457586634476,18,0.6934130859116882,0.5931189141684698,0.5886654760333595,0.31443359768646784,64,214,1260,457,365,0.252
5.639856229164414,16.256049870700025,13.737154915751105,0.1349070015399649,0.4158807572852556,0.27523110065862477,5000,8,24.571607338481044,10,0.9022922807083534,0.3929086656743046,0.21879806352280318,0.19136414049882342,377,224,3567,594,362,0.7134
3.1021290376998296,18.823539849201087,13.498401775080158,0.033593118612864396,0.501603889996932,0.028111739682037992,5000,29,24.143040611397538,18,0.5483763576298059,0.6601136918248084,0.8213591870944393,0.372577021328034,127,33,273,13,146,0.0546
3.3866447047794948,20.89252413824775,7.6119159686914974,0.33473482331837456,0.05647970913673532,0.7068735570365448,5000,39,37.576903768866785,47,0.36854040500538104,0.8543550794250919,0.8874835135614002,0.6349551533888919,52,55,179,82,73,0.0358
4.6300273806406205,7.12225347764735,7.7674172528688175,0.2199408625506005,0.2563213335435477,0.49858101510949004,5000,36,16.72815274261312,48,0.844694945245058,0.9884929704574256,0.4490497134831137,0.7244193960914467,996,55,3496,931,113,0.6992
5.08388043794875,9.27988090261659,4.512885508619849,0.39235209820890554,0.2936188084348665,0.78689656989529,5000,32,25.81296361341704,28,0.23785074636374878,0.6080118774824741,0.7877858142488098,0.1479582312895052,86,28,327,161,53,0.0654
5.447089245774978,1.0928339507928453,7.865452674366928,0.11115772296891002,0.19697722456464495,0.28336644260000665,5000,50,19.382831293488916,31,0.41590304102606585,0.1771560427393055,0.1454584504489731,0.37596230563065286,2812,20,4833,714,62,0.9666
0.9160133350565745,16.066731522024543,7.209862627725637,0.12846938935632635,0.03774558366348349,0.14085191176784598,5000,25,43.999682947215454,32,0.7448328437680718,0.6137972084899888,0.8663088628280139,0.7912808474808503,32,26,98,18,49,0.0196
3.5433039971961104,1.8442446015696976,9.20716460267786,0.2773495393824685,0.3945529158434035,0.08661900475394843,5000,6,48.2773985901309,3,0.3915454640185753,0.20729830423120196,0.2489308614925376,0.08805231895362012,1422,44,4060,1467,99,0.812
3.9142115340757346,17.589674276501853,10.578008151524,0.20524540425886775,0.4574953760471636,0.0747820372714915,5000,10,25.624666786352392,28,0.9692254600304616,0.5713532958715499,0.7881945396733357,0.2259771436985271,68,46,216,57,154,0.0432
5.126895248917618,20.41092501076624,9.54086043864155,0.32150087554551043,0.06844686469516678,0.8103481850839954,5000,10,11.444652281653688,5,0.29607171415452804,0.7409999049991963,0.6220655459048526,0.3363494880095097,10,0,24,12,56,0.0048
4.869965567398224,6.407486413404497,9.587846210714522,0.0414747679226389,0.4672509195538151,0.3860860416730532,5000,42,43.06235226676026,35,0.26114695198623145,0.8287743066324732,0.17423935048603312,0.8150830718768595,1293,44,4315,263,112,0.863
5.249213184781861,4.9475685116071855,9.269865313468912,0.37726834938434173,0.5650766226916549,0.4313502260985709,5000,27,44.4493249581201,41,0.008143505229537322,0.9826453151522438,0.1720429726980879,0.24607878797282984,1824,41,4628,2303,90,0.9256
4.7738989716783635,3.5648395652015976,11.81915700526516,0.08802220386839614,0.07998997465997172,0.53540008996659,5000,39,39.57829322098462,18,0.8618544018011771,0.4957360574776681,0.17151601056509908,0.17391027223638977,390,30,1927,240,171,0.3854
5.101764415976841,1.694174977482648,3.5897659882867456,0.3402118046074998,0.13753481763562947,0.7258372314410404,5000,16,11.424713604573647,42,0.23222436050961437,0.4479131056406363,0.044376208066952874,0.4613545749408804,561,32,3477,1468,82,0.6954
3.9538861155899108,12.433553775390246,5.87700029189781,0.19754076804607312,0.31817131798242426,0.2348554981452932,5000,31,27.11087000745692,39,0.48298585701282476,0.46383009442255146,0.3334499002351303,0.9372587311889992,943,51,3849,942,157,0.7698
5.964619198270791,7.309070095399343,5.468168480788204,0.3034392016357882,0.11944791553204512,0.020240826704221573,5000,35,29.494457194939358,35,0.45422727168817145,0.7537799504605487,0.20625460097572182,0.025493304660451403,1887,35,4920,2009,59,0.984
4.767177647048959,14.34706176535612,10.316756905646269,0.19385875293732774,0.5742957717527442,0.3777353818743822,5000,7,25.35788222183169,11,0.6483215811235195,0.37421581435475826,0.71707342373742,0.027686668714331186,38,26,95,16,145,0.019
4.840199938550807,14.682302097736336,11.645321287195102,0.1482637251076332,0.11927935737025477,0.41824117572287045,5000,25,37.85257994498609,39,0.1235178942241392,0.748238661550296,0.6076160349115227,0.042234352583137916,222,109,2482,479,320,0.4964
3.595468814053058,5.584353838209123,5.35332483716887,0.022671618687068837,0.3167481777991689,0.293158764285867,5000,49,47.281203827237135,41,0.9673874184512726,0.09022143122708737,0.246252702475368,0.15614405585123745,1160,31,4518,122,72,0.9036
3.711110028564396,7.173446488493962,13.989356020162845,0.1292630379913801,0.5935898095793243,0.37434238979306783,5000,17,45.26289632479465,3,0.5153545855831796,0.8141049360986699,0.7014263366268518,0.830463147032221,26,14,58,14,104,0.0116
2.9224235083675714,7.57200730043521,9.359970277055227,0.087731031332715,0.06403206800430973,0.12396477802306244,5000,3,18.662863976505697,51,0.5713083403017261,0.12941756814123676,0.12897899644651503,0.08799349616331256,574,85,3513,389,209,0.7026
1.3854478164084392,20.88503756689659,6.902602450639407,0.16987964105687273,0.32104499153872357,0.12906165115570842,5000,31,23.479010115845753,51,0.7694668940758976,0.5574792207564131,0.4376012712470053,0.6484080825562982,71,53,325,62,118,0.065
3.6208069299226304,14.420832852585868,9.940181963591412,0.08698103384185521,0.34140879658250184,0.8000581906921467,5000,40,28.548735920083594,21,0.5880790613797937,0.9397909854978974,0.43407338947903074,0.18143234537799782,40,0,115,15,80,0.023
4.153705628296839,5.174777540670897,11.23587191025737,0.31029626289145085,0.2218160625966137,0.28695811935503346,5000,36,28.752417046426004,55,0.10384657667877253,0.6272195964733205,0.7871420824464752,0.328779439485034,1706,48,4419,1749,95,0.8838
5.118494017948998,12.448118454962572,13.834501412716163,0.022933331317194047,0.38499468700257866,0.5625944105023452,5000,37,14.030908097381591,8,0.3138518720224803,0.5022445197605393,0.6054762757657174,0.17537816930605854,86,27,530,21,365,0.106
5.594854215948766,17.74566686664013,5.283349991311616,0.2759469014739337,0.21361741812423807,0.2094218677604594,5000,29,14.839596270939806,0,0.3300647233478449,0.16932494750009436,0.6880803842281236,0.9700352914996886,181,217,3002,1068,343,0.6004
4.583519499300077,19.536038945507755,11.388279523231102,0.24630857913261425,0.07826214834147431,0.17012031977476338,5000,3,29.297288691190953,18,0.7012405184734481,0.7821282046207438,0.6537293207906401,0.6828922692580892,15,356,178,51,333,0.0356
5.78719438668124,8.523997862019414,8.933687619939153,0.019726825982749663,0.17164228925453354,0.5612275652986858,5000,49,37.37318092270232,31,0.2172728504862301,0.18652582324863262,0.8629595099320944,0.35862175983541544,813,40,2120,59,100,0.424
3.3030571657190047,11.92232161198024,12.443403211129374,0.3803740358036877,0.14962222292804114,0.3202117063168,5000,39,11.410329489175984,14,0.6237166608569902,0.9479520027330283,0.4760362789479796,0.6560995138024044,134,25,999,482,359,0.1998
5.437765833255769,11.869387462889087,10.911189963158705,0.15237069996879588,0.5957841549828768,0.28270548764964876,5000,5,35.002690498478565,11,0.817899517985005,0.8734575943520569,0.3077228892364169,0.5782527099177664,324,153,3214,630,355,0.6428
1.7792698548371113,11.081680179568309,9.833919175363206,0.13388905005991122,0.4729837643266628,0.6375664223392766,5000,17,18.606284553318496,3,0.19780069693564145,0.2114404570793801,0.36953192995013334,0.35232723875721944,20,20,52,12,73,0.0104
3.0992014171982536,10.000115340906254,9.453140310455055,0.34961866285377374,0.4181959935154096,0.18258823420181963,5000,24,24.782549907383512,27,0.18498292321123216,0.7524333693248155,0.20437525753418276,0.9776565567865052,613,86,4057,1826,209,0.8114
2.1572476897808768,19.252434908051477,9.976231954590116,0.02149215134925869,0.012597039792087745,0.7786276880154973,5000,45,32.017866936009696,18,0.6398150186299442,0.03619707102252376,0.6677924975429751,0.9229175119442125,96,30,186,5,65,0.0372
5.748996439582472,2.16390092583776,6.728547822124,0.31967272442491107,0.19144763365548986,0.09248877777769182,5000,38,44.06187761450154,57,0.22939663883602077,0.9870167536625007,0.617696066230217,0.26858789877958555,2745,20,4903,2112,43,0.9806
2.587623454563119,6.122102324377965,9.985434925292282,0.36801945533321767,0.5064586192618037,0.4054965881428224,5000,20,40.91693320451816,1,0.08217682338796423,0.796125909439879,0.753727348672562,0.12686556791398892,26,10,38,22,37,0.0076
4.064640513644484,2.371527534756391,9.786989454533597,0.2708220008839716,0.29659958083245946,0.06525712756197215,5000,26,22.918768029102054,14,0.8893888912539751,0.16164887625699348,0.40103198175163896,0.7713768752780398,656,30,2920,960,144,0.584
4.669164274114699,11.128225865294686,8.904359602519605,0.24837374347776026,0.5930077449878349,0.8419972897282294,5000,16,36.293662997615975,57,0.5721743398934362,0.12610713233884088,0.7018679077068528,0.5024718252804697,61,36,269,87,100,0.0538
2.725983664600127,2.5145405302286163,9.562172775082296,0.2754684910262165,0.20891781635685938,0.4483849080980925,5000,19,47.553381964038735,3,0.3790203059772491,0.7724182662975151,0.4207102345270087,0.8548474554196619,37,9,134,49,91,0.0268
1.224728984310053,18.897303914152168,6.1916179852676905,0.01866098162608899,0.34666854177718126,0.7524785178359166,5000,18,10.307536124128589,1,0.9714641529386644,0.2968263871154642,0.03979658765138215,0.12601197127763117,18,0,30,1,33,0.006
0.9617625057181317,14.325190930038893,3.141919412400865,0.03874600750597822,0.05368727279342438,0.770648749114247,5000,8,23.686829145054315,12,0.31079160793090577,0.7363239870125214,0.6353817199890657,0.48700851646471055,8,0,11,1,9,0.0022
1.9802044870499356,17.18974533910173,12.634815833950967,0.19857276275066651,0.15096167014886333,0.5794279759093812,5000,7,45.11973503238033,57,0.06933947980271775,0.36857856079364804,0.8316171293213943,0.564136273989591,7,0,21,5,45,0.0042
2.54912207117894,1.1650785452526344,5.520195414335415,0.35686027076858984,0.22505172849053076,0.626266327234707,5000,11,48.71273607551895,31,0.31915137986711306,0.3594985588294731,0.5517972535764153,0.22099638338980096,46,33,209,91,60,0.0418
4.854396317606358,14.314053861493393,4.214919681685607,0.32128155954164,0.20557264588101798,0.16219540381984704,5000,21,30.28582656574589,39,0.7180366917467934,0.6973362292754793,0.035737334119758137,0.5309484085558427,1405,55,4635,1939,105,0.927
3.2232093469556986,12.343458588914574,13.815960179015924,0.19308677605074176,0.3647918435033122,0.2673109621681198,5000,9,31.258379369599414,55,0.15321346136941613,0.5936130139373295,0.09771620707787211,0.37306938585857885,752,134,4155,1013,271,0.831
2.9378234223933477,17.356523422642532,7.215301303653523,0.17923737537631187,0.17335834624754565,0.23936132522775153,5000,22,32.173793193271436,4,0.09824156824115537,0.5553135111117891,0.07790258945504609,0.04183291198715054,643,115,4317,1012,235,0.8634
5.865677055234688,19.264319216195716,5.81985183364424,0.2793064775887148,0.1900897020117643,0.892412146626262,5000,16,31.098957573483744,35,0.5499583403574426,0.5734246843773922,0.6335437860515288,0.6373133505598826,20,26,54,19,36,0.0108
3.828380747987377,5.099955911336775,4.726818983352544,0.38780198927692905,0.060526456654936465,0.48305560688933835,5000,21,42.34896717905219,15,0.6606333340831623,0.6005315085492224,0.6950716401364223,0.8073123370865423,122,19,431,211,73,0.0862
2.7902631232954844,7.327655239002754,11.117043143490378,0.3987222637967769,0.22869689429177342,0.04511798424766326,5000,38,22.70383783757259,8,0.891720422042887,0.670472253157264,0.851152151920485,0.5749861309533205,87,19,167,82,65,0.0334
1.1582611280658504,3.3255210320146107,12.517619032341736,0.18397493832210074,0.4942622889906321,0.5131042703367722,5000,4,30.71261840711614,57,0.054100498603704784,0.11536841196871177,0.8054369007847272,0.6460154963888245,7,13,13,2,37,0.0026
1.5595301808941322,5.511258121525376,9.635875552561796,0.2297929295823623,0.09187711094751806,0.06137467501722062,5000,24,49.29928438881276,51,0.6778316009391471,0.3481667051431192,0.8464947478667747,0.5923741909476601,280,57,763,225,89,0.1526
3.5222170866290883,5.749621513085871,9.52786906427849,0.05390386445177619,0.5832843147550371,0.7272599153821567,5000,27,46.38058973316818,20,0.07129684230399383,0.3382052749538528,0.39118862296034485,0.5330485594224127,79,23,289,30,99,0.0578
3.793660739093002,14.880940320504179,3.6687137689878404,0.25764572831299043,0.4650005797629801,0.6421625843902541,5000,50,37.921936802822344,15,0.8300636207047468,0.9738606264216592,0.8197171645928262,0.6177459516519123,96,19,191,72,27,0.0382
3.9720788506872875,9.417344374292998,5.306367271445371,0.05284804417170881,0.3236559935304271,0.5757615866966524,5000,24,49.500874082470226,38,0.3970262805140675,0.6964085910274685,0.13957440791986236,0.4900685903259419,237,82,2776,184,195,0.5552
5.157737076385298,3.7335045295867118,13.942973073654468,0.19248262158267068,0.3293526353712825,0.6507518115665996,5000,23,22.313208865808228,21,0.5356438045626135,0.6383334377280201,0.8437817769725439,0.39283782906327464,175,25,296,66,83,0.0592
5.77816810133903,19.939702753041107,7.517145005489233,0.16737839968461,0.14008539832600836,0.5407133678157657,5000,6,42.97871647419026,3,0.8113856697539766,0.8935693834755971,0.5066945350714258,0.8969029253744493,10,28,33,9,40,0.0066
3.1790646222952788,6.084246095251663,8.98877554484798,0.34579905612856804,0.12257729033567327,0.9051436474403141,5000,23,37.186384041752596,27,0.9828408186434147,0.014973507139240349,0.7317015732605578,0.307788074844315,359,34,783,337,70,0.1566
4.49803593871126,1.157147367859495,11.595717801676555,0.27976129308918657,0.27749544289697814,0.05999806766446253,5000,38,44.63816798125806,3,0.5335991515870595,0.22268180551838124,0.5643234900849591,0.4088176439672279,462,52,2672,986,183,0.5344
1.971487037856904,3.7671359747478097,9.848575859437556,0.21076249673702555,0.39078605973391695,0.3526117859322054,5000,31,15.343743407674955,56,0.5960679602527597,0.9851043371671468,0.04658816953463829,0.24772311170389297,333,60,1737,429,182,0.3474
1.532047645582077,18.10944537671684,7.629238449420696,0.2632173830949637,0.5362204085135813,0.1913783636012162,5000,29,14.6276313772401,4,0.4422092071188405,0.3213993281017742,0.8064135322026924,0.35535186755539006,29,0,60,20,40,0.012
1.8017140537734455,10.443122745531538,6.844921977884624,0.08364699463147705,0.11298368851176098,0.35765219172387647,5000,26,15.039762293199416,27,0.6194884193801135,0.4727134347587165,0.4689956508698431,0.5224648739704172,38,31,164,14,76,0.0328
5.791169829122724,13.1362082049504,8.973553127396027,0.34487073278417496,0.18077857470058148,0.006212045839590314,5000,15,45.22655507062276,39,0.7847290860561056,0.7527662507338145,0.1345623787695264,0.3937140864924554,1265,57,4572,2045,135,0.9144
2.9777438861687866,12.149064239694672,4.819442573592596,0.06780334208302838,0.2718114886268768,0.852623586334972,5000,40,22.6264221907073,19,0.7576681734907055,0.0473950890009721,0.7769714208068162,0.1778370569025268,166,32,415,40,41,0.083
3.6099591425123725,19.972248855765812,12.436329023950325,0.2920170689695349,0.06564338375741986,0.9400749053483028,5000,21,38.974081109468486,11,0.30747634102980526,0.968580852754872,0.8076763424723244,0.6277404521266048,21,0,32,11,38,0.0064
3.6965086800521982,7.678810701043193,4.5929270306851,0.3850983640071241,0.23560433024591126,0.33709028690157233,5000,38,14.44184359382357,11,0.7980093884157216,0.9999253480137583,0.4597960364249246,0.9326341843823976,109,13,900,454,160,0.18
5.844642040892493,13.034869808897133,8.516381488779604,0.26375546793509447,0.10433760409638562,0.8574261492869462,5000,12,30.68465113896858,52,0.07980342448646884,0.5300380577929338,0.1063438135059364,0.16519757003261162,18,23,83,28,125,0.0166
2.6552282286472906,18.985578885026293,8.371718073620986,0.23274421929707712,0.14655445670670667,0.09575636126594897,5000,37,28.0785254788037,24,0.17721363427191925,0.350332016491618,0.5054218614834246,0.5257564761574186,143,122,2413,675,353,0.4826
3.387426798616361,20.008352333891022,10.446199214629626,0.3089529476876595,0.2181419317633297,0.07991180543797782,5000,2,45.94132929153269,6,0.3628059597353722,0.8222000713838127,0.6975068252381862,0.3696468505835624,8,237,96,34,187,0.0192
4.145685874515548,7.3440136983048525,4.612098119083583,0.2860935345302051,0.1855597873506272,0.6218959378544902,5000,47,12.947337128709316,28,0.19911859450935826,0.8625194853447291,0.4019196501766371,0.07359164430518385,261,36,1784,644,146,0.3568
4.056568672068186,13.542646404833924,4.46030962493105,0.057377291510404216,0.3245899394133152,0.48623460691096476,5000,28,35.97059669989473,14,0.40898322235029183,0.7442360707775215,0.22578821588389453,0.37018064089041913,199,122,2930,211,251,0.586
5.549431105326921,19.505564062496227,13.047722352480633,0.29031883569116407,0.5302294113817555,0.23392302615014074,5000,8,38.202799189448896,13,0.021925584345255596,0.08494487367443183,0.3167219861071884,0.8687948784035213,1052,137,4601,1725,259,0.9202
4.5563634377927125,14.407713489317395,6.390047935161605,0.32737611817388756,0.5666360969536592,0.6132656365364707,5000,5,48.13554453208097,8,0.4026094683200274,0.195775865714472,0.5746637036839964,0.9808365358802967,17,22,136,52,128,0.0272
5.925656367633224,19.79796632664453,10.884474240594132,0.16855093927651435,0.4068837714512856,0.4535375038927236,5000,27,14.842061207160201,0,0.9930570342610543,0.12884880813583893,0.6997266945519571,0.45754584290372363,27,0,66,19,119,0.0132
1.6877001365777344,2.5495605456970982,4.992232339080865,0.3595356969902457,0.39961439778132907,0.4422323078860914,5000,9,17.44184323810986,8,0.8828626732552602,0.5531349139883248,0.13249851538117424,0.3344876513915674,11,4,27,12,30,0.0054
4.496293304648385,19.439913637908344,8.267300219042472,0.39750646208445817,0.12649141450215762,0.6946760318641836,5000,2,16.901021697359667,25,0.28195793826784904,0.10469697092569479,0.581098028816636,0.2783395608744455,9,51,37,24,108,0.0074
4.013819815803749,1.6284547200272654,4.473053982382245,0.21003127321019166,0.24916525990200813,0.46000910309432935,5000,14,32.53048964577072,48,0.5408880489580266,0.35525522741487897,0.8787735422976313,0.17238103549992057,1403,25,4398,1187,54,0.8796
3.0864051892697075,19.903980015612287,12.331402806614559,0.2261981695839395,0.34876550321742605,0.801671882347488,5000,42,42.268430790330044,21,0.32215437384014783,0.26995428773391694,0.08842918691955269,0.1570251467588185,62,33,210,60,175,0.042
3.541618453246074,8.838586145557183,3.1443063636166495,0.08784439852127698,0.5640796389479027,0.6485361593010364,5000,1,26.211393624997594,16,0.6695521942011505,0.10645712195377184,0.3118638996598221,0.7564107969095001,16,25,109,11,67,0.0218
3.791730779572644,1.6519813953180043,8.845812960759773,0.1271254219489662,0.1678053540204609,0.566517970758236,5000,11,39.434111938799404,15,0.7073236870951753,0.44744516894862063,0.32972470759663325,0.4645919192646188,89,21,269,35,71,0.0538
4.509375948412114,4.386546920243411,13.340612896717367,0.1568168488039313,0.3871277883108297,0.39372255999164973,5000,11,20.72416989253476,44,0.9695358944120364,0.9338104088612639,0.6741058351177354,0.020672220141654145,1068,49,1951,382,120,0.3902
1.4362752374504728,8.014528052451228,7.2580981638324555,0.35835036236282103,0.5246114300176313,0.6652772028134711,5000,15,27.401210509065372,37,0.4352050744810592,0.5795266278066324,0.3247191173429421,0.41015690039158487,15,0,43,22,51,0.0086
2.7547617698757723,19.15166122800753,7.777695196495033,0.2995043789477216,0.310191762875031,0.923805233641778,5000,3,22.44648441084751,30,0.16861912354794703,0.599186594108991,0.6376734060969106,0.299034777106793,3,0,4,1,9,0.0008
3.0895033619162886,11.228888593563921,9.449192636312837,0.14992063663870278,0.16094999336198043,0.29153159528340594,5000,7,42.39871946438662,4,0.9438603262093538,0.9166595883724289,0.7621754722643703,0.2800793190291894,8,18,20,3,25,0.004
4.829380560871204,6.988793965632141,5.723704463802355,0.3967543819495596,0.1457476304795678,0.18212879628296041,5000,46,42.848829726910054,20,0.007785803123737177,0.5747923554986529,0.21866155185287706,0.8374589650163242,1307,33,4705,2421,68,0.941
4.001673684703639,15.299958801718057,3.496475533976065,0.27612628856676985,0.16762115228880842,0.34107325459298937,5000,13,25.827460712560057,30,0.9123089987032892,0.5258437204570352,0.5102638461023072,0.8061084051048919,147,39,972,330,203,0.1944
5.743713165995508,9.579226636540506,10.304125567403052,0.29377785174421556,0.12975237647040508,0.9452355079411922,5000,5,25.130168484221905,26,0.45516122717092916,0.03332386122162886,0.1754170645037002,0.6549773905369562,129,52,568,201,136,0.1136
5.104745867481473,16.34937173810953,12.800032518192376,0.01846985052919795,0.4061395348443998,0.2824473887703342,5000,30,13.801746487185133,14,0.5559526900796322,0.5326577156892632,0.43582869599372703,0.583589054068588,384,125,3432,82,324,0.6864
4.0807352693117585,12.078198956979438,12.157752985107024,0.12335834730156986,0.1633695021363942,0.6981705682813029,5000,42,16.393391071266823,0,0.7062354351396698,0.6585216115864356,0.2484864759025551,0.9781282757192792,42,0,109,16,91,0.0218
2.234428541496409,14.726971271044322,13.573983725726215,0.1755413267512335,0.1118442648182076,0.7846065768000275,5000,45,35.393275879014055,26,0.5041974868456106,0.40206508805925967,0.22360562151722008,0.022980433982885195,45,0,96,33,94,0.0192
5.841832299503833,11.655626746447817,10.2954713187655,0.07694545699053473,0.016970035505385547,0.2882619679122985,5000,44,13.74900698521839,59,0.5425742113384155,0.9527849601954412,0.5208141612219472,0.5419213742673815,1707,56,4715,449,111,0.943
3.6381714698425913,5.535020130394893,4.075265110718754,0.06543604878110204,0.14145126316818235,0.10150631260274605,5000,5,49.013845962869304,36,0.331367852617414,0.5114845267551047,0.06696034373775181,0.3422109221230347,1297,40,4691,393,75,0.9382
1.074896612923667,9.146681705870929,11.061577822358739,0.02818064532187762,0.3761458820264652,0.011279121655012679,5000,7,24.735575485614188,52,0.036628350195895165,0.289512852740691,0.4627108844350973,0.1824424434729655,10,20,47,0,112,0.0094
1.0497558888418113,5.881579053789834,7.073060042690821,0.23591328221135333,0.4262907137149494,0.38417162026935486,5000,18,33.83778946401186,4,0.958489158763138,0.42100451326962834,0.8670167065924376,0.9202695673929845,25,8,29,11,18,0.0058
2.1531817742239894,4.407104468139038,11.056287263363402,0.30918988616095466,0.22685297009867056,0.480713153048754,5000,24,48.562803383228996,54,0.3531248873294117,0.3233060972697989,0.529174091290492,0.4241547884381961,163,59,605,237,120,0.121
4.395898471285645,4.4334124175331056,9.153212712275304,0.3190926529471802,0.5210634974570846,0.6936340076905789,5000,12,20.41106412001261,16,0.3284698169640533,0.7006590111568154,0.8114884139955024,0.026712395336558996,28,10,56,24,31,0.0112
1.3376080028207522,1.0133686841282303,12.552919721391419,0.19587446388502458,0.05922830462761372,0.03593114052256986,5000,47,16.20550834593344,56,0.5224213226709663,0.15918361794046715,0.3412527189611083,0.3644490154508817,633,58,2007,510,128,0.4014
4.922918050401708,20.16901403965915,6.173973926956901,0.12499832269697907,0.0013946965266839288,0.2108255100214701,5000,16,34.021863252852214,25,0.018819913122693648,0.41790667315228186,0.42313274453979904,0.4022290420635062,885,101,4568,787,183,0.9136
1.190727246078915,4.279551447139173,9.698047726567118,0.130936025339664,0.2740600389909622,0.7996295131403446,5000,44,10.949141686761411,38,0.05679126218843613,0.04236059357559948,0.21216684170660344,0.9559390697433623,70,10,207,40,62,0.0414
4.2482518944386,3.4504706427617897,9.357702469319024,0.2598435345717778,0.31433285013264955,0.7441652046064061,5000,8,23.02061828406162,13,0.4834592092838779,0.9608392221827247,0.3069102235202014,0.2779699793712188,13,10,27,8,42,0.0054
3.7824134441257806,15.227204895510004,11.211071620943954,0.287675070838557,0.1713311290589224,0.6239759525404535,5000,22,21.234752609552558,57,0.5349662341325917,0.24324736446085463,0.8107462943636952,0.4164169288506225,159,73,457,158,123,0.0914
3.5593218374047666,17.37106762861386,7.907060650775081,0.1273728906923775,0.2382259379782172,0.6168308161704148,5000,2,38.75832726727771,59,0.6059516302459078,0.7311272875959959,0.6886285141594722,0.4466214162319792,8,48,27,4,54,0.0054
4.340563873458401,13.292520703482808,3.525179043438082,0.36599059011176704,0.019770741271151134,0.5399418872791761,5000,8,31.111488344681835,19,0.6092325492402367,0.21833489051634955,0.23386136559543183,0.0969008989777959,118,115,2159,975,291,0.4318
1.5114866286594628,2.9783430645987554,7.2373424268773245,0.12132463234387314,0.4412881725719788,0.6449473427659136,5000,44,37.554439438481424,6,0.16097088089260625,0.6656760367017549,0.42846255652866383,0.37953959542222554,69,8,100,13,35,0.02
2.5693410687312896,4.495968965640924,8.758303918513693,0.0547070707848174,0.4927050290326145,0.6045143445682966,5000,25,38.8705875475878,54,0.26522103281873455,0.7572715019691886,0.41445233673427073,0.20391855224878822,76,59,398,20,118,0.0796
2.082748447292932,9.138005846964965,5.450698407365476,0.1758505124390094,0.5869508519742234,0.231628667881442,5000,20,12.822557408211216,23,0.4824526685019511,0.39832856681328394,0.5255160220252906,0.9936275638751885,74,31,372,73,157,0.0744
4.414939744235526,2.854948565935167,11.62390994023236,0.14700678154952856,0.507895959738022,0.8784994614784296,5000,6,14.614762114756449,6,0.08982846974977404,0.06221744623322183,0.5579412468295133,0.5464737805175387,46,19,113,26,63,0.0226
2.630815413930688,17.43871130793449,10.80925610554092,0.12606863211879232,0.5687355294930022,0.030029085181694167,5000,31,11.859376360127523,36,0.47906651982007453,0.4104327680416463,0.7249476199756157,0.6237589571879806,218,54,640,108,199,0.128
1.7062328943322358,15.935620331900415,4.621235820116964,0.031257943654659164,0.05044450226958261,0.7531343933397654,5000,37,14.245666205741866,54,0.7930297811757647,0.12380355507287408,0.36286728049177536,0.10841226264644897,47,21,189,10,69,0.0378
1.6722447812984473,20.05779523883834,7.550398585465036,0.16033882782676215,0.19290095312517475,0.16144827600434392,5000,9,43.176328630952284,6,0.8245698193804237,0.8377493620424503,0.49180994474854545,0.31463569392917873,13,26,25,4,22,0.005
5.12004534286654,11.729173143497782,3.1733349364148022,0.3759108944240869,0.5518248637017042,0.07199367050163756,5000,1,43.945923204307405,28,0.4777211874945803,0.48327969129708453,0.857829579099571,0.04654307049163752,46,31,542,257,225,0.1084
5.784140178715572,14.839639395589785,4.2046247217252635,0.09229079828887077,0.46888446700217956,0.4989113228394639,5000,23,42.83787712394965,8,0.06366814872230547,0.6745899397347028,0.047765758738316205,0.10930661041871055,1028,73,4668,539,119,0.9336
2.1052515270740977,12.988605345592287,7.808811074895821,0.2981536742093951,0.5808875302754555,0.8965770635115355,5000,13,30.779106841494922,59,0.7954512918742246,0.23465596218242693,0.2639426610312533,0.8756779920228082,15,21,30,7,25,0.006
4.485066836945688,2.769525031438026,13.392719783072177,0.1336634233647402,0.09992906532485245,0.28835065062353177,5000,22,48.50847306134112,59,0.8594774109629079,0.7925119059380397,0.1518953448237734,0.43207532585211705,2453,43,4724,844,86,0.9448
2.5805636391776985,9.900641565937015,6.592740490924264,0.22746941416298108,0.522848081261718,0.9436168206289935,5000,14,13.071961010887925,54,0.3112246064681035,0.12045547335627492,0.20300609859378144,0.16284434628466607,30,17,73,16,54,0.0146
5.0765539157250785,15.643571197964672,11.955056145293426,0.16774193909823348,0.3748537846224567,0.2736152088360641,5000,19,29.672538927371374,50,0.5051464598140988,0.7231783847165629,0.18988506172971753,0.6775301677934845,860,91,4263,937,204,0.8526
5.931207848295248,16.07295779033597,11.846207359646646,0.06696715415040504,0.182401577631891,0.3064761190837182,5000,35,45.21460607875801,24,0.8044551796617329,0.1142211815272523,0.7257550045146345,0.619789543085491,211,30,826,77,185,0.1652
2.3398212740747812,3.9539343086799907,8.399253694141622,0.14258143201912332,0.4118075471005667,0.4454562805637243,5000,38,33.97155192966038,18,0.818806815026911,0.7667960039300821,0.24145820365261358,0.633336433378904,114,21,404,66,100,0.0808
0.8526248185526711,9.224708279275939,10.105937892870633,0.014917868743003866,0.335932499701984,0.7316921633484897,5000,42,42.08513266243006,55,0.6337497490055586,0.42376724269827953,0.6113521858889484,0.13331547044789643,43,11,68,2,48,0.0136
3.4268145894921345,12.838783119579926,8.681225605902078,0.1846713050085552,0.19973983926840247,0.6049796454085273,5000,27,46.49716204190396,60,0.990797123215423,0.2109041283290518,0.11835680211161152,0.5166961680446646,162,73,1019,218,182,0.2038
5.5132221831881445,15.41236584672714,9.047962065287445,0.2524935483303368,0.12229303055096509,0.5110223313638856,5000,39,22.005866972391043,16,0.05073615621112434,0.969493633075839,0.3965198271059549,0.4933888335490679,481,110,3803,1239,251,0.7606
4.54840001097138,3.641093542579128,4.956919027220465,0.10266472167495562,0.09568343973957695,0.5369532030477021,5000,21,30.04866787687864,6,0.885204585389783,0.8482897835853442,0.3585167957931161,0.11418324411335343,61,10,498,73,118,0.0996
4.851527353862381,15.07592039466165,8.54427215816466,0.1264624364273366,0.028617112920935654,0.20411240104603226,5000,20,18.19514946732481,22,0.7042701978264874,0.8622649200295409,0.1996376683594182,0.7236435733484204,582,85,4070,680,223,0.814
4.822681131199133,5.348644306518102,11.761275570644047,0.3663110918997884,0.03960013282530245,0.5896331887617525,5000,27,33.071061170830696,29,0.4359672638975983,0.5306912572017551,0.7821834814598285,0.06581842067838312,297,35,668,328,99,0.1336
4.657228830042894,20.11697304028594,8.024490945190207,0.051268404213025934,0.4976998865745353,0.8184050847182652,5000,16,15.716019195863845,34,0.9402808747873813,0.9057229521277751,0.11801590949888699,0.4233999719703819,17,31,55,4,67,0.011
4.721144132231366,2.521523891830935,12.033316554765687,0.0031738100616263074,0.3439699605878334,0.7295688663237788,5000,7,46.876936887713136,42,0.08623735083533966,0.7298419180030805,0.7600139287978045,0.5262175408201217,60,43,142,0,81,0.0284
5.04737724108125,1.858814757444942,11.420053940249103,0.20010604199937831,0.449059216759133,0.7384981154457004,5000,34,14.885862846883294,52,0.015011776523675571,0.8874076743401764,0.6088954844046442,0.4759590041089469,648,54,1878,461,110,0.3756
2.74303749987586,10.737237944911314,6.234875390320782,0.2892190782425497,0.09764242472036845,0.7693143082544253,5000,13,10.8211885203841,36,0.5035636368194597,0.6546621649702257,0.7397916046979602,0.8067827353001544,14,19,52,19,62,0.0104
4.492203926629527,16.359090596369164,11.088503821324705,0.31001845719479476,0.08991561827559634,0.6831546448743596,5000,21,13.311568269057737,45,0.4595593023125564,0.6260332089350025,0.2112112065293458,0.9675558625611259,67,75,979,386,360,0.1958
2.392839064449169,13.710031608440564,5.20640421100446,0.21245501584180917,0.5192794814557204,0.8631219874276589,5000,29,31.073134779458407,6,0.6254618525795475,0.08135049241591075,0.5758218249303659,0.813310715901306,68,20,112,26,31,0.0224
1.1021947894734985,9.071053291942151,12.930686190943812,0.10536734331413569,0.00602822323294679,0.047431789576529944,5000,16,27.149646004373796,43,0.13342738417831188,0.2171941627151382,0.6718838990442438,0.05937923186332614,32,52,112,19,85,0.0224
1.247337347778651,14.794768083662897,9.139589198966718,0.3954965753989046,0.49165082263777643,0.808411182319348,5000,16,13.359077065869924,48,0.8913259260842693,0.4501418363228998,0.23516919794637473,0.18475595141059487,16,0,32,18,61,0.0064
1.9410486828208455,2.5028082746772498,13.398818634637372,0.1712472799647906,0.5622948307508961,0.7782194995313295,5000,36,12.883670511811362,58,0.6801967182504391,0.5835821288478976,0.6893053999385649,0.42370322309733494,54,13,81,18,66,0.0162
1.5202677968881337,15.081702147047954,4.1334406318043975,0.12269528095210541,0.339877203455652,0.5554352789086826,5000,24,10.154270177858606,44,0.6538582722507047,0.19340997961297526,0.04911625893731234,0.23266073629039552,34,21,188,31,125,0.0376
5.673603193187401,5.981714570940474,8.405147179006066,0.042465168135527795,0.557115085340698,0.406691325932575,5000,22,30.062843988563827,55,0.4683203099867695,0.7609951646161882,0.36598769395413583,0.14256889626404412,1730,44,4721,266,80,0.9442
1.2955076074056509,17.911158311928023,9.74946353461637,0.3976465665363221,0.20239094400765717,0.4542007074564491,5000,41,22.9609384435236,60,0.8656021507755506,0.1777805167351492,0.26313590384853924,0.36748434792731133,44,29,168,94,97,0.0336
4.856184820380178,6.219579572596501,3.9467535805092764,0.3225236977665269,0.2676314256946117,0.3608509990419222,5000,18,48.53269979477079,27,0.8491766382697316,0.8501122327544153,0.4436364299202287,0.18895777985912643,613,31,2885,1177,89,0.577
4.10138233062273,14.93853758350078,7.024663490053584,0.38421532215074383,0.459928070338118,0.6110314876034536,5000,22,18.714146914691252,33,0.649817136764706,0.19806019813314282,0.052187301067057774,0.31006251187827444,161,119,2216,1094,327,0.4432
1.6126099616707454,18.16255554118729,8.673100737440842,0.13298194576970898,0.4095798692763845,0.26641439227164,5000,46,20.449766456693705,58,0.13549274877854875,0.6649313818339324,0.8226821672541746,0.7469709237105094,121,77,414,71,108,0.0828
4.473690856241831,14.179133966186107,7.0855411661822645,0.20304987805979208,0.020800455079476737,0.8161493804550219,5000,6,41.87870472649631,43,0.2255356466245311,0.7582322764977252,0.42448320568847814,0.2815114832701337,10,23,40,8,46,0.008
5.773990049495238,13.910731615228405,10.252242968751812,0.38129285617508635,0.2873798442146978,0.5467023311592792,5000,35,42.17539920863687,7,0.3708753016935002,0.3627665711780133,0.8140827087554582,0.308884842596758,97,24,220,120,105,0.044
1.1299879735915797,20.710467385847508,6.026995810996446,0.3151259392665205,0.2320491272872297,0.42127897642318146,5000,9,38.05922740137814,7,0.2207628332335133,0.4819587486171212,0.718054455626812,0.7137039101886032,14,28,28,7,28,0.0056
1.4529583541898468,13.87771467570983,8.591504360532298,0.17194454669261205,0.37851409884572157,0.16959392946449264,5000,21,40.76381149406633,12,0.5377693034367256,0.6412662121493993,0.04021995193473514,0.7746636314590682,32,44,503,102,348,0.1006
4.576779899241461,11.638017136096753,5.5358039335316,0.3007259139625089,0.5531625154563742,0.4965926860778854,5000,6,11.703984913709053,36,0.43370003420746844,0.6674922688734173,0.38815985122225766,0.4247239187730388,117,156,2264,844,348,0.4528
3.1770140530765563,5.7065908870182245,3.401854037006698,0.3081107109639912,0.26667414597464895,0.39974290013824343,5000,30,29.456238109147762,18,0.4160112318982674,0.8699632830608569,0.8426974995521519,0.619280309461525,214,18,781,301,51,0.1562
5.208348595325349,3.854515716152273,4.453732249322443,0.38532180397397464,0.497089654311892,0.798314111323845,5000,15,35.929982102440746,16,0.4614578985367465,0.33279662377437386,0.592239121041044,0.6245848481493808,72,17,272,117,45,0.0544
5.090680398172667,12.74289374639753,8.043457557087784,0.3607128486241969,0.03273315754928629,0.6223819486314618,5000,27,32.54878807659772,9,0.17856817573964887,0.22472567581670833,0.288515538236917,0.765131588057932,291,95,3263,1502,248,0.6526
4.115008545278925,5.77658794270262,6.44566372298869,0.28387379658431466,0.18329553585276026,0.4205938983582945,5000,36,43.47442574759675,26,0.07213935581660953,0.7841648887695243,0.42799213975548606,0.5647674854858239,760,32,3631,1318,115,0.7262
3.3721486054511534,20.408205069831762,3.777409149846555,0.2277735997360174,0.07536120616980357,0.5050143115738231,5000,39,45.581501100205266,16,0.8515433840136546,0.9675674753005425,0.7369409683570628,0.5926355079637988,103,26,198,56,24,0.0396
2.3291080298532973,5.120010578574076,3.488106377789876,0.07764220304853148,0.24108389084198378,0.9105426775732098,5000,28,31.836815632622862,4,0.31272734923571277,0.1649240069075644,0.12167789851324126,0.5374195844965575,65,10,137,16,29,0.0274
1.0923126353253045,13.436560894140968,8.605827969350301,0.35910128466810853,0.3582528304906218,0.0373578746777912,5000,22,33.03453917081467,29,0.6425361272355289,0.5324647225375381,0.6760872375600867,0.6062330046011574,47,43,132,60,74,0.0264
3.343210424535479,3.775231989566538,13.441030566119833,0.0935403894305903,0.02501496072591092,0.7187601813248619,5000,13,22.946566456334292,43,0.9491096027585922,0.40873908825364386,0.8335764569857537,0.1308006169650217,33,41,99,10,65,0.0198
2.4237480497563997,20.288226115059118,5.244991443873686,0.18615068330195916,0.5434192791835187,0.50649950143845,5000,47,36.89758863665497,19,0.326428731536078,0.09976123627697076,0.7900453878018945,0.6659260874193623,120,27,258,65,57,0.0516
5.342478304912835,12.717431435414822,13.86799818835595,0.09533699345427747,0.46582266869275596,0.8709618856083402,5000,1,36.75323860681774,7,0.922466309001295,0.5269658657359662,0.07593531012449917,0.39627963080296175,1,0,2,0,0,0.0004
5.489029742483844,19.646958779339172,6.695841470224224,0.3066228948061718,0.5219144638593256,0.6861371976571746,5000,4,19.59714355993693,46,0.49588081519108573,0.9126942119805754,0.5465136881513403,0.9697341517394361,30,53,138,62,208,0.0276
4.541660178124554,2.9352705320769625,3.0994742415994483,0.38327973259249287,0.5853773138455293,0.5911512788062375,5000,32,47.88201889656094,0,0.6031511518268483,0.17840302231267505,0.5170146322188992,0.9740235605153329,71,13,643,321,71,0.1286
1.883723786587474,15.316866025839667,8.888258284962667,0.057636592875915486,0.09921100338561764,0.9086003386646928,5000,48,44.16349651053072,26,0.5997331961303966,0.6461479798107553,0.4349400697386352,0.5885637330153436,48,0,68,4,31,0.0136
5.884608776090314,17.222930349772746,11.133571765006495,0.2617727355759812,0.27550979240155593,0.37979572289456826,5000,43,19.327667780872,17,0.538755647270966,0.9020794893545115,0.6907092616056721,0.25771438683980247,200,30,1616,541,359,0.3232
2.4644466016110065,8.65979271400581,7.55556496710553,0.18215963230217805,0.3329003027935222,0.25744821303651777,5000,4,28.423295213039758,6,0.6840415736843999,0.2602849631428833,0.620777491516244,0.06485746397257428,6,14,19,6,38,0.0038
2.4121680427912953,3.7480204519998197,3.6062150153713377,0.30689472927097916,0.09290542912811804,0.8746277817552229,5000,34,26.322427241870813,5,0.27749076835354214,0.92336424236089,0.15375194342767987,0.7668658992311866,34,0,54,21,20,0.0108
1.1713089510510577,7.89718925206765,13.407479515195345,0.16632817125348076,0.3454239371599649,0.21443812268996246,5000,15,46.42667126961641,40,0.9957235997759638,0.10547520205571702,0.7508867167664008,0.5278621414339918,42,48,119,18,73,0.0238
3.5814589162275974,2.8635009272275926,4.106443764079465,0.24904511836974727,0.2861081452479589,0.8091843779098837,5000,3,47.192665234932704,32,0.12450539100538544,0.46795963770207827,0.684266087605973,0.9095420830498716,7,4,36,12,39,0.0072
0.9440961697535345,18.68641167216184,5.542336614707128,0.0038037850203905595,0.5412749747149705,0.1515671432816692,5000,32,12.173980756420143,34,0.2555286880645287,0.5494028310275072,0.18279204327810256,0.5517030571962025,47,47,319,1,163,0.0638
3.331342326883682,18.29692920873106,10.567910571594286,0.1870188409793878,0.43453109557298925,0.3896100055230738,5000,37,30.34215890878928,35,0.06265388866370998,0.06864829181635235,0.043438108359792595,0.531403531605831,579,104,4009,954,256,0.8018
3.450855613906284,6.169807981908781,3.6780451393007683,0.3198025279485989,0.14884512724211557,0.817239812906932,5000,17,41.633581536641046,59,0.9963087094250858,0.0006104846896569642,0.43634067529443676,0.6636988332305422,1214,38,4736,1948,67,0.9472
2.3371357176681835,17.870698294709435,9.640156528078752,0.18989238515424198,0.2667553084807546,0.6206398068747262,5000,44,23.042898557906618,44,0.28208116148210416,0.2571093646626461,0.07831304025428092,0.22885542427979874,71,28,504,124,303,0.1008
5.364061070483908,13.961065454817717,7.702373018023778,0.34743535701568057,0.48815529178301087,0.2362409416492496,5000,15,14.360861277021202,51,0.08530446799929531,0.06031819124596793,0.5298733209884601,0.3006476204286791,1217,58,4330,1888,160,0.866
1.1004576521375284,16.33566864438601,5.226464644577968,0.009290093552867463,0.3527360188705546,0.6428544552796879,5000,35,21.571090548586657,39,0.6760037247304633,0.24530494578765857,0.48982508344177084,0.3125632366874416,35,0,82,1,34,0.0164
1.3649581012591985,15.015346595946356,9.182753789874981,0.1727503156918297,0.12564549240263706,0.153115336530693,5000,21,15.569303053829458,49,0.3787639606254097,0.6890301131428282,0.8805838211892774,0.7385804952658835,35,46,137,32,95,0.0274
2.4697487057224228,9.728819616090641,7.127468188746103,0.3078432101705265,0.1516755599523966,0.5996945280385488,5000,32,38.98276887512194,1,0.7020814417436747,0.3110938330537042,0.19749661969777402,0.20716558106131447,39,18,130,57,87,0.026
5.649458184989604,2.82162955878002,4.972200146250824,0.3423568965814132,0.5093487624772897,0.028570023400600313,5000,2,27.70388364433787,59,0.8053913573262524,0.5042901528392788,0.41183696196091757,0.3065649391984604,2327,27,4915,2221,45,0.983
5.593482809172155,14.102195271713386,9.841685114153602,0.29129424682507044,0.1745584775440914,0.48309283276331005,5000,18,14.33291008386923,5,0.3329499034713179,0.5527754142195461,0.16906114506706973,0.0425037844747595,514,104,4007,1482,248,0.8014
1.933369991061456,19.574724032678013,13.949274409480315,0.25106090579227175,0.19035880707068842,0.5211448550148402,5000,26,39.08477430990935,29,0.5984218420550287,0.5173068418186973,0.15748315068005073,0.7158782605329489,27,34,133,49,158,0.0266
2.067202849273106,16.84798184341695,11.051787354972674,0.1836873251231872,0.28236584750651256,0.37278515534819795,5000,8,42.51316539729443,47,0.17068350872127244,0.8947257936397179,0.37593784594645796,0.1694482705238287,33,53,389,88,345,0.0778
4.126699268659333,7.062501628162358,10.358221912636353,0.06921425458678782,0.5177809665837462,0.35350450381231996,5000,19,43.53412710539084,16,0.016589549767125688,0.24869648771372022,0.31797845033810845,0.6856051978732396,804,76,4015,347,170,0.803
4.366808216750623,8.946000240552507,10.82968299944401,0.3665681960753276,0.3046790268009739,0.5332503711358891,5000,5,47.93703444322269,13,0.5424656215812445,0.040938060288520386,0.7384649483406133,0.3135248366470622,35,22,101,50,110,0.0202
2.7465279353753993,17.398972106018025,8.997152368572674,0.2287123805564918,0.10351438288995456,0.8720390406981773,5000,15,38.57950331040542,60,0.06484973568478193,0.9154177863531643,0.897842263325108,0.5204132058599537,15,0,25,7,33,0.005
1.308402059551855,9.108706578982423,10.299731914594645,0.0936657457484659,0.4901852992857508,0.20891466683059748,5000,30,27.55154987482238,37,0.0801851725419296,0.259057860673634,0.3854386922786947,0.15938837699252315,45,22,350,32,219,0.07
2.1220118046816223,3.384038192669223,7.277847332049397,0.3492535706144295,0.07153730244511332,0.280413047437428,5000,42,15.491226255047838,11,0.8275541895819707,0.8329013214462523,0.16638778339599183,0.3918182273734579,121,19,746,322,202,0.1492
4.167070062331964,3.544481180067799,3.49419608437843,0.08323209360015166,0.03441289773087595,0.6588150494745133,5000,43,25.68076669896736,59,0.27148114647120253,0.5117690543231673,0.30546410504154453,0.3943483469389446,486,33,3651,402,75,0.7302
2.1333130430151597,12.372159579003537,4.923458701108485,0.012606827276831567,0.2581425233183828,0.11990326634764652,5000,21,25.766386683139416,35,0.8554363318889211,0.10275221992676901,0.7341536352691773,0.3064454289362,169,48,520,8,76,0.104
4.958095187732278,5.685460079166857,13.551089157957055,0.30202732608957256,0.1614874695821554,0.9382337114111664,5000,23,19.231054705339034,25,0.4688054899907759,0.7887644047792631,0.8954414636992396,0.43966544540861413,32,13,38,15,44,0.0076
4.179411755689389,17.308354761585427,10.590717997379777,0.1517646191159819,0.2848232279101936,0.6092985690452237,5000,31,15.401652251528272,36,0.17761612135057564,0.2774537169515025,0.50710183791717,0.9441145741325352,166,53,992,190,320,0.1984
5.494355754073701,16.21153340344209,12.188434774574507,0.0770741611890687,0.3437197256288015,0.6643345107940454,5000,24,22.79650448077591,52,0.7103220891774374,0.07787965157138925,0.510858353493953,0.9566967370377027,299,70,1347,141,281,0.2694
4.207473444578626,10.93425811466804,13.601539100766363,0.18593357703224334,0.15443359637775253,0.20296777558814638,5000,27,36.17796894825983,19,0.8713553896576558,0.6958563851345093,0.4910540872130122,0.8660042272652512,118,30,1197,293,365,0.2394
2.3794167858089477,14.44997416436411,4.569692278366397,0.2620488272592679,0.06384559446175658,0.9090346136083032,5000,7,40.64431629926183,24,0.5280987348944365,0.006308077219888849,0.7934485037197007,0.3602270974240214,71,38,158,43,45,0.0316
2.561734748837903,15.245436109899556,13.619764258618405,0.3414056455397989,0.23495294590242682,0.2687509515841304,5000,11,35.03789557233901,19,0.3079267204976972,0.6407148496127224,0.8539564472478515,0.915081795983484,30,30,53,27,76,0.0106
1.1416198137076117,13.681438553665563,7.675202350947071,0.2597773753858999,0.18230257377821094,0.5864349479205944,5000,19,15.775216821535862,51,0.49391052663999446,0.46064780699702107,0.8350250340673809,0.630735071623352,19,0,48,22,53,0.0096
3.9312932680189308,16.563516753635454,6.111675762944095,0.003706796343771167,0.2902989581617758,0.3733599317461547,5000,34,32.87337601064786,21,0.046993421969881634,0.925960166325938,0.5324345427906982,0.6873801002388058,246,129,3015,15,297,0.603
1.2741302609786107,1.4204891841238798,7.003335334512439,0.3032131611886218,0.08694312199999116,0.7462795086236927,5000,19,15.123577877572213,22,0.4153551504982741,0.7197041502142105,0.7183718128565408,0.9175700889326504,25,7,38,13,29,0.0076
3.0538833333551345,10.245950913658161,8.009262211434443,0.1941285947578114,0.577420924424082,0.2683180562386474,5000,17,33.4201020610499,23,0.285204935069707,0.46109992055987203,0.18376022403733716,0.47226796523694986,537,81,3774,935,185,0.7548
3.406457490407935,11.839515765106732,13.704410048726633,0.20972855906930887,0.30155004732997087,0.23207896070163517,5000,24,35.15127741066944,8,0.7727403952904233,0.1895175760788266,0.1501893213388993,0.059904396931821424,267,145,2757,739,359,0.5514
1.0656077782794255,13.696197795112106,8.469690723174985,0.221487615061861,0.493925535427783,0.09794168757302806,5000,27,17.089873008196474,35,0.7630617105771096,0.13016348633819355,0.1892998231998109,0.23491128331548203,29,24,113,32,113,0.0226
4.989824355296425,18.6782524923294,13.112489321804908,0.2004901067815137,0.5953530543235337,0.6827865471392092,5000,9,40.4756926845566,13,0.797473146587294,0.39109517681574285,0.058236497814786126,0.15153700095637604,28,151,487,105,360,0.0974
5.106490100975479,17.08523896503101,4.982585896900688,0.1391097254232722,0.27769986197357793,0.9492378423202549,5000,46,18.463589489463445,38,0.5198310465054269,0.9841541499856375,0.7751561512033831,0.17437829508987532,46,0,71,10,29,0.0142
5.833627550789116,19.397618843303118,9.3928683775293,0.11424750928972571,0.5328915287309053,0.6288580238446717,5000,32,43.62633269501047,38,0.4030158527345099,0.56577894941254,0.2877515285707772,0.2602481169475619,286,106,3016,439,327,0.6032
4.215278163844194,12.695345398909481,13.307455434386675,0.22699531646022986,0.5862090673379737,0.007545561380998434,5000,9,35.22614809578004,10,0.8636710076789268,0.06075490398329126,0.2952493444882732,0.7397826344022015,435,162,3525,1023,357,0.705
3.123756731561955,7.112191536814335,5.339895330080482,0.028373145537949562,0.5033010548057992,0.6507075887557174,5000,25,39.45700123795114,58,0.09422224630498,0.919014460928983,0.21419476145359376,0.16314194430091747,196,61,2002,65,226,0.4004
4.7800704320451075,6.439655203564965,12.24204506001303,0.3958908569281129,0.2000092901754929,0.3555340182311352,5000,49,44.91145641881473,2,0.6625626448253191,0.02357640973155057,0.75654125302441,0.7655390032125451,104,13,368,184,159,0.0736
4.701512983006765,4.225509504478214,3.8744494205761937,0.08230853253221034,0.012747271584196442,0.11706128873488851,5000,49,43.018354934234964,31,0.5587870142608855,0.2905864792725283,0.36870607657319293,0.6695976530478998,1476,23,4825,515,43,0.965
5.74233382190648,12.556688917390549,7.146901374266944,0.2696152978442318,0.4623842756635692,0.29955391206597515,5000,28,32.85980506351427,50,0.3360409365981194,0.19037139245141046,0.8150842258714084,0.09774378625109888,1571,54,4228,1507,101,0.8456
5.6134663930327156,5.244274998961355,10.26811117831728,0.007281837550270599,0.07076790690422058,0.7162580166010798,5000,24,15.298222328182145,22,0.44345921016419315,0.25991693120663045,0.3430325315240448,0.6234879251711147,204,34,1388,18,346,0.2776
3.957468877532434,14.786507739538418,5.096865273715382,0.008439763621170215,0.2570652598204655,0.23968512352018664,5000,13,12.70724851783731,16,0.024176645410245973,0.8765837365944732,0.4556988132327307,0.9147056450775699,553,111,4198,48,204,0.8396
3.1066767331088503,10.660166504629771,6.5757238584364455,0.04280510531639141,0.3519035437381877,0.4255693974780027,5000,2,20.939768167793332,10,0.2969252574725383,0.43500893232615134,0.1238996622246561,0.3331799536482968,254,150,3236,179,306,0.6472
5.180870277324293,14.245649692682413,3.3696183257616084,0.3203098921901304,0.17969017793429662,0.02595178790813842,5000,6,13.974671898034059,17,0.2481469196642274,0.6223668459806868,0.6063524622082113,0.22479927067614658,535,105,4213,1696,168,0.8426
1.9161740696201601,16.175560880569048,3.1546999142286047,0.06501455061263357,0.10234302259262777,0.8620639981043249,5000,47,29.621907491551937,29,0.013024360232584973,0.6044940906476202,0.5425450210788119,0.6127807850909742,47,0,102,12,19,0.0204
0.9367562526327489,11.809713731220537,6.73865263305954,0.3994109984051513,0.05612728909332134,0.2968132445450647,5000,5,41.26576631100865,31,0.9903511574333882,0.4620005121642831,0.7713526091785861,0.01892241344369286,5,0,10,7,12,0.002
5.6454336667281035,18.845927618023815,7.575674547467913,0.2273021482399853,0.5816425924130414,0.37676188366130936,5000,46,20.30758921410502,32,0.9787394508740792,0.2957891412961301,0.18228401384437018,0.9765332027991456,722,51,3690,1092,198,0.738
5.590393534316566,3.237400178527111,5.974132023543195,0.24276097255544316,0.501466297732214,0.4309566250068302,5000,17,37.76573160938426,6,0.716319299181835,0.8555002170411973,0.7298164471060139,0.4486238576870572,77,10,192,66,59,0.0384
4.964183080907138,8.671318661948547,3.1055918587887774,0.24516016768386859,0.5963969434729045,0.10878043219956887,5000,46,16.75511355066861,57,0.27061439048178654,0.11359780500409432,0.31435253740291186,0.3621334302840718,1574,34,4939,1700,56,0.9878
2.544716852234884,11.891955596106882,9.311538249933314,0.030626888591786385,0.24590312885238014,0.4379206593178917,5000,11,25.84409810197854,13,0.796796919936544,0.13165132764904106,0.8203396973411771,0.03424265733626801,30,21,48,6,42,0.0096
4.164084830228877,7.258749168707343,5.427862365757372,0.2056538721799461,0.3892915297047152,0.5494731923447197,5000,35,21.051806217793438,19,0.5330331036133212,0.8491813440428019,0.1255069778582682,0.21493850629433717,214,62,2662,699,214,0.5324
3.7223184888818377,10.993943907696794,4.0077515612002745,0.09310203383997878,0.34937712890873845,0.110727143746878,5000,37,47.480648873222165,25,0.5350871343744651,0.9936152216225703,0.012201761430827322,0.3689479443191956,1155,44,4596,602,92,0.9192
3.6461678890534213,11.144020913753298,4.10388840217124,0.13668152129607536,0.48932968258343235,0.539280232229742,5000,38,33.277537679221254,20,0.14296477604513527,0.3010787648919562,0.34020601176051124,0.2939189063629421,323,62,2898,529,175,0.5796
1.773169440905442,18.281919751942915,13.483267095557414,0.22643138093652282,0.3036753720213822,0.30030907923443634,5000,13,40.378177745506434,33,0.669072419778278,0.7636310495865825,0.33842178153322466,0.38157937445108947,23,33,71,27,94,0.0142
4.303104702943279,14.4646665119277,13.971906886792615,0.3455132360336316,0.5703114158426922,0.657377950872051,5000,15,16.078124386006593,3,0.9259351302523515,0.2893418470661777,0.8611621748154131,0.19382245086172945,15,0,23,10,43,0.0046
1.1149672981728944,6.328191185667634,5.558207587148196,0.1977249958266769,0.05697853804882254,0.5724328789596117,5000,34,17.531057064162965,7,0.45116137499045983,0.2128000586954584,0.8678032665719807,0.28329811103348085,35,13,81,21,31,0.0162
5.35655462648238,6.592966686028885,6.143717211666178,0.2567191865364083,0.5475684550099993,0.2511361810223047,5000,10,23.371446432655418,48,0.8435645056872082,0.7617999075271459,0.09435225658611383,0.16846891346769743,1701,43,4828,1612,81,0.9656
2.507618563880741,11.793962250740964,8.620734832248534,0.24000573507051712,0.4956012853546633,0.3485829270744219,5000,10,35.11160413721179,42,0.43291734821718286,0.32994855444068655,0.5384304778170401,0.8405615913989847,70,50,437,133,221,0.0874
0.8650364671617339,15.286611937328114,3.6028177333687657,0.2158693641637402,0.26028477152178636,0.5999699144028703,5000,9,31.708182650186735,59,0.4016435988654793,0.039669573178560874,0.2905420731007594,0.3977296466198472,9,0,29,11,20,0.0058
3.643631605727606,19.057162737395483,6.103792652768755,0.3265145301743053,0.03304777157911783,0.2592454696728242,5000,21,28.882699314341483,46,0.4110138581088464,0.8489338599258264,0.22686428239292802,0.3337237656278973,436,98,3826,1628,272,0.7652
3.219204632828432,19.944665793664342,13.56999665797141,0.3526448905273416,0.38297892682032797,0.5887025282921107,5000,20,10.362646220761679,9,0.5452313904692164,0.5063969672944316,0.6117635827911595,0.8245004481233572,28,34,82,34,134,0.0164
5.284240503711246,15.197635372626715,9.27692835317168,0.12342189739063986,0.40584140510017236,0.7183364041823955,5000,39,36.24873007238054,17,0.32915792351246087,0.699666160183149,0.17768915020991,0.6888868367920004,125,131,2022,307,357,0.4044
3.9453762627140128,4.766281955630044,10.836797382654318,0.37916103713928545,0.193254709651576,0.24260015450530845,5000,10,44.21660409054834,58,0.42692290698620483,0.24733426425988564,0.6712667071044777,0.9611087794215327,1767,51,4482,2173,89,0.8964
2.4213293501660296,20.312421770804868,9.29356482484513,0.18033266763082414,0.005625165766004606,0.19239145088637977,5000,13,44.5579318715981,16,0.37048509640228217,0.9806912400132514,0.18680816008217332,0.225474132589872,195,235,2958,588,348,0.5916
2.9487467684169513,13.849380422826364,9.727469520725304,0.22364521153431494,0.02455522541759921,0.24874417268857693,5000,19,18.950156718984022,17,0.6468616331125535,0.8276448522537359,0.721712699773489,0.6544748257193345,57,25,117,34,86,0.0234
4.045299949885198,7.198394816217046,5.057254195453742,0.294664015954652,0.296894357570298,0.7176061248690832,5000,41,24.61618414748061,59,0.6849042388470774,0.8044901497219891,0.6779352567017818,0.8776279400194716,238,60,1450,542,111,0.29
1.2632860979380878,14.057141746994505,12.427931779684435,0.10925481589445903,0.5310880763373004,0.7521784751779306,5000,4,49.81744157559549,34,0.39567214225487624,0.7728152187594258,0.28377114153591076,0.7582875576715642,4,0,8,1,24,0.0016
1.9507129202452098,10.36828406942675,7.77273857506731,0.10496714267298508,0.3138830456970208,0.7376535324121966,5000,24,21.699136170428787,26,0.5117981875433341,0.841380278721601,0.8189156907423089,0.012272846211715219,24,0,63,11,40,0.0126
1.5088683634296136,8.028053733576645,6.292963043776812,0.13077159001247027,0.19782101764808868,0.7217918074688523,5000,46,29.168535353952358,31,0.9568261335919277,0.6642203017233596,0.16726564768538366,0.012853427093162622,46,0,102,10,46,0.0204
1.0173579571037825,11.026473580964495,5.471217472240863,0.2189153724183135,0.5951849892102561,0.8545248819773739,5000,3,42.19180277435774,31,0.7753296150916641,0.5675646294510468,0.5667247275430398,0.6151353579835407,3,0,3,0,7,0.0006
3.2722089674092167,2.577613549331239,6.160271657187527,0.0010777498622695882,0.4907467353425497,0.4936287988170104,5000,27,23.184987485002075,12,0.14945516260877748,0.6106632431052752,0.031590655572492625,0.8100015213505827,796,42,3800,8,120,0.76
2.0809185894916133,4.939641290236306,12.694528304945413,0.22288297199188697,0.1963377380047681,0.679710143784742,5000,31,40.55121352279545,23,0.618964303632961,0.9120852053874712,0.2927087401808966,0.3780586302882942,50,13,81,28,40,0.0162
1.7870733931861063,15.561839956392827,12.533937081277308,0.34096869750360137,0.23663967552464554,0.6331890754958819,5000,47,26.13913180911294,19,0.7892085959253028,0.9461544156756857,0.7789497359240812,0.8329053257315081,47,0,94,36,60,0.0188
0.8415844914763955,8.64791044398063,3.1889908328732157,0.3589389101711218,0.21024167043775857,0.6537127913517515,5000,20,26.82724467436501,45,0.5763811795844395,0.7509704954288037,0.23190141539240589,0.7191020505055191,20,0,38,20,17,0.0076
4.992453982830534,19.981912232379685,7.761012793765459,0.021056968461106277,0.5569419200377713,0.43589446318337893,5000,23,36.23754688184515,4,0.7231533133873989,0.07664178958404215,0.47334584643602623,0.3306283025772945,109,50,1089,22,348,0.2178
4.533317490936964,19.18202592807218,8.232365950559103,0.02895224670830661,0.48432913605811323,0.7282131410319778,5000,41,41.545757283129234,41,0.03218782859468835,0.1466853807596596,0.5034075751951949,0.5599888219719479,189,53,954,38,223,0.1908
3.8253984115817232,3.2513967193942275,12.913630531859882,0.0785453801697043,0.2585307128240881,0.34982662084308735,5000,18,38.13914840000931,2,0.5522594820303798,0.9646131600948084,0.1427984498469596,0.8591785652668411,579,88,3232,329,231,0.6464
3.1639234984624194,4.657882942959587,7.33096616256402,0.33811619945410665,0.24755600383214715,0.17576571196294813,5000,33,29.188710568529665,1,0.6174449034520253,0.05171030481937023,0.6660480004314677,0.0046752341463095265,59,8,291,115,97,0.0582
2.1426484525302056,10.814923917746222,10.243021970876061,0.2779745976612022,0.04327410829225009,0.5950606329073319,5000,39,32.75811328914012,40,0.6662782800145621,0.24759807497875172,0.09404342180788562,0.8431247056110528,58,22,315,114,173,0.063
4.709330688701952,12.970305417280214,8.537116640363344,0.19871876458657745,0.1942004043621283,0.5687147412256524,5000,34,36.783373278522426,56,0.8171387043084735,0.9902432834329723,0.37811401130419375,0.6380092890173474,391,58,2120,534,211,0.424
2.1883897111570367,2.772358244620215,13.013120714809833,0.19706323535768028,0.49193517770486955,0.47204132648107117,5000,43,34.08478873536428,29,0.7684780070756018,0.7477808658803792,0.8809819374683503,0.09946911064385759,177,32,335,77,60,0.067
2.0708752308896203,8.933650482495711,6.061763625933886,0.1640289687879083,0.36788593640646666,0.8895648923967764,5000,2,34.398828695440976,37,0.8237179285660913,0.6752125899795175,0.16600944123625247,0.31513976903231744,3,12,8,2,20,0.0016
3.5613347962196213,8.69278373290886,10.713213189466524,0.32614432324605197,0.10129396013668719,0.5305609887372296,5000,11,11.288223941551403,43,0.7784384389443673,0.46982736637336303,0.14015189851212304,0.5687373379837243,120,53,1145,471,358,0.229
1.439243057891522,3.3016909287027922,13.698286398351662,0.36822833378146624,0.26620838196704943,0.6722376438879772,5000,21,45.65004747064161,37,0.5458042276469859,0.7681589443354305,0.07976684709455813,0.037444273626962524,29,13,43,23,44,0.0086
0.9660974865019548,6.096645524260165,6.872094021482272,0.37377196600151336,0.05728688078899338,0.06307889784638816,5000,9,40.96115518070086,15,0.6049619018402932,0.4516222500474958,0.41965433830569854,0.4484259308757566,12,13,36,17,34,0.0072
5.709274507371366,10.74882406738565,4.03698050812218,0.05955415727466279,0.48874396499957884,0.06771422309411164,5000,41,21.746523719835594,54,0.8577593383765447,0.3780827617269659,0.04313703597975658,0.15760859002085742,1590,42,4935,404,58,0.987
1.0756029511962253,6.347325812537287,4.775494089254053,0.2868704134839005,0.07736810912280802,0.4009989650374469,5000,3,23.248567500155062,29,0.6914034436657255,0.33515208561301796,0.09512591842570291,0.42842935044822955,5,22,16,5,23,0.0032
2.333505655387104,19.112656256465996,8.89050637731663,0.35014728967330555,0.14466208388758844,0.1006731971091855,5000,12,35.82151380993501,44,0.1728252836154058,0.08014029943102843,0.05329366464926632,0.9387475342584555,476,153,3846,1697,337,0.7692
1.044887337683606,16.532202292555116,11.935071086376778,0.0014662050313813595,0.1927234271095166,0.430664539986252,5000,33,39.488932910963975,17,0.36661815609629905,0.1860777100492685,0.30165308527514784,0.6963691623307856,33,0,87,0,89,0.0174
1.6021328298069424,12.090642213329513,9.911131069295035,0.2007421004479482,0.01656220492895344,0.005244319583047759,5000,14,18.987764306391316,14,0.9946959659937609,0.8746126249431717,0.5681584633763603,0.0757441710440336,27,23,57,14,63,0.0114
1.324886867931278,10.024872915035363,5.16779761995236,0.21838302666310164,0.20852774395597853,0.021309245934886315,5000,14,41.50845208783399,53,0.8126599990231583,0.7577025843178664,0.4236120967597395,0.28481850670921394,87,62,532,161,131,0.1064
3.0698803751360932,20.9305439526215,11.25396169583466,0.20358871487489283,0.048834767073883005,0.7196006519967864,5000,8,28.53286931109749,9,0.8432491776023895,0.936469804413357,0.6507561634178034,0.047889020492931436,9,30,24,4,46,0.0048
4.526522805133571,4.809658168309248,5.001875831699161,0.20273162615686138,0.21343618631688535,0.14211035079522863,5000,30,18.138991722052992,37,0.6811982627208852,0.9252438350087516,0.25899342214735427,0.3810654447256994,1843,28,4825,1267,55,0.965
5.217913544425851,1.185473368253429,12.893294984394641,0.21779401165221507,0.5506953669442066,0.18820547388368078,5000,19,20.564271845179213,43,0.4180478906730622,0.031438391284879755,0.709955253682836,0.41334062717654685,3413,29,4864,1403,59,0.9728
4.551806113219939,6.776407890990861,9.73890831674872,0.1051311440372261,0.43876228511855575,0.6399953025936352,5000,18,19.955489908789048,34,0.49802815234949643,0.6431990701130398,0.06909625826362546,0.2682861783567722,232,91,2114,290,300,0.4228
2.1470333218200492,5.237645772824762,12.85478268495129,0.31445787465707137,0.19759327931559886,0.8286021186123895,5000,3,28.581442450034686,60,0.5025899861158416,0.07347890898604664,0.053990603212117516,0.7954644462716025,8,26,19,8,53,0.0038
5.20090505053864,17.88674988575732,13.995319312438834,0.22383155171101002,0.39844956308948165,0.4657455625617291,5000,23,24.491271867921597,48,0.6464575430238205,0.7625992447521014,0.7854389487863565,0.0922272874882933,215,57,668,175,192,0.1336
2.4548249317652884,12.358387333294445,10.183941715992122,0.06206479759858607,0.3712660782932733,0.2900565446018146,5000,32,40.48274372296639,36,0.4711174839821219,0.8855687250880127,0.25049186516277,0.7797969428687559,188,106,2103,140,279,0.4206
2.206820098619989,16.408920065073133,4.240538153847275,0.37147123264548587,0.15895808620592555,0.6463154812206363,5000,44,41.46106242354537,52,0.7648994818200715,0.013508086165485819,0.6087182560381847,0.0623979118168579,426,62,1577,725,93,0.3154
2.144672007285595,15.522238046811024,12.881347415196421,0.33531264960014595,0.4358023063592927,0.9025796038537773,5000,16,39.14967921993817,43,0.3964786364223689,0.5415537243286727,0.29683760472561466,0.4267368053019954,16,0,22,12,33,0.0044
4.257137258616067,6.638215971158766,12.36367273944503,0.2859068380380825,0.03247768473297773,0.911622121907804,5000,10,42.03840598955719,34,0.29191087825027023,0.722974138677447,0.8132755262158284,0.816334707784292,12,10,17,11,28,0.0034
5.346056198292871,18.39508751778916,4.807112850539399,0.19881431534822716,0.5149389014125448,0.2502593730314553,5000,38,26.650379754204504,50,0.4116986369779827,0.04374792819867369,0.20076939300659274,0.10767531153377886,1552,67,4603,1250,92,0.9206
5.810438237074606,15.923401154565914,6.2459901953735795,0.13528775812540736,0.4006569470040449,0.2646681733595564,5000,3,13.089116806823466,39,0.39873632024455236,0.4271443692591962,0.47281604834498553,0.6160907478424285,513,101,4076,702,229,0.8152
4.260436272248497,17.8334927821981,4.39234051290369,0.2645660371678349,0.32485204705232823,0.5490998393858462,5000,21,27.513364782563457,29,0.2000471250414971,0.5891687582223188,0.8506667705659916,0.8045602462853086,132,44,352,110,63,0.0704
2.680686323912062,1.0385456784180969,10.522946919201221,0.34453528713382553,0.11405011836373058,0.8018529462849648,5000,46,13.4043564439467,46,0.40219507534873544,0.7812048544288859,0.512870621418303,0.4215039500007339,72,11,108,49,61,0.0216
4.455560984830512,17.136682594295863,4.695223118777494,0.15293541895863405,0.06027662811204846,0.8974405130020134,5000,36,17.394490246379974,10,0.9570269663581914,0.7706527255648108,0.6264297767648986,0.4070323003000519,36,0,72,12,16,0.0144
1.33492079974357,5.279200188538702,8.874495511598989,0.04807358809992808,0.44601324953575244,0.8624233963507749,5000,34,42.36775798469399,16,0.8923832960489413,0.009934150815139533,0.1071551060721122,0.5187670815895792,50,9,177,11,56,0.0354
5.683446235395548,9.56289070400335,9.499946920102968,0.2568838259568091,0.5291597905990744,0.7836299330026142,5000,19,47.2538144578979,34,0.864883765018302,0.07507962693403783,0.04514311168245295,0.40461549637922556,325,44,1388,452,180,0.2776
1.257936701778775,7.034447542803411,3.4440822485002927,0.06850689471188003,0.1868926159345886,0.9127384274078261,5000,15,34.779038507358095,15,0.9071790528944866,0.41747255970008845,0.5105742064964177,0.029344681148150278,16,12,33,4,12,0.0066
4.330774606609522,10.279256104245913,13.64895130581954,0.3840525138871926,0.4190198239642849,0.3321598943247673,5000,10,17.12541527964097,45,0.5047036145354996,0.7545011497578031,0.5800768669467194,0.6444595211364823,229,60,1563,712,347,0.3126
2.979855495339681,20.245239028357624,5.837717108453714,0.13325912092211747,0.395548285753299,0.4538024874722154,5000,43,46.97613821922069,7,0.4645367705816055,0.8898220073511796,0.45225721960507165,0.7958904718421295,101,27,529,82,159,0.1058
4.005311126015904,3.0327158213780554,10.28058434633498,0.11800913896457087,0.47218584876889774,0.6970301865510609,5000,8,13.385177207182657,35,0.34938559637788846,0.8691919285746651,0.7059914191932547,0.5549272401713199,63,39,148,18,75,0.0296
4.9372757530808355,14.493045721098325,6.482737400247756,0.2528253938338729,0.45654395959032906,0.3407103011781124,5000,6,11.495139460984966,18,0.311840077909452,0.3669508513770083,0.8937628667149007,0.37762390360262466,27,22,76,26,76,0.0152
5.908971902975525,20.505994097211637,12.956001465334385,0.023608284379247668,0.4997264547848875,0.7723728207408758,5000,46,43.419009385160045,26,0.038951981668339596,0.12572433350058368,0.5836529919196094,0.8960846676958313,190,34,645,29,211,0.129
3.249288107664361,8.96069618388039,5.041074095316066,0.2132373381067851,0.45221560640221625,0.8993207809069778,5000,42,25.507056078078932,7,0.14123401840795766,0.7556045065302037,0.42114909597859773,0.8904610130776803,42,0,86,21,32,0.0172
3.3275924325043773,7.79910691708902,8.394653995293563,0.12809664885582472,0.1660303739328692,0.8793266896762792,5000,19,39.77851056884556,21,0.6796561603904447,0.5420053717658477,0.5306409948019526,0.325550123735099,24,9,37,7,34,0.0074
3.35494696059113,19.78478139353356,10.672199622781879,0.1372399664828192,0.11202205889189858,0.9292435618292344,5000,43,11.18366309475182,60,0.18445592106526992,0.17583035175956696,0.1859955338420811,0.4009803394196407,76,31,150,29,84,0.03
4.781118066882118,15.474010464588464,4.397932518862236,0.2655316977343905,0.5243028514363484,0.9147939640984399,5000,46,41.79417769363777,29,0.44779291813115907,0.7642686682418349,0.5139256598113784,0.9875419195241645,46,0,111,32,26,0.0222
1.5381601396146665,16.138272695048748,4.289476085325262,0.038944048867621706,0.3670994789697399,0.20092613812373206,5000,44,24.838266725428483,59,0.9025230343986024,0.02990187343111871,0.08208989583870394,0.18977399253249677,274,62,1667,89,206,0.3334
3.077155275289509,8.472297874890872,13.005261074779348,0.08102727926532294,0.082349433664534,0.4791396252131478,5000,4,12.37139960767682,46,0.08766094588531484,0.5077485946998465,0.5733670824164762,0.5737092423421185,56,56,263,28,218,0.0526
0.8158102838778444,11.181344732344478,8.240245659213569,0.12895221598142353,0.17802699624206222,0.3141013324585686,5000,25,17.581521746112223,48,0.3443177608600629,0.4660920515476718,0.391894023935737,0.912001943895983,25,0,88,14,94,0.0176
1.338358855679158,12.181176015701741,12.715802063308253,0.3982231145329108,0.3067657696677575,0.1604821038204037,5000,17,30.36836822138754,4,0.43937316431643614,0.25620282444274967,0.13081688212018494,0.8629110508552534,17,0,48,25,77,0.0096
2.265617848887827,14.539107940847533,13.52332985307284,0.29725683621386007,0.038023503994987544,0.4223646103533467,5000,16,11.54178456044092,52,0.9867770683980349,0.027471732396998832,0.28485939728072485,0.9170977675159164,136,67,550,230,169,0.11
4.480952721901507,9.802000187648867,10.573182656486118,0.2942028317124082,0.25736310510336247,0.2897009615657763,5000,18,28.278615159564694,48,0.9043897372667496,0.06737786205591528,0.034483127014020606,0.7892005981927344,1243,58,4211,1569,149,0.8422
3.0684344741194733,14.220166092177992,3.2865623056307642,0.00591941644927714,0.5098091141100812,0.018638152344767595,5000,24,14.227600342091787,9,0.9886541960533118,0.9224843085197464,0.06842447546860077,0.033999519224710256,393,89,3615,29,200,0.723
5.508351216669356,18.17781567172769,6.637396692461483,0.18929961149908436,0.40349430013903065,0.552278063163599,5000,31,42.72621890072698,2,0.6350783615427674,0.9119274672227415,0.6433485162377824,0.4764352109263615,46,26,201,52,121,0.0402
2.1289735906125413,15.201121047236434,8.105291392035674,0.06366352130507023,0.33884197060553367,0.8564684454906213,5000,50,49.663149293426656,44,0.5441816480373203,0.20815920765878498,0.7819106951610482,0.5954255739220491,78,25,158,13,46,0.0316
2.9406168393841154,20.734934213160532,7.348020960852653,0.3326271827355538,0.36213014906494184,0.2644731728243301,5000,29,28.016445564442584,30,0.8697686107038192,0.25115027568419945,0.8010400315113172,0.7922741306826737,136,51,324,148,76,0.0648
5.8077011826916065,12.797541830195845,8.720822409430944,0.17147682808336268,0.2992939371938665,0.7015297407802911,5000,43,28.66230994971385,41,0.7778902485350904,0.8677961920370529,0.7731069173494436,0.5366511380205373,212,54,745,146,115,0.149
3.8188734713598977,4.81996244264732,11.711773453788684,0.2210855542210787,0.4799092139594312,0.4237876195316645,5000,37,19.21175542029936,48,0.763595916128599,0.7367213235100741,0.21282232473198143,0.7088175437962814,1344,53,3495,983,136,0.699
2.119673430833032,20.81698586091526,4.905406874864625,0.1480590586649678,0.01990813729456988,0.18461724273400737,5000,45,36.96853106090296,5,0.5384067247231452,0.26702457221715153,0.25958666906758016,0.15833697892640206,107,26,1302,222,286,0.2604
5.252121224057793,14.482695667682368,4.071812848979217,0.12621606416264874,0.5430094425778558,0.7429710172833633,5000,27,46.769109258470436,2,0.8671505430464252,0.9975562469476146,0.8375848312088734,0.18599246294299382,27,0,47,8,12,0.0094
3.115980003227185,1.6837262940368034,3.2098861459314096,0.02905579433936974,0.11022656336560151,0.36474500176633157,5000,10,31.013116351409806,53,0.8087349871070838,0.6351070645734337,0.4140628779039241,0.17499929834222927,1215,24,4411,184,52,0.8822
2.0207959519336214,7.043157339434927,4.785548577735508,0.12064182927228406,0.3884978514675014,0.06927169078624637,5000,45,41.53877754004206,49,0.7740387961218006,0.5985828545230866,0.5018849681611174,0.9945431664355722,567,57,3043,465,89,0.6086
2.014920807243416,18.303020277693825,7.2569809736975115,0.38356194542692085,0.1275975622152938,0.007701287497951103,5000,33,30.444400202828277,17,0.23832180401453765,0.6991012031306797,0.726509943631657,0.7033799771087914,91,27,319,156,164,0.0638
4.751136808205012,6.846554268501009,6.396404780114475,0.08660288988942066,0.4549885922950613,0.9303968283445545,5000,3,43.843788548791615,27,0.11512342887903042,0.4985519885473432,0.6321027546841667,0.6565248640369286,3,0,7,1,14,0.0014
2.3680709431467317,8.900259383204213,9.990713052119638,0.22893662191038608,0.546618528405387,0.9318495521000097,5000,16,27.828032474366157,3,0.1645865291855186,0.24096284078559851,0.8613356380637517,0.12195122754355746,20,10,29,12,22,0.0058
3.413183675492302,16.189285081011278,7.3409689845012,0.3093704216867097,0.33866285162301973,0.24920965722667968,5000,32,44.89936566871505,10,0.5434581434823358,0.12653511218977123,0.20702459284434196,0.2693845128881373,376,111,3377,1255,279,0.6754
1.0973010658353908,10.619236206437446,12.276007518126962,0.330677710795726,0.1440600333872272,0.44892748187477205,5000,4,20.68928736483734,58,0.054871167137691926,0.09139015149935169,0.6781616213116836,0.5616515202014009,5,68,16,6,56,0.0032
4.109380666325758,12.947967238694934,12.54471937671691,0.28164339758942564,0.3981140256757956,0.6267349817169919,5000,39,36.91496375540223,41,0.674049985559633,0.008220437732730547,0.1811278991176052,0.45390343993950294,835,56,3631,1362,186,0.7262
1.469615056040585,3.1328258796912305,12.117779946684927,0.39053028654912647,0.23329883429921217,0.7951225618646915,5000,11,17.91559028443804,57,0.8975060400981196,0.9519765670860718,0.44063582812623353,0.8403554110906356,13,13,14,9,27,0.0028
1.3004656417494012,9.162866196880326,10.063684256711767,0.027669327293371928,0.19222722656939992,0.19520797267180545,5000,24,19.87231720809096,18,0.8706540438229312,0.7838307815126053,0.08580605129494838,0.3357893145766986,38,22,126,2,90,0.0252
4.13159563683191,9.684454747270106,7.362762971413504,0.016041318815254692,0.48200391754974364,0.7883697671367843,5000,33,12.915798861248618,1,0.7747255349168553,0.6243945880656844,0.45288509331501936,0.23317932343327713,33,0,72,1,62,0.0144
2.227104350699176,18.46174822810483,12.171418165260723,0.16892766965051156,0.18373256100967683,0.44739519063835503,5000,30,31.317860551994873,16,0.5820523059632841,0.6797060404940292,0.5702668021303915,0.8094253229031242,39,32,120,21,163,0.024
2.5444504514833,4.955386213290712,3.801295736670323,0.1873831923979285,0.08574778250786799,0.630994228477472,5000,8,42.701150663268606,45,0.06581655680250774,0.791295856310739,0.04761229059744454,0.7816452844689776,39,116,1048,265,241,0.2096
3.517124647858144,2.226715677778725,13.257061276434223,0.2537404830548925,0.42596098010843847,0.28364712573461476,5000,43,24.3879764878076,38,0.050481074695591314,0.4537392308492848,0.5567585181809452,0.9250785241477822,2089,40,3909,1225,98,0.7818
3.555219968134444,12.579268374929441,12.579552607582912,0.008903538107907418,0.5985310356979299,0.519256487970819,5000,47,41.329046930266145,55,0.8663082435811679,0.6417101188628875,0.14313081106546907,0.38494650633778166,347,68,1713,12,270,0.3426
3.836958411661243,10.254630209479448,12.247019008760098,0.06592977139014027,0.5888853883464715,0.5893786321088762,5000,20,14.390288832794724,37,0.9681920843895857,0.8862288539035147,0.09634593739804932,0.4180880391718399,93,48,724,75,324,0.1448
4.768030423565599,6.65365472609767,11.547173795343674,0.29240153280591824,0.24359941652364983,0.24153715883257737,5000,15,37.66153025013004,15,0.8135839871199073,0.02330277077298965,0.4040686407433805,0.44077992503976693,451,66,2960,1088,212,0.592
2.878266025040702,7.463749195646116,9.613729865233509,0.2117663736334698,0.007503028385249746,0.27755416474913264,5000,26,22.696779912503118,15,0.9653865308955806,0.7147414162107726,0.12642259813132412,0.34618564596698,106,24,1191,326,253,0.2382
0.8008507936360884,16.111108262054962,7.671129225058801,0.06123301486635252,0.00830311544918954,0.3847798887158575,5000,12,28.33957327775088,40,0.5490984513697275,0.8080752233454979,0.12771277596655964,0.08954835969844596,12,0,28,4,40,0.0056
5.291146694068195,16.099305549583157,10.034806340305408,0.32473029597293557,0.30354388361348433,0.5508144324717129,5000,33,28.968547594797165,21,0.24771250667423395,0.8415613523006167,0.22489404200785476,0.5057810730225482,427,120,3726,1514,302,0.7452
1.8542340796991548,14.258869436673951,4.151154915948607,0.11906625338045976,0.25521005001452896,0.3289497470540195,5000,16,26.466309896396815,9,0.8562988508205789,0.7257469950845729,0.09273399230658093,0.4666720648489819,31,21,270,34,150,0.054
4.313099851098997,15.543382155462893,8.444624879380683,0.38576636414496024,0.1385833142200631,0.7180967795264573,5000,41,35.26397398663043,24,0.6658853209013621,0.9664416012756617,0.5654578671301852,0.30575507211299774,62,25,224,109,132,0.0448
3.3069593883724586,16.246004475819948,3.8148738601174803,0.140408016305139,0.3889858373750847,0.49402424229645797,5000,18,41.96481540031803,47,0.792363287531775,0.9164801684229175,0.44671964025009797,0.44294408647226513,182,61,870,130,103,0.174
5.6006731685730955,7.689825679527602,10.058148369681394,0.24088755280541704,0.08206079757561602,0.6550381622031706,5000,25,48.379778644191816,12,0.20419033854179694,0.6291336399307641,0.2507963488701885,0.25143993370897,382,103,3169,954,235,0.6338
0.9697208122584574,11.051671666915833,9.998023203752343,0.11444659833436521,0.3838776279358698,0.4587641856592272,5000,3,28.61800105968649,46,0.3591116243479943,0.5054898839957577,0.3185238231457016,0.9341770791366436,3,0,10,3,24,0.002
3.2738494854146474,20.982824161395474,7.062795249056623,0.36143754503508724,0.29438689997065937,0.1636181726315166,5000,31,12.352976657366456,39,0.0516928483352318,0.8840892344444969,0.026436950371015858,0.6310379501986965,1043,104,4632,2149,195,0.9264
1.7578561200728289,3.0418563738056017,4.266945284848941,0.10634525247047893,0.4389213449813675,0.7894887722292229,5000,1,31.604828787735073,34,0.9327091842838906,0.7882474374494628,0.03761857692221218,0.7082240277340848,1,0,1,0,0,0.0002
1.05920177264557,9.817822932024491,8.155760310261796,0.282791261130031,0.47144744670779076,0.904477108724796,5000,33,20.523298385559556,19,0.7484519682413505,0.10696369915823913,0.17998636418034075,0.8707090644435455,33,0,71,23,38,0.0142
1.7999461280003803,9.823264600483295,11.529492282531578,0.0510601288285818,0.23267275760260392,0.3947490871056679,5000,24,26.668302119552422,58,0.8537927544475757,0.9429450606191514,0.07523864725933639,0.07417607885748675,77,69,435,25,202,0.087
4.808666937262657,7.54961114590705,3.043417811362137,0.25079705002021097,0.5223104028100032,0.8456958167708728,5000,38,33.292551297375404,1,0.9737674900444496,0.8400346560396517,0.43215629939997985,0.6398930001446859,49,12,117,34,33,0.0234
3.5849024803920573,4.042606638910698,3.356358283641752,0.3608775116499746,0.36074213629381874,0.8648937671367926,5000,46,22.842208817836315,8,0.6805592311774167,0.6920114153452276,0.5895010589448593,0.30462079432610856,55,9,132,77,22,0.0264
2.326247075881019,8.458602129883872,7.194026208866684,0.17257452032211107,0.21406691115388787,0.5880263838315422,5000,39,24.969930145819852,48,0.19411017634442598,0.38090065260176104,0.36174095258043953,0.2304365333882529,79,44,609,134,172,0.1218
2.2594890064146647,12.28821459918399,9.581964539804428,0.2940632986035051,0.07335383667400174,0.8472715232466957,5000,23,48.49700418730577,20,0.64159325358482,0.41505826122440415,0.722272860685073,0.9693142235682655,23,0,44,16,30,0.0088
5.182904775060423,11.98963986392183,4.091079544948076,0.14693368884929622,0.5675868521164881,0.792519978448149,5000,19,21.376821124686597,34,0.6670452299921098,0.517727062523967,0.8949930334144189,0.864426378947326,77,46,265,53,56,0.053
4.986161577746548,3.4892437718278564,12.74260375532573,0.29299402014973275,0.2461854966598963,0.6070773672415551,5000,47,35.69110869311862,34,0.4009641443477271,0.44421312834711324,0.6124707196529149,0.21106642097525358,1008,38,2235,838,104,0.447
1.5757088079625554,11.420214359314295,13.271625376309357,0.3754084453775283,0.01904276417783477,0.45264485985716707,5000,34,20.080663736977154,15,0.18650728484086418,0.01830553812345234,0.42652726086997034,0.43387273442626206,76,26,385,183,201,0.077
4.426376787501773,5.494175368459143,7.0361232743656945,0.07132832200621769,0.42330884952011133,0.21939512159415586,5000,7,13.635470637567629,50,0.6919610838866617,0.5286226407186619,0.621067780754891,0.7256207746219383,1748,47,4676,445,86,0.9352
1.9379455341964973,4.444589068684021,7.354274880707004,0.15340412209119758,0.07517185487255561,0.5016862695805158,5000,1,26.221058813208042,39,0.8411546772742301,0.5227589964748196,0.12299422134031224,0.06058212062421751,2,7,4,1,2,0.0008
4.7958535730699605,3.5932519562773066,11.301959118894056,0.14967327023020602,0.05302189447037161,0.8493404681262614,5000,29,21.86852166021456,43,0.872397002602443,0.21892206470297276,0.29356713654001854,0.7553999809604295,98,31,378,75,81,0.0756
2.6664143099947992,1.964327207097376,9.506686517378618,0.31122449749956016,0.07424859532467748,0.791011054361386,5000,31,37.415398142087895,1,0.7655642495573017,0.7805262966445002,0.7191579124409622,0.026390044493324334,32,3,33,14,12,0.0066
1.8948146076903172,5.017917199675589,10.196109696631332,0.2542426383576608,0.18531600096669673,0.42811290958621606,5000,40,17.806915991873602,50,0.32079818069385985,0.6736879023549427,0.8250162176976753,0.2674162076368988,142,56,486,140,89,0.0972
2.018499949612743,6.499171321879816,13.52833672561263,0.03568533245038192,0.17778588685113753,0.6721103492699443,5000,21,35.54916193230791,50,0.25958607831763036,0.06399322842838363,0.11568491298888602,0.16551314315467688,60,49,292,20,145,0.0584
5.430211478487285,19.281293446421795,9.948618913182965,0.3550179241346747,0.223875868854534,0.18350933090818378,5000,20,34.834368929101366,47,0.9927553487343468,0.9814205204658432,0.12229685288882675,0.42249197444148967,653,105,4082,1829,238,0.8164
3.2365029800356897,7.6995351693245455,9.984486158948698,0.10646037988279407,0.25924047372193554,0.3326439886018111,5000,22,24.592525653760553,11,0.9331134462868613,0.30932012159208483,0.7092350838510183,0.8992714307854102,77,19,150,28,70,0.03
3.364451124530266,20.26598849345772,13.061845008166308,0.37998277956998605,0.5479738023153726,0.7890876476926556,5000,31,45.67318206791266,8,0.8149156141372466,0.030358502012400514,0.1014773242394639,0.5758684215688488,86,34,261,123,131,0.0522
3.9112370188563093,16.449828305722328,5.291222161874678,0.1848607157869794,0.04216532875533946,0.2606828405941767,5000,7,35.57631546444914,12,0.9629046705112649,0.6684245490496161,0.11633050922884593,0.1496698463086602,199,167,3126,745,334,0.6252
4.334822259356868,13.79491847603584,11.791070938528483,0.02010333446937687,0.2469129436186916,0.08067812260972458,5000,6,31.37744548186186,15,0.7401899805354957,0.041566724663493426,0.4736903522534205,0.20307262000204945,202,191,2663,77,363,0.5326
2.821811630969968,15.462907021436035,12.811389914479465,0.2896896607381157,0.1613884083939174,0.9390071071002865,5000,10,17.559019251014046,10,0.6875893463931567,0.9800340881423752,0.09619887190744832,0.6787769320096013,10,0,13,3,34,0.0026
1.154096650048754,3.9972381060856317,12.53893964968719,0.34773094833369766,0.31698693163785246,0.47657919804912796,5000,36,29.523800638043493,23,0.6159653919725281,0.08851550550333773,0.29639689926804674,0.5871403278449833,69,13,140,62,59,0.028
2.0946508250244893,5.649882160182564,6.587971239516194,0.1184271648581857,0.17837021629665228,0.6466472546623536,5000,1,16.28300907325848,43,0.816732733091566,0.27877885311692485,0.7054468840814085,0.19781465312962648,2,12,4,0,17,0.0008
1.0251198367340761,7.608279675713479,6.630749658848339,0.011542242585069279,0.21948008330950844,0.14934721511727217,5000,38,48.91018936493166,55,0.030816679653691656,0.7262479390357952,0.37744501531270963,0.21448987031195216,41,16,344,5,140,0.0688
1.4138205908076136,6.918114712660781,5.97879711319493,0.04049228819484169,0.4666992345884946,0.38074673713098606,5000,37,27.01093835855915,25,0.4397381370387062,0.001065219636829227,0.5851466337027394,0.6187419861202665,123,32,584,30,99,0.1168
2.4293350647362253,9.89922663721403,13.899279153516808,0.04587563647834826,0.08925171359461498,0.6297875207318813,5000,32,44.11415324631545,42,0.0678455865124403,0.6871564947183598,0.5784011983395294,0.9424577612392527,45,14,153,5,85,0.0306
5.302659464502786,1.7540122322628995,4.352521325298127,0.2384475131173619,0.37087720559203424,0.5328648871028663,5000,26,22.983817144569848,55,0.4060544809528228,0.10385518602923069,0.5190868276684866,0.5094304175961709,2026,17,4684,1473,39,0.9368
4.730037837622983,19.331802272688364,11.576889371393108,0.1393851676520557,0.05570402085292276,0.1678917897191783,5000,12,43.79033968836376,15,0.15475283486086952,0.11450934142710799,0.38112369167831484,0.8255566414739466,603,135,4229,746,258,0.8458
1.7323173320745535,5.1414101043082505,6.019940848653997,0.33189188919681384,0.5393691778277573,0.14280091211622495,5000,13,19.343640361984715,28,0.771160205226134,0.9523092717124022,0.40871560817472274,0.3610015427738029,152,34,633,255,131,0.1266
2.686373720743164,6.059039713707495,11.8737440279849,0.015828773505674288,0.004592417722122434,0.05614811532006999,5000,29,33.80450669164727,24,0.875412271528472,0.8455840026889737,0.5294946138430175,0.8861626737848461,245,31,945,19,198,0.189
0.8976845512771505,12.700795964501317,9.080936350710388,0.38557072548662685,0.42948540065998325,0.2564137507307758,5000,14,38.231460433489545,55,0.6450900275485396,0.5910535821422193,0.10994630978422941,0.3632098565678027,14,0,33,12,63,0.0066
4.594322480748564,3.8718044804612224,9.537591013307122,0.36743155908562025,0.4575026535214029,0.35939031879930505,5000,42,27.803526927534755,57,0.5801026348882112,0.9959725093316584,0.2708550334713254,0.160481792248888,1875,37,4639,2223,75,0.9278
3.0805652459494492,12.316044699987165,7.285963296305284,0.037140823584846765,0.3306430656288985,0.07680447129099939,5000,8,23.521859300636812,32,0.05857611193515058,0.7701511438244957,0.31900305711005406,0.13179400170095257,629,91,4170,194,195,0.834
4.419715754722021,11.740471326654022,7.508673167333369,0.2341464242548412,0.5288995261144189,0.6499459734581102,5000,44,19.965311382823188,58,0.9821677981491521,0.3401500557046174,0.6696364268132432,0.42647918425969045,432,69,1704,480,124,0.3408
4.60738138261012,3.140518614609885,6.324079782432111,0.05615307465235282,0.3313773596505664,0.8831457369471667,5000,25,44.38967760217304,20,0.8230168042228821,0.8126729163495806,0.2022930794477013,0.29994767841021075,37,7,102,8,45,0.0204
5.173824047947195,4.7509360577476825,13.95924947033256,0.19493527195435054,0.5597624322719346,0.36981922346830415,5000,19,18.848072573161232,17,0.049498317423078,0.5332499327063581,0.5475156419940603,0.9048917660223958,563,73,3109,740,185,0.6218
1.9821124936871475,11.692071593047148,7.858718138340025,0.3871371680687736,0.4716490394142178,0.32083820098337623,5000,3,31.172205152140442,29,0.24874199989364038,0.6762970378391175,0.6707976533693536,0.6891642705718697,11,36,25,9,43,0.005
3.597822658850413,8.280377806622848,9.130867170891536,0.20767933603632216,0.4634362134019012,0.9263027184481928,5000,24,26.947786745153643,2,0.3954600765497717,0.3751592923344202,0.872206792103667,0.4255483714496682,28,10,34,7,28,0.0068
4.336391682300795,4.033750245501903,10.457145510177822,0.06223289591809148,0.38033023686200224,0.5468896293281534,5000,48,34.27423585411976,20,0.557593414422965,0.9714900502854512,0.15428573419551797,0.055110626590854826,448,53,2813,211,167,0.5626
1.7045031942391442,1.8284335390579594,3.578687787102707,0.3547563679475317,0.04723071402020585,0.757466576436458,5000,8,45.48250387403533,13,0.7702879810465229,0.9886134545452167,0.874878535895358,0.2234334456553408,11,4,20,6,11,0.004
1.4466141328086226,3.9819262828024096,8.204944219067823,0.06095917343670665,0.42423570494917195,0.3388936187292979,5000,2,19.088488936870753,59,0.5989506876821491,0.720280710337867,0.23972921624666949,0.2100470651097861,7,64,39,3,117,0.0078
3.130038533220871,11.480264975544088,5.875173203693247,0.3523235612273661,0.24038360254899493,0.20693353284947716,5000,23,30.42166073844395,60,0.48186902448213076,0.5704655180691354,0.20579144382402936,0.9641476857184981,835,64,3936,1732,137,0.7872
3.6854897371349367,6.925798662607392,13.315516331790246,0.3838714971215669,0.38583507792229643,0.5306320530355629,5000,26,39.28531584716552,11,0.3886358834154628,0.30094792303162,0.6681412469965337,0.8733402801900396,70,21,175,81,165,0.035
1.355636385488662,10.313366315609555,5.6201300581406155,0.2387110146466167,0.03203555760102476,0.8445712294743499,5000,44,24.04286398347722,8,0.4317128846805572,0.3763869068622402,0.8002004844238552,0.6471542612140015,44,0,72,22,19,0.0144
1.5747540367975748,11.410229118097066,7.875420568433407,0.05341127394901211,0.4701294089244967,0.1901202371830005,5000,31,44.48412042347234,4,0.43683539982153924,0.08513073074839689,0.3925787097272067,0.7539886272331116,45,20,247,20,169,0.0494
1.9674807983470481,13.670000830444524,11.012821067913217,0.2235079583608048,0.41275908818821994,0.41352837476418763,5000,12,47.45668559993088,54,0.3424350455096191,0.5606209531872449,0.8559695724000355,0.3662478357220273,32,45,138,44,80,0.0276
1.7754565742942277,19.411033594840227,4.279667296996056,0.07165995302595964,0.33642525922511757,0.6767600556050696,5000,6,48.6407214083869,9,0.7297890707343319,0.6515996104297324,0.5445750667475313,0.652222865827783,7,25,14,2,12,0.0028
5.495874720797376,10.784727568355892,9.262856722762624,0.28561730472984687,0.4615386915021191,0.0540127490033362,5000,32,10.617764984208257,45,0.7764138652976561,0.36724468992957243,0.6325336752271163,0.5348404239729232,1879,52,4560,1657,98,0.912
2.48733196965919,1.2679386772770482,10.990002261518311,0.1864988556521432,0.13688147130508355,0.30307651487630866,5000,13,28.352954315301353,24,0.8964980300649726,0.49216599862842414,0.6486814519890319,0.8424735182840167,162,26,298,70,66,0.0596
1.685186523889814,5.310095601460489,8.917291285330611,0.28489809099790325,0.41411019918772546,0.7827199783606158,5000,19,26.57538306040469,30,0.7124559210223248,0.6633265963826505,0.6600228643959136,0.9454913809063157,23,9,30,6,30,0.006
5.009079387262163,17.855410479437893,8.638109574743925,0.07313857963030691,0.37891677122321743,0.06848296567136195,5000,12,11.385102370584665,28,0.7304983957407951,0.5563074452844797,0.321366208484315,0.8865070031563022,609,94,3949,336,228,0.7898
1.9627704866499336,16.93549494348105,4.335266806722464,0.0013555007398667468,0.39929283236718704,0.8937094017134972,5000,3,18.164753246375426,24,0.03800329814690909,0.15667641046076197,0.8477366185731928,0.9911157821583443,6,22,10,0,16,0.002
3.686483682988511,17.847137338912262,11.677188121824226,0.13445616957481096,0.32827137380413,0.19608725607395378,5000,47,37.42617261384777,38,0.30059504074308974,0.2264785070590571,0.3940758509482127,0.6106383070459065,592,78,3493,573,281,0.6986
0.9324826713012522,11.388373616964355,4.312141458171546,0.13556778242409437,0.40815750438275533,0.7421646831500178,5000,13,17.795859602514888,44,0.4494279926910367,0.15645477340764413,0.6931944631574312,0.19067462264317736,14,17,41,5,38,0.0082
2.494984358989167,14.362742122252625,5.738555210528917,0.009182972853767467,0.23050646189741544,0.35197772479214195,5000,12,37.25778817786369,41,0.3903743725583281,0.5668603949939278,0.8515373605720723,0.31625529205949976,98,56,275,3,74,0.055
2.618200616167778,10.344551469341004,7.800373744556328,0.39106781987689754,0.18933942725427685,0.5680508600370328,5000,11,36.06408370580694,15,0.2141801407781839,0.5942430155119708,0.2292248518190231,0.8848274269732471,31,52,316,161,215,0.0632
4.109844435381207,2.282456391936363,13.293180783911108,0.20124357739242066,0.23488324583129017,0.8065563807103003,5000,49,28.466814537827375,2,0.755835934422894,0.5632200451718827,0.5561313719748244,0.712218696904024,77,14,95,26,46,0.019
5.315395360701655,2.1802888015930675,11.150585086605039,0.020824459037019113,0.08959043665050893,0.8364555570189306,5000,29,37.61796230313773,60,0.7412086544621996,0.34213287375031387,0.49732243845929724,0.6273512169921677,132,63,628,10,98,0.1256
2.4342810728385587,7.643851761260903,5.296992671972689,0.3718120763956747,0.5140272503476548,0.11765271208555073,5000,29,32.825576554798474,13,0.7833083596230437,0.22807198087272718,0.28953393233386765,0.6412481649250301,120,24,2053,995,226,0.4106
4.560674411972269,16.390693448431605,11.79583570716112,0.17501537172756565,0.15490115825761688,0.1810151402458817,5000,48,17.018339149668563,34,0.7388788851609847,0.6258314381983489,0.48356963818775545,0.7833970799983195,631,51,2960,670,318,0.592
2.5189756491593553,3.494687762655801,6.583810787122511,0.35650122159386505,0.21599795292505264,0.12815018182117213,5000,25,46.635383613870886,28,0.5946665735875222,0.9770882476740946,0.8656081615190775,0.8231505370855108,896,32,1882,828,63,0.3764
1.0320863929257929,19.76724393138895,10.113105269330486,0.26279021761689786,0.24515251773466057,0.6675347422983474,5000,23,17.613353288908687,28,0.055993488108413994,0.9877865048549163,0.45814832713071924,0.010290097767111792,23,0,36,10,32,0.0072
4.732511765782556,10.653550741579517,8.35928735882872,0.150580447477278,0.016022787495040405,0.04878675176425626,5000,3,39.71942289018024,5,0.6145822083217791,0.13848669561914237,0.18450955772176758,0.5708431180265302,897,98,4468,901,171,0.8936
4.283407311584851,9.484814433924775,10.397080065451439,0.12297260958290808,0.05228159840547019,0.4319664103318074,5000,2,24.948201156942726,57,0.16619793880600786,0.3692113700463006,0.10455292040742965,0.6089740280809426,781,114,4212,638,224,0.8424
4.932177702040685,11.624892714431605,7.3234026991455075,0.15563138091597872,0.1723526588426511,0.5155487022043522,5000,34,13.447871468918777,22,0.7582490918231348,0.7464850337029089,0.43174879520722587,0.22126382544917214,241,34,1659,338,271,0.3318
4.6863863224220825,1.8317136958450644,7.422980970065615,0.04450309048782764,0.4530067587460563,0.7583552086647247,5000,2,18.02602270199907,49,0.7528455026427612,0.3565299635398498,0.19984285471101196,0.8479681646835834,49,50,198,7,88,0.0396
4.418800610674342,4.213100486529128,4.113781279279054,0.22817242711659924,0.30108275549722724,0.8600345726658295,5000,2,17.204476848104463,11,0.2631663516489602,0.6741679332304794,0.796258946287625,0.6457031239479658,3,10,7,1,19,0.0014
1.6991834199272522,8.515243213080733,5.747623741585471,0.3250869361840203,0.14354111384551438,0.5766486762896579,5000,7,39.85028220657361,14,0.12228374909657204,0.607954504208734,0.2538572230099087,0.5110612779362408,13,16,70,29,81,0.014
4.0216083093181965,2.942131432208278,8.082722972252107,0.3782736351246796,0.15397778115646338,0.8258058566724713,5000,9,16.958723952127663,11,0.027331389256585525,0.8349617683029089,0.6446511018714524,0.5716044250766275,17,9,30,16,36,0.006
5.527215849101925,15.71878079945268,12.003128667957053,0.24172242567252625,0.3988838496716841,0.08081965697355668,5000,39,32.36420921188167,47,0.7629739500290987,0.6310237332332556,0.42569042879904934,0.5521532078898298,1399,63,4345,1355,173,0.869
1.5165304815553968,15.73576931988571,9.594735789743773,0.015065074455079123,0.11495691996298077,0.1851052240655342,5000,18,45.71363891828342,13,0.37687546515084835,0.7193916859141076,0.6572919878831188,0.5342900372356033,27,26,58,1,49,0.0116
5.8055218729163425,16.378479910739024,4.5045235179574465,0.3686712502530656,0.5726247150421327,0.17982719918775975,5000,7,10.135008452596924,9,0.7738129664448358,0.8822801100521603,0.05135057607966274,0.2394523869891593,801,101,4542,2145,161,0.9084
5.517370917310301,5.634791520521375,6.882122098103919,0.178323241363359,0.43975121153497226,0.9156853175484327,5000,16,27.984565338795033,56,0.18279923117419775,0.14559939874930855,0.8569367290443399,0.9804203917035598,66,13,284,59,74,0.0568
3.429828654099537,12.055238311723794,12.94080699501301,0.3121545294088853,0.05029862294639801,0.32426993318521224,5000,22,20.81995541984994,40,0.041704265940985634,0.38883819615981335,0.20407971020999474,0.03805679655144925,675,107,4012,1575,242,0.8024
1.7482471323041824,19.01519953850685,10.814753540078048,0.22625268866479026,0.4739766047625976,0.8250005096432672,5000,29,49.550220038104115,50,0.11399801861640094,0.4460845751691855,0.2525767746793951,0.7878194717407351,29,0,47,10,39,0.0094
2.275563737776293,14.846939153511308,3.8361134848236293,0.1061139370703082,0.5735834875468908,0.9030910629575437,5000,11,34.05202583632496,1,0.0779717835980858,0.4532613751178771,0.12920380976676593,0.7587279608587835,18,19,35,2,19,0.007
5.619479427913008,12.663916105479785,11.85602016801368,0.0003516917909490104,0.40440275739639125,0.9439173325024994,5000,32,21.07121228399805,1,0.8903420053105923,0.672506782309231,0.22110296052654574,0.2730597733366692,32,0,44,0,42,0.0088
2.0112770358832712,7.5245867470235215,8.728366124419495,0.19285478199872064,0.20508105093935952,0.8982746662437651,5000,2,38.457253261206176,10,0.155365563580815,0.5518196274653536,0.4154558645151333,0.8419076204693721,2,0,3,1,10,0.0006
3.74824650063068,18.184531563806264,13.330178185600671,0.20637963233512857,0.5385494977811345,0.921423621652342,5000,14,31.54864340807171,12,0.9764992553960231,0.627842485285884,0.6501904525059502,0.2822286579106758,14,0,19,6,29,0.0038
4.46138369186819,14.014295180830914,13.987565559584336,0.25855066240201724,0.4015035666623989,0.7320534417268707,5000,38,30.827027300785886,25,0.6756845045999346,0.05651622510122748,0.519837098703379,0.9309959410656424,162,29,478,153,155,0.0956
2.889012498527169,9.774887900448075,12.795029386420167,0.13963516033284706,0.05117112129664528,0.31601771103176113,5000,46,27.121042719849033,49,0.39316366410933123,0.34132099007921146,0.5714490589681291,0.7889873796024954,564,59,1905,359,194,0.381
3.348312204586949,15.654202479718109,3.964748180705013,0.03857193113486288,0.2105066784870267,0.6760545299827637,5000,9,19.690314714002863,53,0.6564667024877002,0.8532414588202826,0.6624895698761086,0.22998131846564498,13,55,64,4,54,0.0128
2.85102711816062,20.0710975107086,8.165728862086166,0.2690433315273378,0.21513154752364255,0.34684072538809196,5000,44,27.848367176087685,16,0.07735137770623182,0.20621142852669613,0.8812046446002033,0.6766900050649525,141,30,224,83,54,0.0448
4.227890113220125,3.845887635665274,7.9466900540182355,0.031556805020399446,0.03563093913332463,0.22700124356445056,5000,35,33.852541308278866,27,0.7489440141441741,0.8664881161212327,0.8112366797898318,0.1278247890757124,1848,31,3486,127,60,0.6972
5.059644110680196,17.407353280384893,9.474020583989208,0.3082559724031284,0.45060449915797923,0.6056408494405371,5000,2,30.242281966663015,54,0.8937983398126985,0.3335929539124766,0.14513815867925958,0.47930196592553775,28,232,496,174,351,0.0992
2.440372793959802,16.51686863867801,7.4591778376156155,0.05172205551311532,0.5145892308863587,0.9135316707942853,5000,6,38.636409488705326,5,0.6294151927708119,0.7104448080735042,0.5333136625427062,0.2793531754288215,6,0,10,0,9,0.002
3.601488803806528,16.208862057203955,7.730715844320699,0.36999489212805087,0.49556016351736387,0.5479924475795073,5000,2,45.01372717022473,39,0.21845576992950608,0.6068188925506146,0.6386881347817873,0.32808859155625186,15,89,69,24,70,0.0138
0.9799571775359768,20.85245587481419,4.688328412370845,0.20945883170310517,0.43997303422525935,0.22313495867197974,5000,40,38.287005606334134,55,0.11246668492891625,0.8569236866986618,0.27408865583044645,0.2515370711486542,52,26,252,62,104,0.0504
3.934648796262781,15.503920247014667,10.562174474609865,0.09848400534745295,0.48056220053445614,0.10854381574290457,5000,5,23.38474473897391,21,0.9745348194924206,0.015960101082404237,0.7983341839746924,0.5379838972213722,27,27,77,7,98,0.0154
1.946844590834953,4.623505545173408,12.72623386152938,0.23515961574955854,0.29132404483324764,0.32250026943057086,5000,40,24.12022545173179,28,0.2756654342061214,0.9185698377885394,0.8156017597026634,0.9819911884180416,136,30,328,91,78,0.0656
5.260957104722945,1.103883473512146,6.134132762668404,0.36618558877559,0.1518030314918818,0.18429994869676955,5000,2,12.818239944886704,53,0.18149626582262476,0.8756781989255327,0.3011073289697526,0.3655484433728202,2869,26,4876,2427,59,0.9752
5.544727340335335,3.2475567347699372,7.729051064420287,0.3952832109070436,0.42544776687491775,0.5186230303202,5000,42,19.992420967551254,51,0.9916812366036463,0.5397132502491472,0.6770164866344037,0.8022003049847005,1524,34,4513,2344,67,0.9026
5.386113137602741,3.62872255258225,10.289943209356784,0.393360745642217,0.3073315695375661,0.7634437507998906,5000,15,22.397451694849345,40,0.2739785116596985,0.6907608851426552,0.04898633284609726,0.4440866176734541,262,85,2069,1019,262,0.4138
1.8445946720286013,4.685527564918671,7.601960512787988,0.09476066452309014,0.43681753110359867,0.4697407030080724,5000,34,21.114906923500435,50,0.9079153402523745,0.658309600517249,0.6166567720806422,0.3216564561551909,60,51,356,33,87,0.0712
3.9664935049468983,18.605802353184064,3.956360166080769,0.242362534290587,0.10313069225883865,0.8365052314716899,5000,45,23.096170515849025,45,0.5311533407225129,0.8017840149033695,0.020269659388700977,0.09806956764026022,57,23,202,64,41,0.0404
3.2441819895673616,13.583601511561115,12.618102444877888,0.39143617720611223,0.5883530883055693,0.09041504887308083,5000,45,40.07188786698869,10,0.6040588116605621,0.08182628223729478,0.8311636174624749,0.11854825671589903,129,27,260,140,86,0.052
2.342657597673803,11.660948213129842,7.437686635669151,0.24486267677883833,0.36277296084285415,0.3271492418020974,5000,15,17.279895924431866,53,0.2937035678402936,0.7121848599596053,0.7955095848039748,0.5791357291647145,111,56,404,121,127,0.0808
2.8324619312909496,13.381250156994376,11.10353762474991,0.16780809317641698,0.45047701501134085,0.09157711512202628,5000,26,40.30514693918847,47,0.8273743550509862,0.23841513226090436,0.050525535218627106,0.5404589419335284,447,87,3209,703,233,0.6418
2.1718753768789103,7.805836649125406,8.115000017783032,0.08213723769631637,0.0801599916039289,0.5312523716755109,5000,32,46.509252240723825,16,0.09206058471781586,0.9027034717040487,0.1735041802510668,0.8284599120774615,72,105,1254,111,351,0.2508
1.9281423311902126,4.847020795012712,6.0644332673427925,0.030244901131217323,0.4448929930837654,0.36305266171829514,5000,49,39.4052962065613,30,0.7077525657440978,0.18721613409169297,0.1080733818300768,0.12868318756113586,313,35,1618,57,157,0.3236
5.2345913482809845,5.370446911059822,11.940051950767895,0.33993200454783423,0.1583301350418869,0.941623996909756,5000,48,22.661830198720025,42,0.9831497287802398,0.21636491638465505,0.3324824282576556,0.9009577913390405,108,12,220,100,57,0.044
1.028985940139452,9.674106577443215,6.60443490713056,0.36546236662762266,0.3301919027386065,0.1831320203361747,5000,39,46.29739199299003,20,0.15401179882911523,0.5638695225696898,0.8733593708006142,0.2157405866668488,47,17,141,63,46,0.0282
1.9303618119213892,19.75868105597312,9.24673695286346,0.00862529106691154,0.5796022152092987,0.7251699254668319,5000,30,41.16379765796536,17,0.48529038898822124,0.7326465753336,0.5050294687359739,0.1606699555312902,30,0,63,1,45,0.0126
1.3146047284790188,16.986321318947418,11.609264626986946,0.16580453617019308,0.2092487793350269,0.2049353144972519,5000,49,38.616536682312415,26,0.019380822097477907,0.7307878116626255,0.44252805433763853,0.7543857383745056,69,29,411,76,275,0.0822
2.9876012431723504,11.537141998066923,13.338621488416004,0.008252950243716044,0.5181295331030377,0.6452910197245687,5000,34,11.150979780634032,59,0.6624143371577031,0.48040606465297747,0.26105470882273574,0.9591309048279013,98,66,561,6,234,0.1122
4.56303518700224,11.240535400959587,5.404886438477863,0.01716379096223265,0.4500042968196003,0.5058950931249147,5000,19,22.166909681236376,55,0.5173591091753732,0.2701349942417758,0.4396435501779478,0.3667217461011175,752,64,3266,73,140,0.6532
1.8088884014237858,18.743508363176193,9.889963445336157,0.35320036030576235,0.3716124041558322,0.06114787391952739,5000,30,10.19143887007263,5,0.6439739909759479,0.06664484243822597,0.4819068466788992,0.6977428055497739,49,29,126,50,105,0.0252
1.19474476107159,20.86126927800514,11.478198262444845,0.2800881645627867,0.3648935981311464,0.3991003533601014,5000,31,26.73587091389917,39,0.6223092792228784,0.3813135507583107,0.05728815754838352,0.13869270375274542,34,33,114,45,117,0.0228
0.9824442630213093,12.532194303903477,4.936500946514484,0.3278238878599622,0.5199391665469265,0.7661179276170245,5000,42,32.612908210720875,33,0.18308126964283308,0.33443257044071306,0.48841183501002117,0.20585911536486146,42,0,83,36,29,0.0166
4.470974748830186,19.271653587826844,7.968463957312985,0.1763627951192317,0.21782200573023594,0.7915558783664366,5000,46,20.67961178109482,49,0.5299552638857561,0.43980528322072554,0.36515107254137413,0.16223577713578377,86,28,325,80,115,0.065
3.351063069162625,12.998337093814822,13.78265005729263,0.025030047237914466,0.051583904147264534,0.04345565331127867,5000,42,15.360650087717058,55,0.6573213389794687,0.4339267904186548,0.7472680570443979,0.6671137038095355,1205,68,2918,100,196,0.5836
3.701454792151994,14.025863913937933,12.092327996062686,0.3887586506434541,0.07893999443085685,0.8944009651772401,5000,29,19.744741093755508,20,0.6234477949253051,0.3907282975031789,0.4871697484534953,0.8943630005717041,30,26,67,35,53,0.0134
5.622939588630811,13.599866338350129,9.80162675553376,0.3981253478547706,0.18148681459222102,0.8429613978105448,5000,38,32.92977396327465,59,0.5641178289239871,0.03663729714162911,0.8776080944520351,0.549197653269137,538,62,2029,973,99,0.4058
2.401522151004114,5.939248956339885,7.406290431568808,0.25642675301288936,0.036779137133566,0.7016154689573213,5000,15,13.684591451292809,40,0.3428078935421959,0.9753040716406527,0.8764536719715419,0.5848587750849422,21,8,84,32,59,0.0168
5.758307238103619,9.057923899887506,7.535235952506153,0.20030540936404645,0.2206624273460807,0.09776513345735603,5000,4,39.730925980033774,48,0.14995235417572286,0.9274638867454648,0.5234138172241738,0.009900604806540392,1591,58,4561,1173,120,0.9122
3.438091168200428,16.9503005673988,5.6817657222228775,0.19793910091679143,0.42653589426841493,0.0007152490390017964,5000,4,18.968497809697872,25,0.14045528769006027,0.5567404847337538,0.44720641187954313,0.6066341302726782,499,122,4067,993,245,0.8134
5.607608640379289,5.3812682209510925,5.909058301256437,0.07912845700203044,0.5495241499606546,0.9248114399391307,5000,16,32.25520257259504,46,0.5911735985912675,0.2829105948786385,0.5551945292704954,0.2704646167951983,38,12,106,11,57,0.0212
4.688004600091206,9.73295832496087,5.234813442508779,0.3377426225415412,0.44770770752349953,0.27032487009582584,5000,6,34.73563484130441,45,0.09783468666662315,0.80754658094972,0.3105957304547427,0.4439415967691265,1159,55,4523,1967,115,0.9046
5.940093926916812,15.27205644016704,9.663526416912582,0.3139843578773891,0.11133534870616606,0.16434045110939727,5000,36,30.629527373477238,27,0.4070820003311708,0.0626703965526229,0.6292705199885145,0.3425662089913532,686,44,3391,1404,212,0.6782
5.625810395457058,9.543645986184075,11.278007752058265,0.2733037482106818,0.3995699779089041,0.853091978729689,5000,33,17.020789192393153,47,0.7589735513182344,0.7500143880404218,0.5695178399941385,0.4555220983402497,48,22,193,69,94,0.0386
2.381770071274903,5.446999024651887,11.40127862042384,0.07012617867089659,0.356416277796096,0.8723903213279439,5000,9,40.93891956711417,14,0.7027614036927242,0.29636754034860263,0.8395258796359759,0.5063121564564713,15,10,23,3,27,0.0046
2.5635524192932593,7.658432960125618,4.281717451411708,0.17398545045539202,0.5084303814638717,0.3927579910370445,5000,47,44.69803926489687,4,0.6738029254453802,0.44249762709529783,0.4189948399831252,0.6934383414098977,112,13,389,70,88,0.0778
4.392413059429345,19.14090587335472,6.9633162574268805,0.18170813312152265,0.15906640478168776,0.18690414473680325,5000,8,41.025065926564174,25,0.2895670873466739,0.5698153997420815,0.3381971651859328,0.09513153920724171,492,120,4027,931,242,0.8054
1.2674475242832854,7.9922023241837366,12.899012435243886,0.09913353528536253,0.47628740838996675,0.3885245500855867,5000,18,32.67782049962484,45,0.744261657657898,0.43455214050525226,0.39037492938238644,0.5765915958533311,26,13,74,11,78,0.0148
5.998954310618796,5.354588613868992,9.252898559966928,0.2534806193787482,0.292785643487722,0.8342074406728017,5000,32,14.265733079551744,48,0.25279723597381193,0.3838514692714995,0.22147364781970272,0.18062905346666133,136,52,951,320,170,0.1902
4.363953858017587,9.033513665833668,5.649937368293379,0.13874723961741833,0.2126503618374757,0.8397857401237929,5000,5,49.96721003896593,57,0.30916064680759864,0.614255103198056,0.15802834604777297,0.5610884785098024,12,59,53,11,44,0.0106
2.3774766903223017,14.379162023079871,8.183285682830562,0.280592918263363,0.10161169014518386,0.8807367278961806,5000,18,37.17678411842924,50,0.5731077794971386,0.5137215099425555,0.8794519520387233,0.14678690551253698,18,0,41,14,41,0.0082
1.57858182686891,6.445819169362305,4.634217994594275,0.24693801057017162,0.32156617538703475,0.10419051528290033,5000,42,19.738614124900273,22,0.6475726215441159,0.039448522955933506,0.6855813130956379,0.07893415672933728,149,29,583,171,70,0.1166
2.533455975827427,20.33582975715241,12.39950260152823,0.10810139671869057,0.29967790554837365,0.610026108285258,5000,35,33.718489685358705,35,0.1257568463264627,0.8013145822642297,0.3377076077922777,0.8763126934680812,53,35,352,41,313,0.0704
3.455072735647793,8.354618817379006,5.757067753214935,0.24066906166345758,0.15960418501080387,0.6369597505350953,5000,8,45.02737792815028,16,0.5090440224800225,0.2048767405712273,0.4998079510863849,0.632032409016541,21,15,61,18,42,0.0122
1.3623900627709957,12.269785535186621,4.328094433494641,0.3413331156192768,0.12322773209187601,0.2712114653692455,5000,22,37.65555749641909,31,0.2970559066540069,0.6047074050519756,0.24517089123709992,0.7052956118247626,37,34,292,132,153,0.0584
1.7952047151438455,4.2042484887480125,6.611511324072807,0.02754345751549859,0.2485245801191884,0.886242333231148,5000,45,16.428542339319915,32,0.9858364834186574,0.8869672691359652,0.8374225576113467,0.5890844295083979,53,7,68,1,26,0.0136
1.6630925664709966,20.146466555048306,10.840877949346847,0.17464850155171013,0.5881801608999745,0.9056241041810381,5000,35,12.21986621631498,54,0.028392683129789084,0.01951365822543346,0.35877341034417254,0.5176016283324695,65,59,248,57,143,0.0496
5.819887326237528,9.40553695160394,10.50988992164418,0.2716247234718637,0.5162311849053866,0.2783288047281442,5000,29,24.331916017634697,60,0.15006733299940347,0.8739699467394724,0.8983506280882693,0.2507858691505745,1695,55,4694,1694,94,0.9388
5.265251932071177,13.171510819161977,3.2183561291432694,0.24758102864458653,0.44748116112437536,0.2866870072659718,5000,25,23.063828719272664,57,0.13745816737986424,0.24101734115730528,0.10215119589218806,0.34936995416824507,1636,50,4838,1604,66,0.9676
5.583804397016344,3.803605750616964,13.038915492289883,0.33310964757900086,0.4124316373121023,0.2611625442024674,5000,16,10.25309205729788,15,0.5904099518210868,0.07954302521131128,0.6158420308210557,0.6681098116214638,574,40,2815,1158,260,0.563
4.463801183645279,12.176804294687258,3.6613274590549816,0.0702420179629825,0.11047503343697358,0.638210343830986,5000,41,46.828163634840806,31,0.40673993302546085,0.32783752629058527,0.7513274323315429,0.5828622513338139,217,32,828,80,69,0.1656
3.5357937167622406,7.270282918321333,12.124320928963726,0.2661423046525341,0.03921199642245414,0.7029330861294608,5000,45,25.47875666302854,50,0.6727215706008063,0.6910295708386855,0.5725788995765968,0.7755740473586098,138,58,495,170,129,0.099
2.4570105767170363,12.600979924883823,6.939040155494642,0.2930493001682798,0.22645079175871666,0.8841563184383792,5000,49,31.50435309332595,40,0.42223951825990413,0.6663430755088191,0.4655945042870878,0.09318151190808423,49,0,89,41,40,0.0178
2.478234117264814,11.463521682517513,12.064386564418754,0.18280427872898397,0.10895182834806998,0.8138116990964273,5000,16,37.22358907719375,12,0.4306757726080189,0.5595463843257499,0.1882880482683624,0.42031080855004826,25,13,52,13,67,0.0104
5.848727339083883,16.8130802396428,9.955059883542871,0.1031716400725514,0.3349816582474126,0.8032916766467713,5000,23,21.92170139876618,16,0.10832614292892251,0.899351573994635,0.17292935368752116,0.6119068450515982,44,288,636,92,357,0.1272
2.7572521750739387,8.181255585410126,11.461837993981035,0.3234429092499649,0.4740984345144033,0.42447075380158283,5000,14,27.361995257374154,38,0.2803243053420378,0.04401700228844428,0.3534608189667752,0.38897440304797853,203,47,1710,693,264,0.342
4.27254773025172,7.001305582183801,12.512191254961646,0.0023786027736360767,0.2155310051115312,0.13756814034681464,5000,34,41.19268347947846,18,0.5503755813715457,0.5298746235747058,0.037323978012574886,0.947458016835048,1365,56,4477,9,137,0.8954
1.1817669100982902,2.3991235914387863,3.823096874037709,0.05204818897994708,0.2804376306693776,0.6684075003538509,5000,38,48.7496290051509,8,0.837278643198671,0.9009759929442336,0.5772512115028248,0.7640026099177712,44,4,74,7,14,0.0148
2.0465349024294346,17.90102848467098,11.412937642995372,0.1619289746892184,0.38691162304998,0.06600626124278156,5000,37,30.405809311843562,42,0.14328359488983533,0.09290252237514963,0.7349685923668947,0.19015004316672549,183,56,630,121,182,0.126
3.7057339761557513,8.848392322788126,4.024118198372283,0.11281926680231924,0.5371041838492044,0.7754503402468733,5000,16,41.133931128185104,44,0.48650012065023135,0.32240650885438205,0.6724407353132814,0.6057680931557469,61,27,383,65,69,0.0766
2.9247858258250448,11.310046258181803,5.064793532468469,0.35545266654409763,0.20358577364159317,0.5922034776307071,5000,9,36.99608097405211,20,0.8692721377734022,0.04597581316282077,0.8323654503596433,0.22654092015847252,71,32,140,50,39,0.028
3.7018294178807585,15.514074910143663,4.741424150196984,0.041063266102965575,0.06959123689813891,0.5288120031349622,5000,8,18.285436789443587,32,0.5926570546294478,0.2150478329382364,0.15281758255238406,0.6950267570050185,86,135,1555,84,340,0.311
4.094223025940124,11.111066297318844,6.71755414288812,0.19138473821647556,0.3603477178485994,0.4926732278032746,5000,5,49.59860572882211,3,0.6508428352392912,0.41081923402870923,0.09252413625785087,0.3994899719327874,187,177,2858,680,329,0.5716
3.713179321726642,19.748836829728397,7.220449106725169,0.32218071379496194,0.33421294392327155,0.26227375426463717,5000,33,21.719421737401067,56,0.09038458101803415,0.8463097224307287,0.7867993092565622,0.8561370344424052,800,76,2490,976,208,0.498
4.568481298159923,5.468287791727403,13.790019751863024,0.34308625282801786,0.4757208507121122,0.10515099420477328,5000,22,44.86318140204497,17,0.4402313603597874,0.7211360160542254,0.07622651683114466,0.4380828188713048,1720,57,4617,2087,119,0.9234
0.807255575667558,7.981972123123249,8.24267596490444,0.08475834069388234,0.2690820635142484,0.7333396798554582,5000,14,30.668938882534444,50,0.3187600027414744,0.9102878174206821,0.4105573436466966,0.11009657210692225,14,0,21,1,24,0.0042
3.2020988314349736,7.330045126554679,10.225299909927472,0.07738682757309394,0.4111349551207006,0.9223691026547864,5000,49,10.697576896818633,43,0.22162014954545042,0.8120360677883774,0.5195762614897661,0.25810714115314337,54,10,79,3,61,0.0158
3.0445743278782533,9.213994130178058,9.322095811373355,0.33298601655965204,0.36339048555768944,0.12307093546027167,5000,44,39.93242510902919,33,0.8843540101032782,0.5406821847608818,0.6199993253758324,0.0517396403467992,598,43,1913,834,146,0.3826
2.240530263811559,4.968568372959238,11.422157560308799,0.34016192822539,0.15382990761148513,0.6535761928805361,5000,37,42.239075402233546,26,0.14220148565683638,0.5876268483178875,0.6559377356337865,0.754596878753912,60,12,169,70,68,0.0338
2.3752842469130497,9.446740828154155,6.503138746247338,0.1487848262780231,0.16813497884988451,0.4739005647985588,5000,33,32.58854801482188,11,0.8018769406008145,0.7565319574040799,0.3171906123795201,0.7566991707893893,55,17,163,36,91,0.0326
4.581922264982568,12.487285893700856,5.665422997075655,0.1686204833960285,0.0039899627994716795,0.49313438516136887,5000,20,28.378441259574974,22,0.22862081692253647,0.9487306786873149,0.22824881675450986,0.8184010764425217,376,85,3656,778,224,0.7312
1.6169991379145117,8.417956396083017,13.016913931806256,0.19907533682261525,0.528582831169897,0.17102861321176294,5000,12,24.37145995369424,34,0.9363194700111115,0.24479694708004524,0.7360911113405667,0.759319511513501,26,39,66,14,60,0.0132
2.9740920977996756,1.5440347339375773,5.54897326544317,0.08593757489391854,0.44437757577753884,0.188035306029827,5000,32,15.549454507676973,44,0.5621208805043023,0.002056719967229875,0.1343458179896199,0.07547532772769282,2047,22,4679,513,52,0.9358
2.661506657651825,7.151049224561284,10.681027955214962,0.239362554727651,0.4706131207083771,0.43403259378794223,5000,27,35.67524242603291,12,0.6705145272599395,0.6691343603767932,0.7398549151222926,0.02414705408208611,50,20,102,33,57,0.0204
3.503683278551562,16.760027803147242,6.069901263877661,0.09201328113315417,0.4635219034845861,0.19745293789962964,5000,37,40.40404153759618,0,0.9295045831464029,0.7129339806449437,0.06604159877702624,0.5289878661357642,246,108,3321,408,284,0.6642
5.697572655752559,6.543840621560272,4.7910893925124505,0.07406742110670912,0.07697436779286329,0.05077100305386903,5000,37,15.975186009948583,44,0.3602587113975399,0.3071511882300809,0.22240706545174968,0.4767729165846934,1706,30,4907,464,58,0.9814
2.973050742696005,17.46086696099857,3.2207804114320613,0.16912609742357454,0.341348371013199,0.4152218886642687,5000,47,34.30385097718007,33,0.9450734287118893,0.0554637086682161,0.6836267266605379,0.4524165907076191,413,43,1111,234,64,0.2222
2.539476703450437,3.376835797833813,12.201506154953655,0.20298729392525716,0.2254822879485331,0.23571484623280634,5000,40,42.892273842788256,19,0.25667134594212715,0.23701525360661146,0.4138101964863458,0.556752695254118,373,45,2248,547,222,0.4496
1.2530818633971075,13.562442066965394,7.559544546309662,0.15558692718650338,0.18984070619084323,0.12036789556543635,5000,15,15.66061555835502,55,0.2210883956148494,0.7179030069193295,0.8022962198132927,0.33468836522691425,29,59,120,18,100,0.024
1.2856615884612825,5.783743455929367,4.660292648009586,0.09381819124398051,0.01840348504609962,0.13306783893839505,5000,28,10.926227824989475,7,0.3248405813446805,0.2782427145040657,0.32609349385854636,0.1069575024902104,42,11,291,33,131,0.0582
3.1924112402121736,6.823096672326359,13.161024246668575,0.2302447498323343,0.2600148534378833,0.07954286532479801,5000,42,21.97747145121811,40,0.9510536111116576,0.26080281562483904,0.2821034185848853,0.4824638844714398,1538,47,3654,1082,185,0.7308
4.444409315653442,18.52191231048629,9.855044959283134,0.32184457974314234,0.10601120106073401,0.8463316667823396,5000,21,12.735489147013094,9,0.03543918492554041,0.7498392793419272,0.1783031983542553,0.17136947660507765,21,0,70,29,115,0.014
3.305058950732265,7.288113137351718,3.7945129869420473,0.29740924710304817,0.5906105726814654,0.5456845529460352,5000,44,22.892198311659488,21,0.30361919844028945,0.5947806309446895,0.3922504584944658,0.7001123480275235,156,22,1360,485,204,0.272
4.440676661493499,6.181592946243134,12.100553126389412,0.04851763325320135,0.48123811265001515,0.42152512461538966,5000,49,30.752174840239668,28,0.6834757762074837,0.3930670003291009,0.758983383312294,0.8719887096289956,695,35,1430,90,134,0.286
1.2005586008535412,13.262260421411499,13.63158655909618,0.21845323567121505,0.43032818669378575,0.5473899529338622,5000,15,45.56631785555279,33,0.020106626384758203,0.0975005672937459,0.3542262931059537,0.8456937656660802,16,27,50,12,71,0.01
0.8248552647458578,7.017813239639364,5.997319306433858,0.3172646880322503,0.2748685453532488,0.28779498736376224,5000,19,23.26236032966392,4,0.19620158991378633,0.10862240180296667,0.5071869891153294,0.6801591743698108,22,13,57,22,36,0.0114
2.166912137295829,19.46107516251936,7.196571544420537,0.1277761534664743,0.4828986719911383,0.8680160381483961,5000,14,34.9482078807231,21,0.5511420032246134,0.311897873013338,0.19250317125425148,0.8621374970868858,23,27,47,8,41,0.0094
4.84789317721194,1.3158092513892865,6.383443830782096,0.3491886459533048,0.5586461734340855,0.31747471805185656,5000,40,27.877022130568218,24,0.6858054465666077,0.6219171135808558,0.3559701450723657,0.8099010512506606,2399,21,4689,2149,47,0.9378
2.4096408937608986,19.808344250632334,9.683276562508961,0.3529475553430794,0.06265065196628895,0.12435133047941918,5000,22,24.17302029857644,2,0.8703463810337907,0.92803899667195,0.1247328712177518,0.4566559662095295,94,260,1638,644,353,0.3276
0.8113759838751026,2.2530164363091227,6.628225590373546,0.2323502411810755,0.39013823013018983,0.619592681934044,5000,34,12.781869498552352,18,0.7090725295313024,0.005190065870075935,0.24612931017016154,0.4052428572474007,63,20,216,61,58,0.0432
1.153032984480625,18.457326235393033,5.090634784491606,0.19642228869020686,0.4951039434160074,0.5174013047483231,5000,23,42.125917680076945,31,0.3661470822589504,0.8283823337903883,0.532300571096165,0.6431405221199112,23,0,54,18,32,0.0108
5.851107024537286,17.450389910977464,3.899347127160501,0.1442012432790458,0.5889816430182804,0.035125184009314435,5000,19,43.60179885815584,13,0.31498857021085724,0.6510847585617385,0.1913948104237514,0.6756816986873115,1226,63,4764,910,79,0.9528
4.097758816831323,15.762586079315849,9.23944812142203,0.20879858366376836,0.36759959290987304,0.34744924778748576,5000,21,40.52084664235434,5,0.1299869928938373,0.30423349380484715,0.43458173080987456,0.1662493350468653,377,132,3538,935,291,0.7076
1.9025877269024243,17.77264561341471,12.090784639326314,0.059860651128752676,0.4275434611742817,0.030865465143780437,5000,45,29.759033418308977,11,0.931374493126691,0.8526097480043898,0.10107338716117768,0.8492343806956087,106,31,1312,88,360,0.2624
4.514619133881986,20.45412631703905,5.396386239344053,0.30976128744578924,0.4591851933565332,0.8900631289239371,5000,27,21.31678721075398,12,0.5583873545235203,0.9743842589586014,0.14664354129224796,0.65089320421643,27,0,42,12,22,0.0084
5.281775601590177,8.71015250445306,10.894358599925729,0.16319634502238223,0.4993501086124045,0.1990904801927004,5000,36,24.078251078077347,20,0.4141000077415087,0.5473561569779746,0.18007542698184104,0.7283134497223533,1189,60,4482,921,131,0.8964
4.616510339020331,16.86484382161006,9.65230276988914,0.04089512678007822,0.42048075660581036,0.4521357606369134,5000,45,22.801500953102718,26,0.3718121908308948,0.6768946481897132,0.8391813554861279,0.36779287624071544,187,47,517,31,118,0.1034
4.738890791482878,19.202314846889674,13.918159763531703,0.23894696163935902,0.10505662674357699,0.20246767498253182,5000,41,22.18207227683845,28,0.7002581177137117,0.846764828420322,0.6025794963250402,0.8199015070976781,219,58,1906,521,359,0.3812
3.9003406611686486,14.268927651463539,8.766623769222939,0.39397670193674733,0.2639661978841977,0.578478305205409,5000,1,35.172372935217545,34,0.7498571847082831,0.9034813750546061,0.5435080069822267,0.9812437032327928,4,44,18,8,46,0.0036
1.2348282209857624,14.00084774670579,11.895862879097786,0.21427674767249627,0.48110611189861685,0.41868743676661996,5000,24,31.788023322634498,58,0.3921881846446603,0.8232837906097266,0.3991698047094288,0.6140922487789268,24,0,96,33,114,0.0192
2.7982042587769413,7.367525837837502,7.394976826642977,0.1526123345894572,0.5058296132481339,0.43988084958533935,5000,45,16.82440545717128,27,0.46630855173476726,0.34714683705742877,0.5767774836193224,0.5983873266646197,228,35,930,164,140,0.186
3.420320476001419,1.3459949701557352,7.7414416538878665,0.05363856750843954,0.015167954998123056,0.292721795522041,5000,47,16.619459082180384,24,0.3143828939847188,0.783175098383111,0.779269402129184,0.49268884275943503,1708,26,3236,203,61,0.6472
1.8972118370958095,6.867657765517159,4.157825481952907,0.12524812167588648,0.2443919530512644,0.5482915531626001,5000,30,27.28920568828723,17,0.7825658571938824,0.3311904351825867,0.39519040636365976,0.4564405112177493,41,12,168,34,49,0.0336
1.0695677189137422,6.561848762488895,12.496182596532826,0.010451550455946144,0.3808592597678272,0.11321356366101179,5000,47,31.999134161078953,44,0.8589206778008137,0.24971390310975977,0.5856791401263644,0.32425497759526306,98,41,338,5,93,0.0676
5.757919793121967,3.92414955310044,9.444990722158138,0.15380812732130886,0.21606613590957333,0.10940739631657222,5000,16,35.51969829462258,38,0.332447099248174,0.2821753176779216,0.2574220043148109,0.7806011697778954,2890,32,4894,982,59,0.9788
5.792325727182468,1.3753769124327795,12.321256178635112,0.28339220937691556,0.5684098068589275,0.5006610325714599,5000,30,47.140110963692365,18,0.5227276802404074,0.7438846411233083,0.22784148993924247,0.7907666205173016,1255,37,3710,1276,118,0.742
4.3222785873632565,18.421500739912965,3.640934771920657,0.06524476000382974,0.4149073984928207,0.840744869864512,5000,17,40.99938409167628,33,0.9554009006784736,0.2615289294522987,0.3351477640577663,0.9853783434169648,68,23,205,20,44,0.041
5.4205680855279095,9.691060638665235,8.644623481258348,0.10662384882708892,0.3594165958759132,0.49633885648085496,5000,33,12.674366196537164,39,0.5081227684046447,0.6789238189669798,0.8208340593810917,0.7684194644337404,792,49,2003,265,133,0.4006
4.900036826494857,12.194948080629965,8.848370250152406,0.005385771007269151,0.3509829216249161,0.46494378354134724,5000,39,12.00715797275582,12,0.5193663918771535,0.30247864119553897,0.08363806284115417,0.8392444314672018,415,76,3701,28,234,0.7402
2.6792401612599774,11.253104826920843,9.518554744982147,0.27900073266704906,0.11323204820582779,0.1661002089711774,5000,28,30.5606862953857,37,0.07391219034767124,0.947485118197112,0.34806530370577027,0.06842925180702546,384,75,3504,1209,243,0.7008
4.95193887094865,1.2357038656588704,4.70828111538275,0.25021752821919685,0.4850765499751144,0.7427411535787514,5000,34,44.42856138203343,53,0.4286475110289719,0.48651960635045194,0.44633244312736453,0.8364543758601727,487,32,3154,1000,69,0.6308
2.419022352306663,16.891290528365076,7.008820619124406,0.37949530089679373,0.41062052225359674,0.09660697707497504,5000,10,49.330113958181826,19,0.2670679479710957,0.2883642512518312,0.8566022829988598,0.12820931772178398,33,25,71,33,46,0.0142
1.7170310359102032,1.2241652197431754,13.74337399656988,0.10400983655844882,0.4464874100659481,0.5588745817516982,5000,31,28.837373303186013,23,0.7470385881575443,0.46305196552354216,0.6101035999104146,0.38574335402838456,82,14,159,17,61,0.0318
5.286459675930145,18.384001709314884,7.375949897087571,0.2894061653419806,0.4381694021291045,0.6726667972749365,5000,49,48.07974891585884,30,0.15368310480161668,0.18533668520049784,0.12280160520439726,0.7228983529006626,443,96,3548,1258,240,0.7096
5.026836236140393,18.663927203949648,4.675122077849106,0.1752506892902668,0.45462109714838356,0.8657538213604733,5000,34,36.82066335413761,15,0.872599976982051,0.4511513991877115,0.8851616362008137,0.12592177445092856,71,24,111,27,16,0.0222
1.9090709602275415,11.21092132293209,8.217181326263093,0.14088691969221273,0.5423208209803948,0.3675082844972219,5000,30,47.334985271884314,39,0.7256811695578987,0.6233237040343512,0.5443364818584258,0.04584871369047192,62,52,280,35,89,0.056
4.541239807688919,5.506042947041794,3.004714179667183,0.30507328355710717,0.18710428869602821,0.22237471879828138,5000,20,24.923829812040275,14,0.9536078071391143,0.13441267003911714,0.01754384234162557,0.6297359364992949,855,27,4381,1710,74,0.8762
3.1961282013601746,15.557820837775484,4.529283421181136,0.2762846255072589,0.446143151576464,0.7623500898229507,5000,46,26.255120653440425,44,0.8210036921311713,0.8832959320139033,0.33925608443119804,0.7527765175952256,52,41,243,106,65,0.0486
3.3740895856212862,3.71408188649791,6.822831291004583,0.3571716027889219,0.08498479514906308,0.4898610568921046,5000,10,10.775066772454318,40,0.2067403222453825,0.263068867532884,0.7926566341947697,0.10259433857137382,431,44,1165,542,88,0.233
5.564965019196243,19.076765094129442,4.728861456071115,0.32700100131611576,0.4853687235327754,0.2551336258693479,5000,35,19.441373754622443,10,0.28578370259719926,0.24028333815684075,0.8386453983996817,0.44478705058436024,217,25,670,284,122,0.134
2.2304561178167885,6.043445498675407,10.138522420445895,0.046126607231815414,0.2883249197565147,0.019116635967521705,5000,4,28.10046430696623,5,0.6602472429948131,0.3051413095085753,0.3558506851418648,0.16725610985914022,120,228,1493,72,365,0.2986
2.50889920419335,18.278794791475608,3.6512441958265587,0.0690532356446016,0.12867990317150288,0.6007775358287645,5000,32,25.228930091655826,49,0.6362704310507916,0.18401988695455848,0.10550478826133634,0.23750916817307574,85,66,741,78,144,0.1482
5.874913589252788,17.33791733396031,5.30333417192123,0.34117836197146767,0.18480995539812572,0.7221087334321493,5000,44,21.38862002656896,22,0.6515572933901563,0.20147561485135143,0.4985266478998049,0.8502256035127999,230,24,952,410,165,0.1904
3.0060187794952107,18.610139379434628,12.622972267875035,0.3188457086757041,0.43318121447144126,0.7105833153568599,5000,14,32.122321213616246,39,0.3679248932174116,0.5272889956524944,0.6184568270494447,0.3476758497189439,14,0,35,11,74,0.007
2.699336670501398,1.8631295936035088,10.528725556001001,0.026309955425450927,0.35518825949883354,0.35503046323735954,5000,8,35.041708186440715,60,0.7880168615965988,0.9365266907916703,0.7232211468419916,0.3910788879641139,1208,62,2531,76,96,0.5062
1.1661989622357083,17.730324283365523,3.2500473134167707,0.3322735986292775,0.048512517270600936,0.6851266478380248,5000,8,35.81170763867448,19,0.9206606705485949,0.38702114812075045,0.4620788423577684,0.5473452580077081,8,0,17,7,14,0.0034
3.3797086858426892,4.677247476339646,5.136294444335394,0.12041023770902287,0.28911834064795183,0.26155746891742127,5000,4,40.2184049684854,50,0.8856777631643616,0.3026802818785148,0.4277391354187894,0.1133182548099856,1197,48,4231,668,79,0.8462
3.9612001175686986,7.404229032211272,6.0852871572226395,0.19466941173181776,0.560533813387184,0.9195845363905847,5000,29,46.20397821278449,55,0.3229608728384189,0.929888924530068,0.5421415929329505,0.4805183403118595,29,0,54,16,39,0.0108
2.499263756550097,19.557369816907872,3.243312333622113,0.34070780497705894,0.4318327898869544,0.27281834708684005,5000,39,14.703970959170004,40,0.010430123480527296,0.23864631151132662,0.2700127772698898,0.2921724032283075,517,92,3761,1587,201,0.7522
3.458468092659663,6.467468997272798,3.9735375580536374,0.32362231119196316,0.311465373323779,0.8136282423193988,5000,22,41.410540436717824,15,0.2336954171417599,0.37992275212630067,0.42225195704928903,0.5083848125875748,40,11,142,59,38,0.0284
4.972800353868872,14.305380162727523,8.578016418966103,0.24845610546082525,0.05589931008622182,0.8905228324529267,5000,9,28.919619882878905,35,0.6850545714314338,0.9789358214457169,0.5737895399591697,0.9963986651534832,9,0,20,7,36,0.004
2.6576562579452228,9.368632840176968,5.53157858103099,0.031845785779098794,0.3531897007236381,0.8221514795264043,5000,19,20.064708103536823,52,0.3914419580973945,0.14473006148188594,0.6513216586567842,0.06703940296845931,53,16,165,4,63,0.033
3.929965909919681,18.51018770522426,13.521107897315025,0.3004870206729482,0.5659177174642223,0.3266321960198167,5000,7,45.51495426192598,58,0.6994536571701307,0.41232266594598843,0.8130939136701125,0.2617797032383555,78,79,244,94,140,0.0488
2.903545810416735,1.6404157393571963,13.102153422671856,0.1805731540070009,0.5054016929515284,0.45636802306023266,5000,30,11.65563375480486,41,0.5835249460136274,0.3197372915139179,0.2728029433978259,0.02844245122335458,721,43,2084,485,153,0.4168
4.367969057203796,7.379729032390296,3.6740825131074457,0.13771631322335937,0.5619196762017882,0.6603111286897211,5000,43,23.328767179204476,25,0.1690083534045873,0.3193648402922185,0.8223933126490417,0.3606598956062225,388,33,1254,212,61,0.2508
1.1088789821774399,15.028201270792675,13.750561243350022,0.27229070887533785,0.4644457423079097,0.1274417566873717,5000,38,14.654659848296067,25,0.9809888651757808,0.08427635177283349,0.5730325756318081,0.5428765613124302,53,31,123,45,103,0.0246
4.476356750509747,19.42700111872537,13.026372007285007,0.16165392893375546,0.04503855440878431,0.8029435091252198,5000,9,11.126399576853462,9,0.07269314810809324,0.6212444268844359,0.5601221747793429,0.691279648408356,9,0,27,4,97,0.0054
2.3172356301060644,16.233767250273576,12.017323820212427,0.08146266448260488,0.16384670173580493,0.426650403963077,5000,44,32.32348691946141,19,0.6488749158536522,0.7775134715787821,0.6809042911276505,0.3036671239194678,76,31,175,20,98,0.035
4.297022012240507,11.36243296924872,5.95356121389076,0.0021962087844346915,0.14238078303622867,0.625436908550875,5000,48,40.08087039057412,50,0.2956626223658687,0.42458738246861816,0.6532595066019596,0.6403706136485448,367,62,1718,7,133,0.3436
3.9021278911386528,16.58327879304983,4.952200245590008,0.3187904985538022,0.03865128645507554,0.1188273459853368,5000,6,30.089052469767115,37,0.3537665111345125,0.2750988964698611,0.8447980900603268,0.8277868456044057,97,41,284,121,88,0.0568
3.500797705943774,14.516852474202796,9.064561015293656,0.3577048504418884,0.0965251070481823,0.40987660107727497,5000,7,46.235398232013246,28,0.27937110275761634,0.815791579437051,0.27391340787863167,0.8611536067695267,286,164,3208,1439,347,0.6416
5.204947566371424,17.008276726036954,10.999326783209426,0.3002613108029982,0.35633453904302104,0.1270257801131736,5000,41,41.560421698584165,24,0.04466411946720306,0.8881722632498412,0.6146481278913881,0.7918727752546376,569,97,3984,1558,222,0.7968
5.1550654593893235,2.963093179577201,9.02832002110157,0.36347655223525854,0.5151226758123449,0.14667851440403945,5000,37,49.64327283229841,56,0.6667664493172324,0.6536250815886242,0.6555046951011587,0.6359691267034095,3019,26,4908,2317,55,0.9816
3.2658698462775693,4.662604435342338,13.964389276297148,0.26420063853422876,0.21318094178992464,0.5197617930455447,5000,34,29.426263701516255,53,0.6372390474858356,0.9981668049531707,0.202687160224069,0.5268902821447025,619,58,2006,662,165,0.4012
2.816789056796255,7.471101182150845,6.095051651435643,0.3336010031287181,0.40112022271264663,0.7874016818901249,5000,44,31.024086819543115,7,0.19171286697464687,0.4038864838442827,0.21714563437857412,0.20973443475594933,59,15,189,86,85,0.0378
3.9700737741178047,8.862153120814476,12.125172791897517,0.07255090248518088,0.5488394195178862,0.5829440209577395,5000,7,49.38170043206907,38,0.8209437348230944,0.4691006183651744,0.036336448036301476,0.5208746922978204,66,154,1135,96,365,0.227
5.927564718285886,13.652139914670615,6.976053437209199,0.26835931952510567,0.13038036324431293,0.06629845226315478,5000,23,28.72252560876564,4,0.3894127178440086,0.29197991443472376,0.5640529324824453,0.49191082580546214,437,90,3743,1298,236,0.7486
5.244677076263848,9.346707747329434,8.40770231686475,0.052585866689511165,0.4219847870518367,0.5739901015825465,5000,7,18.251886493362846,55,7.109608000386536e-05,0.22001649996777176,0.08315982928866751,0.21948201548614538,769,89,4334,279,174,0.8668
1.1367260798499095,19.896580464668293,3.854119609448871,0.36373289652922874,0.4352536292644849,0.3558954573334734,5000,35,45.84920115879844,57,0.616933713611339,0.5030094400841353,0.8921101957616904,0.8086736069477938,41,24,166,72,33,0.0332
3.1887530597026723,14.43512413283605,7.467550999092845,0.03084440586489138,0.3979649607927797,0.22916833085553043,5000,16,27.652865113528872,22,0.7220015159352118,0.20278784963067148,0.5407437958433646,0.6725483297788631,71,39,792,20,356,0.1584
4.982671543364979,17.383512448264522,13.689296169766209,0.3768822734983335,0.22610380164248767,0.43431716562613604,5000,23,11.378454405288856,5,0.7553180593134663,0.0963265907184489,0.484083891834662,0.14001848043101117,72,32,880,401,361,0.176
3.8990411641122638,16.05957137919872,11.285631994275745,0.21697342280412957,0.37531949961784417,0.9001296906600195,5000,20,43.677772379254066,29,0.6287709346712975,0.3640033675375627,0.015295010778530203,0.46199224146892764,27,29,65,15,61,0.013
5.352605143410405,9.026616668110192,7.782508711132821,0.14483012168141338,0.47006299422128434,0.8640885072864852,5000,9,30.38225344189946,39,0.7819363737112839,0.7598564671967966,0.3974774696837959,0.1546791144993653,9,0,40,6,53,0.008
1.8462860542698885,13.859187368668131,4.261413483378154,0.2141174076445839,0.41094682439553304,0.37722407142512643,5000,25,13.760681833412555,22,0.4846549846527264,0.2210770019676025,0.7774055063050004,0.5226569218623678,79,36,232,52,55,0.0464
4.791652039118948,3.6555227946376996,6.796864890934615,0.2248742669146795,0.35565463709978956,0.5029966103666093,5000,2,32.97675142206028,56,0.49125326912260436,0.6093619909296004,0.19661350417269044,0.8595233593828914,1196,60,3989,1113,112,0.7978
2.896448660646728,15.702371680265271,3.328489192709531,0.3673644471295734,0.04030973841446014,0.5245622262448949,5000,9,32.90583549575257,36,0.17502621648820366,0.33075569317975057,0.28993041671403164,0.47315021803133417,95,148,2088,977,319,0.4176
5.953456367846012,16.00375592331588,7.302738736268959,0.13116317273078396,0.3685699546546554,0.7900588227802053,5000,32,31.33538719286674,58,0.0019711880559217052,0.9350944125195829,0.8860182732054684,0.5674891094090164,115,68,387,66,103,0.0774
1.6590987693409782,6.872212639599333,13.801417571202537,0.39217472707819256,0.41283882235208935,0.3974521059522004,5000,30,44.23032565794077,33,0.4457801774358461,0.8448725384315345,0.6083114009633894,0.787036004064673,57,40,172,81,87,0.0344
3.8669098491240037,10.694432067042207,3.625936700658556,0.3610359206483069,0.46302095858004455,0.8169324183141099,5000,14,46.523442660026525,23,0.5214388992086245,0.4450838931719358,0.6968362146668565,0.8821682121743004,29,15,91,37,26,0.0182
4.458005811273088,5.804621558148702,8.586669349582015,0.05672188115892125,0.22578935643494538,0.04983069961416233,5000,5,10.728070796057455,38,0.30422146570377334,0.44495716569491733,0.04549096910760956,0.3881192356789213,1818,48,4756,342,107,0.9512
4.386131107706715,6.158160848623448,6.556035998816689,0.2956331795374229,0.09018117983619216,0.37415049078465235,5000,21,16.899186007091025,17,0.14563598516516327,0.4264743606600174,0.8268072648552691,0.27745186503426944,245,24,639,240,103,0.1278
5.094062422033725,19.52773442868161,4.643724968056062,0.21313511264237156,0.4526601500233291,0.8063647963443813,5000,26,47.68714166971022,16,0.09346347553608461,0.33480427291086406,0.7502407313894827,0.9321063012596656,85,25,171,53,36,0.0342
4.691002377664466,6.292801055830979,8.067893816097675,0.0688021533028773,0.08292142797997995,0.05660092668603874,5000,2,47.42712652382943,3,0.5066198226334631,0.5708759277530391,0.8917498528169631,0.2677753795412812,2,0,5,0,0,0.001
1.817997616302862,17.697041326587264,3.2388510294444997,0.32913981292385297,0.3058480347508049,0.47259036452212794,5000,27,26.142105150475544,58,0.0809327871895087,0.6288153057055957,0.5241810288511413,0.1881701076286359,46,22,327,144,93,0.0654
2.112610265277474,13.465554330045068,9.168338994660516,0.07875719816063194,0.18819597875596308,0.9357756578517006,5000,21,27.426446040821265,35,0.19254280457626397,0.9947214897691518,0.46778873442954194,0.40606999914076775,21,0,25,2,21,0.005
4.662591356275107,17.977476830002097,7.72271366124337,0.23758352643845515,0.00995971068496406,0.8483108695734829,5000,34,28.25459976988895,40,0.4593161060026827,0.07290094028941319,0.8494096795267119,0.2153579697215479,186,48,498,159,71,0.0996
5.615209227444999,12.234550457925746,12.445691802018281,0.09199734156021538,0.09113514225195035,0.2203069970784205,5000,5,24.861496762168734,52,0.7606044543980893,0.09746439418819557,0.8300467066438391,0.8586880735485785,729,65,1601,197,165,0.3202
0.9331127426413419,20.702238360453673,13.895282846233174,0.2694252058613051,0.5443334898907018,0.7758054806625863,5000,2,32.46714755332455,53,0.9185144467549172,0.429995018334639,0.2698863053049034,0.40595379241542867,2,0,3,1,15,0.0006
5.7362391499733825,17.03151869652953,3.8252401719257465,0.25757651897450384,0.5678420192340626,0.2820177744364601,5000,40,35.84606178542197,6,0.20562922075388518,0.7027542977067879,0.03334544745146117,0.6138638507252621,1322,62,4776,1619,84,0.9552
5.033251671207691,4.600092179530635,11.354340922072804,0.22661440933475008,0.33268819328924987,0.9186017612384297,5000,47,32.194933112450634,56,0.9324196849005978,0.983310252038544,0.34734132610735574,0.09572084337755195,62,12,121,29,66,0.0242
4.578436424969082,6.604367439610253,12.353515593976871,0.19925593029692576,0.5401740893209092,0.43871993807302084,5000,27,16.543540502644163,12,0.21210820172405068,0.336087650290637,0.2794923624664841,0.8656541084162888,816,74,3796,966,177,0.7592
1.3497583390280155,5.759044662313208,5.983089288067154,0.22183894717411992,0.05475631497305794,0.5512244044690026,5000,11,43.938819522485794,7,0.48571396051858773,0.05219497728032772,0.8862114246196943,0.19615120147949527,24,13,41,10,19,0.0082
4.289224498605222,13.06943866251812,3.6883974874925682,0.18825053647339565,0.05875343516576625,0.1382060099277032,5000,43,48.95191001553699,33,0.9464926287207427,0.760117275616484,0.3358530392601227,0.4598140273859802,696,50,3604,843,115,0.7208
2.8411145646113,10.714999662430877,10.171113816412145,0.23366973067686,0.5758688562309783,0.6039901106982742,5000,24,27.885991847472802,14,0.14833646541117962,0.26371284076159884,0.05551225091128008,0.1853845376532384,133,115,1889,546,337,0.3778
0.8302644785950674,17.59277055054344,5.9011316362146875,0.08965263075808565,0.5948426943563515,0.18554136833958904,5000,28,43.69050253681725,5,0.14705506266060342,0.7560038109417204,0.5276227911742319,0.1222920122531199,28,0,55,4,23,0.011
5.294304815184922,20.51296012967738,6.65906613887644,0.23100569188061262,0.24121741940920305,0.16766513546142695,5000,23,45.521808835637934,29,0.6430121594665545,0.10237923398158771,0.6451544596597406,0.7884815443863489,400,50,2390,695,259,0.478
1.6061961479521871,20.47961152887746,9.823686562346584,0.3806580803496027,0.36540762370971297,0.7139784030854102,5000,9,35.476279102625824,46,0.8409336600359517,0.021840963882371636,0.13580255623221393,0.7625744083828097,22,55,74,38,86,0.0148
4.865236942343351,2.1226651656676045,3.1291082546903857,0.25314740293038945,0.5482162376945227,0.9490062256650279,5000,31,47.85759544367975,8,0.25027519035365947,0.17051757751531213,0.7378660447430749,0.947917849263188,255,11,521,159,23,0.1042
1.0725480968642414,10.543300859078311,12.628435821169784,0.3316993096634651,0.13787961031790294,0.1150780559701334,5000,21,15.225564639846963,7,0.653121211842915,0.22161631605794685,0.4661024841617771,0.49421101902059933,25,13,53,26,74,0.0106
4.218880065144424,16.630282995123515,6.049308477416739,0.1445401707397274,0.5109356064011089,0.09088682930222784,5000,8,12.841669381139988,23,0.7362001354504254,0.47827524832249113,0.17722053711431648,0.25641695630790184,593,104,4204,764,221,0.8408
1.6552304213418456,8.77805964629045,9.314805100767067,0.1564712520641799,0.13386129322582394,0.7202266796275024,5000,34,34.42714506647815,12,0.9943021790366736,0.9010241668823691,0.23633887991980615,0.10725903164205806,36,10,53,8,43,0.0106
1.0429063702613761,7.726236455852349,4.232523455020459,0.2971823907060536,0.42111667527789715,0.9034673573483978,5000,10,42.447915489034536,6,0.13837553432247746,0.8317366392731148,0.05516510915418941,0.4711125217967299,10,0,14,6,7,0.0028
0.8566078208192734,12.124331493699891,10.014783061552555,0.30267389307400927,0.09390472491946435,0.7615069972042916,5000,40,17.294388342692947,28,0.9591582499175758,0.6375635302395949,0.6524761539166273,0.08458627917172266,40,0,55,20,34,0.011
3.315792775800019,18.089719249572795,10.924797969919501,0.12390553371920841,0.369166328970773,0.29430806451602143,5000,8,45.83806407260036,46,0.7052539910255292,0.9759781428517134,0.429413735095039,0.0638859502370461,52,55,644,93,356,0.1288
1.8628518389838713,8.27333036417217,11.017948339307301,0.23785634820247337,0.39367264216149894,0.5546420175966935,5000,46,12.634979781487123,34,0.9374124052399726,0.7945635825249003,0.07723476857068826,0.49146616325605474,68,12,238,80,96,0.0476
1.4708474275803671,9.20551644103444,11.342758977848293,0.2520233793085811,0.02556591634721975,0.8822969956003085,5000,44,48.77725732305889,6,0.3484555180130627,0.5243364352059522,0.025037665995982856,0.9952545305688234,50,12,65,20,35,0.013
5.336165050921954,1.8056784809882402,6.529054458491437,0.3301942394836755,0.3294376794053565,0.5902363420998329,5000,41,36.360043029499934,52,0.04412223425351561,0.8295593265164917,0.08128690479955808,0.048091141614794546,1657,26,4453,1940,57,0.8906
1.6087399449959434,16.998431120523932,7.17599370042604,0.14128971447580393,0.5872005761962497,0.17645961849265046,5000,38,44.41962653455158,24,0.41259016806067106,0.851089625267858,0.562994167802378,0.863535202689744,70,45,277,51,104,0.0554
3.612282255135251,3.0817187030013784,12.410839564747956,0.25837027233495224,0.3835581964755748,0.8970590530608037,5000,12,40.73284780021531,1,0.7019221803220682,0.043032453060886676,0.5086886093031904,0.134493549682828,29,13,63,22,52,0.0126
2.6628277853368187,20.302157631700737,3.5408031229752446,0.16350734880137188,0.48251217926843226,0.07857315621483517,5000,40,22.861189319595532,46,0.915858313053642,0.13293204835024827,0.11361634157365536,0.3456439273670873,346,72,3058,612,180,0.6116
1.888793788891747,19.58910978236138,10.514830235691521,0.16294078593140926,0.3569400221814766,0.858201374313486,5000,31,28.08695189824372,47,0.7097269291013312,0.8437954412410488,0.7640991878837115,0.5295663579298074,31,0,46,14,46,0.0092
3.9759351698682233,4.8638050631660175,11.786186465758853,0.15365177935798655,0.19928750364208092,0.8298144684567433,5000,23,47.13710705996092,57,0.12761373099597662,0.6496406297382288,0.15068192842449923,0.9668460175661063,38,12,156,32,92,0.0312
4.813170666892932,2.982706140107501,11.474806345319985,0.02331829727465684,0.32056185848229607,0.6905745493008089,5000,28,25.43385591965894,0,0.6115896190726106,0.7613376681281442,0.40273096997482694,0.24394901735120503,44,12,77,3,62,0.0154
2.217360376342251,1.6632911456960688,3.7385758412051544,0.3825717061067371,0.21211098859509772,0.26536255244295914,5000,9,32.42590818621352,50,0.8669459909924502,0.7802948181437458,0.06814722551697563,0.17096219145233837,741,32,3809,1861,64,0.7618
5.041635910319678,11.677543642154363,6.968481250179739,0.21127990110585193,0.07955071193017174,0.33950034867104356,5000,39,15.685470921139629,24,0.9267255412051305,0.595730102347483,0.466822620558483,0.7492354714044498,474,35,2213,589,204,0.4426
5.753014586117428,3.3611788319669498,5.079232751262754,0.3029635825343485,0.3514919358380655,0.6522356551309728,5000,27,33.7392541356579,16,0.43601330654734166,0.6617168444418456,0.5615155340982759,0.7751253907316639,291,20,1316,500,137,0.2632
4.0543911847006,17.294137324028476,8.457783382763132,0.29965729854804096,0.3053692354309452,0.6025897473375449,5000,48,20.2975949453746,41,0.6440883864166503,0.9269420516091486,0.23153369866583953,0.4039124968044749,168,51,1358,515,347,0.2716
2.164223664287866,7.566407954478698,6.77089600637108,0.05414071729022594,0.04496793698199947,0.24584832420207736,5000,30,38.42088393949851,15,0.2189515044137746,0.46663051828794483,0.4741307969034824,0.9869155863922082,64,26,677,43,218,0.1354
4.5505332869790225,8.634440385450834,5.553113102879287,0.3440985418817235,0.05432683954303091,0.3826661754321209,5000,46,27.741931513448492,1,0.5678317830707966,0.5776570724015118,0.27563724079217033,0.5430891262505396,351,63,3373,1453,164,0.6746
4.318841298762096,11.23687538477932,12.38085732245144,0.39615247934893705,0.10264028001851556,0.6324133404096964,5000,27,47.95501155998712,24,0.5181416928795143,0.36146868609416644,0.14735185075488633,0.5778999661248004,114,45,1616,781,365,0.3232
5.921762911529949,10.882571946951812,5.7177206603049635,0.3350439512126204,0.17206565663376655,0.36672754135221575,5000,38,37.27750386347333,31,0.9376114820232965,0.9703922711736402,0.21482197373544998,0.38079126816946085,1064,44,3913,1685,126,0.7826
1.2416986635801346,3.676784603283788,8.682325412428908,0.09296556950234863,0.008785841180523623,0.38559586188656175,5000,3,33.24732909748482,52,0.5774840123679741,0.4255911996423172,0.1674693356988186,0.7720511631298423,5,9,7,1,15,0.0014
3.906017404619589,14.141831202069888,9.91815916116218,0.12179093159963417,0.34501454197046577,0.7701305621325865,5000,11,24.191936479927378,9,0.8758862348436764,0.027541069134905585,0.817704417444608,0.5857966421777663,45,25,74,16,51,0.0148
5.630919505046594,16.151304824138094,3.2693584884522773,0.26704621174706417,0.35297570094294867,0.019664239595305687,5000,10,31.18745828623203,2,0.977255688667403,0.32196672690006783,0.13777527236287151,0.06189199818675542,783,98,4534,1596,129,0.9068
5.6708054243626425,6.390448716235776,10.66333113099266,0.04984056301585579,0.06332312007878849,0.23709369605633965,5000,23,22.73588938570299,46,0.8883756096318508,0.8670726710015648,0.7474759190420242,0.17824551207202502,2075,46,4534,315,81,0.9068
4.269177946166038,5.9658558423397245,11.31571446903339,0.15880677795693343,0.5537065544290364,0.4265063591210937,5000,18,28.482703812931753,29,0.26020072497925983,0.6483183164036115,0.0693758534313473,0.8299042061872355,1031,66,4132,841,153,0.8264
1.5947460972225076,6.901039324516921,9.7440514948687,0.07118201288018242,0.35922780706654295,0.27424702917055394,5000,48,28.84001537795861,50,0.5536239904222591,0.4949268228431555,0.8238544665892457,0.3830475120442287,191,57,710,69,92,0.142
1.1970559623558918,12.089053249113668,5.085380350379671,0.1493504008497753,0.03958126461894658,0.45108134600390815,5000,6,38.247849602874716,26,0.4810525988339433,0.12453832104601466,0.25328067938556875,0.3094018980482906,10,20,37,8,55,0.0074
1.543618501509434,11.440375664143955,5.765384378304591,0.11782166971235411,0.31897053311914725,0.19460486579174796,5000,18,28.169323729716684,24,0.1358365927321193,0.37277406417917236,0.7175558559684674,0.5486902745876601,44,35,178,28,93,0.0356
3.008927704550266,2.3213820719753633,4.550190131041071,0.13173974356847928,0.09886783555779931,0.7822091983540871,5000,30,16.2396779685309,18,0.25235952636801984,0.05822450931251094,0.6476518493493727,0.47054568663373286,554,21,1541,265,49,0.3082
1.5963518131843224,9.301690533745024,5.626409233101164,0.18131441103913826,0.07003666500633104,0.49236545140598437,5000,39,18.32366618472922,54,0.03106866335593065,0.025166586990087603,0.21173781321699942,0.7353429687953003,123,56,1251,273,200,0.2502
1.3101541904133238,15.348849515557644,3.7738927302975753,0.3384694158081565,0.5389992035105049,0.20844299772082306,5000,49,27.220078819749112,2,0.789984375063087,0.45898746362345877,0.7550792159856323,0.6760888180238547,49,0,103,39,17,0.0206
2.748632811621972,16.46005940936555,3.6323859556339815,0.2710175551062316,0.12396134295819153,0.30475344532802445,5000,17,26.908621473847813,52,0.4177003890978307,0.9906834040790844,0.5489165096235966,0.24346116001223106,228,60,1237,444,144,0.2474
1.8503213934326,8.110219596425186,6.81949526692292,0.09170407049459602,0.2888470480305963,0.326008231477138,5000,19,34.71049657629666,53,0.2761725620443672,0.9668060872668,0.007640923964957801,0.5468441605294934,143,123,2326,284,281,0.4652
4.759644370291749,20.372314109012844,10.728822559096486,0.04371139974422245,0.13109116432815138,0.7746805359890429,5000,33,16.534384044572093,17,0.20937863178162097,0.9818688990728699,0.604619243807527,0.3482011518600059,50,32,132,8,113,0.0264
1.003704373118986,13.324294477911849,11.242045075647443,0.017207152422898043,0.41026890479137357,0.38870106599715076,5000,46,33.86912771359581,10,0.5273495012108201,0.9389381277171314,0.5029790412000077,0.5917732069627806,46,0,87,3,70,0.0174
1.2554702233736346,4.11765311950543,9.708019429115746,0.07619523850279059,0.18015097009987782,0.31705755704281796,5000,48,10.665003464128311,36,0.8337650708145821,0.10912924356083391,0.24023066850272204,0.26133473504916377,77,10,336,36,75,0.0672
1.8239851035463954,11.5822424318411,11.970138803770858,0.23399268065750092,0.22802380226613253,0.22986050897163762,5000,16,27.048480670470763,59,0.24312209968035037,0.3440650209905971,0.058876274234976045,0.08878388158446741,144,191,2123,621,365,0.4246
4.458347219475139,2.5664140291643487,9.866995728571103,0.3650173013102104,0.5842218276086905,0.26354601120169174,5000,13,19.561085814568965,38,0.47997965701887524,0.5853159556056046,0.36690509057115356,0.7852941273537691,2293,39,4426,2146,79,0.8852
2.8050876815073114,7.264462738527027,13.403135781520314,0.23323972750209357,0.18733101543972286,0.29469400983709093,5000,31,14.081801248222835,55,0.4529942544304482,0.22210259052666764,0.4801271076286674,0.5842517568593406,939,63,2695,789,203,0.539
3.961749062861947,9.582816484332623,3.9094751441383986,0.15125174807707376,0.3220001573996525,0.7131344267224428,5000,46,17.881190341173248,4,0.6175564505761536,0.4334653691964762,0.5959396589099172,0.7265192027568013,121,14,250,57,59,0.05
4.965771257973147,19.064605923802787,6.745623426005773,0.26151236115307736,0.14617309559425098,0.1664410810780503,5000,33,14.041001864288415,2,0.4298763983015263,0.02038549877381586,0.5721431633167272,0.6782854935898986,340,121,3140,1053,285,0.628
5.167204817682847,8.03666163033769,8.814644470329403,0.09547797578804895,0.04089771292349493,0.6610571446442729,5000,16,10.903205261907381,44,0.7854184752178405,0.7923016033033506,0.26189767235529293,0.9302064315751798,116,53,817,89,314,0.1634
0.9743158813901516,6.589617129537828,6.400199765247033,0.041816957026323105,0.18337041619762232,0.41242035213745953,5000,20,33.881606778879174,4,0.6907248058414509,0.6556256623760834,0.36572966826591824,0.8451750629072077,20,0,42,1,29,0.0084
4.330853849316036,16.746938971429497,10.287183467568674,0.2546363430921991,0.21908487705199461,0.9426743295168571,5000,47,36.814955123779626,10,0.011679026589729951,0.4593658531857767,0.3235002176619104,0.5438575356256765,47,0,94,37,50,0.0188
4.845020452379889,6.8173945378578225,9.649012464223523,0.35392417648671887,0.3006866271258544,0.05916418373909111,5000,1,35.65488313478123,42,0.460614397012969,0.964090604285671,0.44015287107738477,0.8749323068954129,921,78,4086,1891,142,0.8172
2.280019981825528,1.8714125891739593,4.202099015898559,0.1025063382835111,0.5634585664107635,0.8611656677428826,5000,12,21.524230570985576,23,0.8474327058178631,0.4027792379176044,0.3283167855648122,0.4530675142751397,25,5,34,2,16,0.0068
4.84228608332815,9.237724197428964,8.828048252828573,0.15523564722585925,0.4498174533547279,0.7630482504648893,5000,33,45.35843375800771,29,0.3699066367290384,0.1602668138095067,0.8405629653766554,0.30420136785890894,150,35,433,76,67,0.0866
0.8703457662989813,7.07720940234468,12.079666006357554,0.20220571087926636,0.4284965522282157,0.8369970468354817,5000,47,39.54451031950791,9,0.3001562499039153,0.3759685546727978,0.8958265044043204,0.5732401352241084,55,11,56,18,24,0.0112
4.222434233203482,3.6986950629371127,8.224563613549979,0.2581469435499525,0.1704744198957073,0.15538400101830546,5000,11,17.94433688347627,13,0.03950162275808302,0.204278529130785,0.553289739919717,0.6593771725284997,741,50,3606,1215,124,0.7212
5.718419377505709,20.72029354377543,13.13055962804308,0.17840547899568082,0.36188997430657327,0.2857547864676143,5000,48,39.5096995411494,51,0.6943626264009026,0.3961700484407633,0.857422239518688,0.2548768712052733,873,63,2265,494,215,0.453
1.45014745720978,9.121074008232124,12.781706815323986,0.2174068402223154,0.4856855560414477,0.8041237970157852,5000,1,25.279747700379406,15,0.24712196416067522,0.13867380852112787,0.8547233516760656,0.4028542437082916,3,22,4,0,13,0.0008
4.066675223932525,2.67729913146759,7.37866665227138,0.04698262910327183,0.2905539698732576,0.5079668046393898,5000,28,40.606352220023346,57,0.7351273214671669,0.11572381156994828,0.3971009772947325,0.9628595331315873,1414,31,4297,231,71,0.8594
3.869850073359543,14.413621355961059,5.586272729396317,0.39411416954160156,0.4483561714975702,0.8423366746620062,5000,43,20.869994196061548,59,0.010958193917172069,0.5249383282292078,0.274534065035498,0.18260488522536703,60,21,257,130,92,0.0514
2.7583840453631625,17.070647715586183,10.597140125559935,0.3059878724870737,0.4872208966193962,0.8536374387510217,5000,33,29.72243974123147,27,0.3412220323321506,0.1608909049490918,0.2831001879488769,0.7998369681142571,84,29,161,67,84,0.0322
5.956357636289458,14.168171207521993,8.820080832536402,0.3453100715233651,0.19119688186010317,0.9096288537525535,5000,27,25.528235631771437,8,0.5372444165228953,0.304660420668642,0.3003440157841458,0.3408284212539832,61,24,118,43,77,0.0236
2.3191837604776744,15.952023854321109,8.14861427444239,0.004228730301781312,0.015746474061222142,0.5118761747118769,5000,39,20.613708281258027,5,0.9781540979296647,0.5476161268692107,0.6395709327138518,0.21252891549330813,56,24,110,0,43,0.022
5.455922133919829,1.7922982078314822,7.714253356009359,0.21536142252693705,0.17723953309811857,0.15033219803050463,5000,35,11.061852721092894,47,0.026245310355088623,0.2669101195417986,0.6731086286992808,0.4491768057855619,3050,20,4870,1311,43,0.974
2.5290921988879784,7.959689737635468,12.05514939948976,0.18521670141993463,0.3657591251473411,0.3816736219099427,5000,45,30.55298770831149,6,0.7858671802632713,0.17304154182697098,0.26471085279386003,0.26267495066201474,99,13,533,121,213,0.1066
5.067790172497456,16.673969398620333,13.148696604367599,0.07521604757343915,0.0648469496352704,0.08935731461149811,5000,41,48.72325953927773,50,0.5024044037352502,0.914565222397381,0.3817849762838982,0.9397781528212178,1222,74,4385,466,179,0.877
5.309247325642778,4.9802339059970615,11.78178021518284,0.08011367116028129,0.16433023741273406,0.2519857484802764,5000,12,34.19739998876409,48,0.032572360264381345,0.456190204513197,0.5345017728279252,0.3419788357051964,2286,48,4617,488,93,0.9234
3.342558348037211,18.78117032786598,12.706451746089767,0.2933183983490291,0.4743408499311392,0.8733768550143839,5000,14,26.032108621026104,11,0.35888008448793485,0.37358292859451825,0.7222419986733081,0.2471746053222602,19,30,33,14,36,0.0066
3.3325144612610735,8.919515673563572,7.41159072390248,0.12429117645485022,0.40673104916512665,0.6696812872296409,5000,20,23.945334280000942,57,0.814364609362259,0.3730663671899952,0.7665879224395822,0.11771487734356831,86,60,414,68,97,0.0828
2.3046451052511014,17.420361796384704,4.145852933551405,0.35109784901834223,0.5600007819993548,0.8570533404271433,5000,27,30.22030875750305,35,0.7786526408626712,0.9911618289943249,0.8995241688328405,0.04351526687278566,27,0,51,26,23,0.0102
4.619952925044118,3.6073028421641933,6.479906092002731,0.35188741366380466,0.4178516701116206,0.5240118156343941,5000,40,49.79912342433755,18,0.5399873382932683,0.786944857340636,0.1912023171513873,0.5015570771039537,654,32,3268,1383,108,0.6536
5.8238544755714665,1.7280553481714889,6.758111441799844,0.38080741099959003,0.5497560068240758,0.24096312308267387,5000,34,28.985972989659963,6,0.48051837313642265,0.17230784113503736,0.37149066283460097,0.44599609515980065,1425,22,4188,2025,60,0.8376
2.3541094767860002,20.75148005798784,8.385216274702428,0.16610702588781182,0.009328224557799547,0.891795240865117,5000,23,33.135054898805265,52,0.8453698711355994,0.1188887273913522,0.01902675551000392,0.07122437387893084,40,30,84,21,56,0.0168
1.1209056614849988,6.527247784360052,5.327421060312835,0.24946610382022147,0.44691752373054033,0.22790612407775873,5000,34,45.19175556893105,46,0.6654610863529412,0.9783498069103801,0.42395042145308864,0.7450509828260037,59,48,421,138,94,0.0842
2.294179059661098,1.522014826335507,4.403869776278701,0.33120430927042366,0.27226927125332606,0.8799913951781727,5000,30,42.62359286872603,16,0.6865995687775646,0.7332615657472515,0.7440287430352511,0.3115342203521154,46,5,62,26,18,0.0124
0.9077778171931458,5.713598152663297,9.409861763981848,0.15789762973663063,0.3070332821405987,0.7540679701913323,5000,22,17.50573623720659,7,0.9709630806125773,0.8577061480696865,0.8097028121781137,0.9022221124140624,27,10,28,5,21,0.0056
5.132807416841293,2.685465016801367,13.91575010431387,0.015430080630456235,0.20370597902760856,0.17482428279139708,5000,42,36.557194312231545,56,0.4878033376481076,0.38900684673358527,0.5934717498075964,0.03617530947012811,3053,33,4829,88,70,0.9658
2.8596263362102636,4.577659799621472,12.109067314104248,0.18062308554363712,0.17859639239848193,0.5271689150455601,5000,6,48.290600059568305,45,0.15070794619281172,0.30888343568469767,0.4562983043143968,0.19315463195712515,70,78,639,125,263,0.1278
3.056668294553001,2.2968368829051835,9.733737023420723,0.2307334380980267,0.22009836339531053,0.24467563519404803,5000,27,42.28430507762328,3,0.260861833171353,0.2713532563078963,0.29917466388069747,0.6535074101187917,557,56,3098,888,154,0.6196
2.9983484658486264,12.724453903880312,6.2165528782171355,0.26032584172845147,0.3278012720872464,0.1875957828310145,5000,43,48.352003137432575,24,0.687013214477848,0.7184245642136664,0.30967428019301213,0.9753600676073297,369,54,2657,857,209,0.5314
5.87982107889155,10.79900812261254,7.928853918826501,0.0587907960096549,0.4298937129310243,0.8588915010597719,5000,36,43.71049374034645,29,0.7146497306518487,0.0514173732949644,0.8842288611080185,0.0026152806861472018,423,34,995,81,62,0.199
3.2623657016049714,14.75345059849111,6.7735347220437845,0.33961002380198374,0.027203637154289296,0.37544707021202794,5000,25,15.98542298504491,5,0.1345830097743905,0.04662725661397642,0.6940516151242007,0.8670957211314896,72,22,449,178,212,0.0898
3.603746748175025,1.5913200604984743,7.465738270527164,0.39629973258489337,0.22046672989055363,0.03533090037273493,5000,49,24.217962820170232,58,0.7542992180283113,0.10345682263568748,0.4906586670243902,0.7717694934996884,2628,21,4786,2430,46,0.9572
3.6406117006348957,13.783067692251649,6.57299121364171,0.3442301688301489,0.5263337185665525,0.5404087233836332,5000,40,36.51917293832855,28,0.3994927903757938,0.6940836003513059,0.3622559969537794,0.777866753971108,176,38,1675,720,279,0.335
4.592185236713535,11.88965295089423,10.541442060485267,0.3666284076557248,0.3479819008791786,0.22807166122917152,5000,27,28.201794563089187,52,0.8620759223625862,0.42500649463994533,0.45110602818786083,0.22768867544655372,1220,64,3876,1780,153,0.7752
5.469269603952973,12.848470033330942,10.273167901407351,0.2988089830170559,0.5508948298327173,0.7793584629989647,5000,8,16.574786332529136,26,0.8292663999949051,0.7344611837929089,0.2038254515571363,0.5712403299335482,17,24,71,25,147,0.0142
2.535167210339348,14.339394823074361,9.406602570150024,0.28027055811328677,0.36660252825048756,0.04207759622814811,5000,11,31.403150698365714,4,0.6320835440123493,0.16836112962846736,0.150919933009096,0.7062563709068341,217,188,2933,1032,360,0.5866
5.186612170688108,12.01241432453206,10.779400771218453,0.012902889782906175,0.06837945731520671,0.1598571937572067,5000,6,29.977827916539653,37,0.5551931760904592,0.9294972438115017,0.06134354625611205,0.052236255310040974,982,83,4595,71,170,0.919
5.540736734982547,8.12705579619757,11.357833115261476,0.38368590276892334,0.43358248049130843,0.30847434867099427,5000,32,35.31550130355432,8,0.06347737775586199,0.8647307339585127,0.5906120703336462,0.23424406437690418,588,77,3558,1652,229,0.7116
0.9586585025804295,8.391792330504087,3.0156016147106035,0.21916628499543667,0.030332230437770388,0.67355373925665,5000,30,14.420376166208111,35,0.05818131438008152,0.5486287879010733,0.6466356293711479,0.5234192186023698,30,0,62,20,31,0.0124
3.6950629631990015,10.779462321108236,3.482378461329519,0.3929979997595523,0.06784195808289939,0.27191793923385976,5000,40,27.56836606763056,54,0.5134097449284392,0.057499834224959245,0.5555282162426312,0.9988163646337989,1178,42,4524,2325,73,0.9048
3.8588409583825234,16.540976480336717,8.649339897757182,0.21931843480508828,0.5424453650205532,0.7050989620098144,5000,21,22.43697018132565,1,0.7519978578897885,0.6467634681027132,0.5670932467535064,0.010829234602594884,21,0,59,12,73,0.0118
4.0162881937517065,18.859804108548328,10.975465137059608,0.26313314025680395,0.4215242398686526,0.812471078578106,5000,38,42.92235753378128,11,0.17492741182998942,0.6491351596250063,0.6964187199940566,0.6344895684772115,41,30,91,35,46,0.0182
3.0667490917244544,4.234547836569724,9.471766721215246,0.2470644276090319,0.32428014621239964,0.38228423124288763,5000,43,24.46946430331951,12,0.8997798118717371,0.5069364356672507,0.34466463420583937,0.42988074897487155,173,21,642,179,131,0.1284
4.050889874754434,5.18833509014184,8.918294846043654,0.1833522578168195,0.3432380356939246,0.2665149561874479,5000,17,41.14034025834151,55,0.8845862897445521,0.9869908651965658,0.662113399566058,0.16496511743615427,1462,50,4401,1022,83,0.8802
1.828413219138802,3.632844948282843,12.674443641940455,0.3245014576846956,0.09524042476450041,0.2275217573957248,5000,49,49.601661637703174,4,0.2577692988262305,0.8570961537370524,0.29726981013935194,0.04099297627794506,101,13,903,364,338,0.1806
3.1579575464248997,2.5979454733923304,4.131325226718069,0.010714435962155594,0.4457415553161088,0.13606444290535935,5000,43,20.710261556502473,58,0.42911909501364043,0.40172620794662744,0.3727718754325961,0.1347192561996086,1624,21,4682,66,53,0.9364
4.47685452775109,20.434684243471033,7.4944161977753785,0.22326578750475476,0.2696476115879954,0.5642107462833051,5000,31,30.81793225350522,22,0.9608457637983412,0.13111401837250386,0.5919464811509169,0.11181627632927882,114,29,282,75,127,0.0564
3.2308686304983043,15.179504759751397,4.8293275959139805,0.2789658918976026,0.00841199111341409,0.6233548911459044,5000,11,35.58077577232508,48,0.6242824901794541,0.2937208436694212,0.8845563276540939,0.28786273687319464,59,59,186,61,57,0.0372
3.5655337150740785,17.794966812070818,5.928851690881637,0.24430662707822237,0.598158751535377,0.9373248649806083,5000,41,48.00512857434242,36,0.33652715187073606,0.5920743802132724,0.3130560021895217,0.1968090608445627,41,0,75,26,27,0.015
4.60019113474206,9.117523899498604,13.578395222075665,0.3104681381822332,0.08114867978095257,0.42469079675170496,5000,5,32.65362306488994,39,0.9816406520980502,0.693474372842962,0.7046044468089396,0.9188491761790626,92,48,251,96,138,0.0502
3.5679744210554585,17.95308731854517,13.451188191342256,0.2812775264946832,0.5915436817411885,0.3297191327942524,5000,36,26.54437545291504,40,0.5268677644629892,0.7381588684345727,0.7162664856990767,0.8532327074151794,280,57,765,272,201,0.153
2.0720269203765063,2.4643753140251388,11.36460917760833,0.17672921140140596,0.5615210027580378,0.23754232222258542,5000,23,40.87240485092704,35,0.9060018491299469,0.965899839309596,0.7519136196859981,0.41069621404648576,386,38,723,153,68,0.1446
5.30367525254477,15.99502315350627,5.5086114357578,0.20154730840274163,0.5971178091330478,0.3112632430202333,5000,44,44.363578362935684,13,0.0031868802182532566,0.1673669333354588,0.3196577601403973,0.5353994802823362,890,61,4502,1207,132,0.9004
1.7429822020623393,11.431118614916137,5.1217462977684685,0.3770100890070745,0.10686036918046185,0.5417787278046521,5000,31,49.438414823710794,12,0.8390332886866358,0.39371062493791203,0.3877829369052705,0.4658682782916715,58,18,124,70,42,0.0248
2.4026069581258347,20.226252107754448,4.9147540752226115,0.36125862470711406,0.22281045109977476,0.850696680873717,5000,46,29.826298715989047,42,0.17420298454330263,0.31061263581238213,0.11391845292655077,0.3719120240121027,66,26,165,70,36,0.033
2.0439218896838516,2.910621493519809,8.380837411327423,0.16509746570207973,0.2843016027787309,0.5233375623269834,5000,47,40.23085048980576,46,0.4773644070015712,0.7004411130904739,0.31552885539755826,0.41698831018951443,169,47,747,169,91,0.1494
2.709062971489998,14.093248327113656,9.009268496559452,0.013437809975121801,0.08378584435769439,0.6145643606522907,5000,11,41.285191285056875,53,0.45321963011019567,0.6186754243354304,0.23926613037421227,0.6453608313790855,29,65,148,2,138,0.0296
5.93543205776033,16.285502533367634,5.934805574169657,0.0735023452471094,0.32552043414570714,0.7388456595341552,5000,44,18.55850923723806,44,0.013965188789091091,0.012701030833656812,0.3265162375750392,0.2108463024002318,1326,61,4257,423,125,0.8514
1.1862086213551788,10.148048556249579,12.988648544310779,0.11187729807490904,0.13268629570394602,0.5097752409769555,5000,24,39.20893487372466,33,0.23454294067791268,0.871275827455938,0.6823458602867316,0.15442754334171738,26,13,40,5,49,0.008
4.826843173867091,12.408684552356597,5.230300763323398,0.3063069113445189,0.3589248566068353,0.7484271459085315,5000,36,39.31283767731386,50,0.7238562251790982,0.9589924098555325,0.010705064066283439,0.46270449156243704,118,53,1186,459,219,0.2372
1.4222393654689265,9.319919662987846,7.053937920073753,0.30996641135671965,0.28210163887341566,0.681961161435632,5000,47,33.5541413360728,58,0.11923725123581816,0.002845965646875415,0.7010717245022734,0.08110245840251104,327,64,1667,655,120,0.3334
4.604439997652773,8.886425464697876,3.2574879622289448,0.357912622536294,0.2247691345195526,0.6331241949061998,5000,12,30.00357900424962,7,0.69645805245228,0.8145608768456831,0.09548917252732211,0.6039511555576628,98,81,2338,1043,230,0.4676
1.6208551311476287,4.785934834446579,12.648023116459973,0.0028916758755696127,0.03617171540115556,0.014468128875222584,5000,44,15.01930697242811,18,0.6130410026971741,0.22871260826877907,0.48894764653790396,0.011217466942072825,148,24,380,2,118,0.076
1.8386046316941245,16.493172783102374,12.836004979318128,0.33395154763364177,0.5669903296572658,0.4468317415528713,5000,38,23.741718535120892,36,0.4729311220121315,0.26503625116701784,0.038637176243272085,0.119526245160487,51,30,331,126,335,0.0662
5.986237375742108,11.515914325138603,10.221360047363806,0.3831983543876176,0.4289162157405454,0.4815487022089772,5000,5,43.34641059568576,33,0.5702364108989295,0.9246288520457348,0.08011068321123965,0.9349244339527794,717,112,4188,2051,220,0.8376
1.6951375416429755,18.21582446920676,8.367107713071604,0.2038448545646095,0.4479099596664513,0.7670351102369714,5000,16,33.90385151911052,34,0.13173558624928539,0.477150146697421,0.6269131980936095,0.8386820412079454,16,0,29,5,36,0.0058
4.961051368347651,6.70865661868565,10.476936076573079,0.3724351223168089,0.2978790222969861,0.3495934978933256,5000,13,15.754350310498982,34,0.5207662787934134,0.7022306782403198,0.8767988687778904,0.22366979359287434,684,41,1166,526,117,0.2332
4.2515610705396565,12.684197693943979,6.27476795956399,0.034290374439047956,0.4355184019271237,0.7353916646665557,5000,33,23.906164807468265,22,0.02659250750728574,0.4380476939917915,0.30404426728438366,0.9011722400814512,93,35,981,48,323,0.1962
1.2816224184782523,18.93894668805397,4.810980670785361,0.14851599688328504,0.45979918064732195,0.8437354963567186,5000,8,30.476786679804366,18,0.6196686807839993,0.23026923859731943,0.020733321691732327,0.3999620055160332,8,0,15,2,14,0.003
1.090050205306401,6.258676426828047,12.048455224823888,0.09793376277947466,0.29904828015050666,0.10564703604660645,5000,49,34.86193938187234,13,0.5202388046648525,0.3018136765640634,0.5412619171975349,0.6250201289821824,81,20,185,29,79,0.037
3.6324347429455948,5.1104282841689175,5.689371810875961,0.1681061050827113,0.07615620497393814,0.7939858076899229,5000,20,43.77079960643071,48,0.3508444517448624,0.7588420254274516,0.765307020080817,0.6182650604111737,28,23,180,38,65,0.036
4.565371942192487,17.144447754320396,10.697947734596323,0.3573210146707571,0.563996905527063,0.34799165518799086,5000,48,23.709257980056023,19,0.3018527657364133,0.3915777477952175,0.13501355507722695,0.7672398673262265,640,99,4201,1938,260,0.8402
5.569196777570338,13.20085463619207,12.80638920613777,0.32897600074877137,0.0882822895139946,0.45728472187001246,5000,17,43.56686681545582,28,0.42787955929476706,0.14816924923232724,0.457286109972133,0.48424968523833883,311,131,3096,1319,316,0.6192
3.473910199207687,8.764257562437152,12.254328940230902,0.3304740099057153,0.49914824968168653,0.6061931776791976,5000,43,10.879362097402089,13,0.09862552790888245,0.5918294373685108,0.4866107015107082,0.9512812163118461,80,22,275,116,145,0.055
5.9917528631498715,7.7444129651312625,11.453053498365085,0.28064706792979915,0.02124350010634999,0.13270993364924774,5000,11,43.24832388518335,8,0.20137422572952635,0.4849711615442889,0.657781458471449,0.6899261050434566,616,92,3687,1323,214,0.7374
3.7679345469072176,19.199863382004622,13.216389052792952,0.2672604881819705,0.2745158261608599,0.36952157063501395,5000,41,11.889249362161578,51,0.1937652112460396,0.7730105141235237,0.3062370901558359,0.1502807464887743,444,115,3444,1126,318,0.6888
5.037323669446496,5.860036770778992,6.948365791008137,0.3524467320716895,0.3939065202317374,0.10010206760338718,5000,23,49.166459306536716,54,0.8369419472327746,0.40848629801307623,0.457989889796324,0.9796628264610197,1765,35,4865,2342,63,0.973
1.4007391572939607,18.33968153851484,9.069714985779354,0.021843344711399596,0.4153865561274368,0.9150689919103842,5000,5,21.32320538941813,20,0.16276061523655125,0.9623997124557415,0.6549200707691357,0.21957443445658864,5,0,5,0,11,0.001
1.6313413360364644,2.217661387388221,11.657979021376576,0.37072134686661284,0.18601512488921096,0.6316960092954487,5000,28,17.92174764908598,60,0.6545218687099948,0.8360016338417432,0.16251264104548474,0.5681630803227253,45,12,89,43,81,0.0178
3.8542957685986865,5.258615772331683,12.136984446049443,0.10982178091713715,0.44428189114711963,0.1905114960108113,5000,37,26.58236247152245,32,0.16029217210828237,0.3058633149217015,0.47172492241694536,0.7800222922248937,1391,42,4028,555,140,0.8056
5.858021465289651,4.738911848772077,10.725312305509537,0.1819549169522835,0.29422318573124023,0.9329755148675986,5000,20,22.25692132704298,4,0.2451871962222279,0.2983431422948858,0.16669851363713595,0.15296824804985734,47,11,84,13,65,0.0168
4.83759364386886,15.155198174758308,9.759500724647918,0.10321376549912996,0.5921042318702688,0.5413511703501415,5000,34,39.66269018921384,17,0.37146940386924954,0.8074188645110053,0.4474404686381311,0.4587424957333453,86,155,2002,270,359,0.4004
2.5719467041185045,5.846996222672032,6.924029303710519,0.034709521035001245,0.2520207801050006,0.46126647760504574,5000,44,38.71983114208227,17,0.679000113089092,0.666738235792422,0.8479023482092191,0.6493674716618805,118,23,313,13,54,0.0626
2.7301342785411635,20.597427269588124,3.037580297499588,0.21111813792112236,0.5322659621048653,0.3212019467673672,5000,48,23.009116182464652,38,0.7081070142038172,0.25828236688404854,0.2841929513217021,0.4111327932712185,356,49,2585,692,182,0.517
5.073917648035335,16.91064390397683,12.679879348946818,0.08648639861721458,0.36421125417983985,0.3060110525491988,5000,40,47.90861130347096,53,0.803185418648119,0.09436703128595982,0.43261919794375137,0.722012963444477,1168,70,3717,428,192,0.7434
2.277324649162657,9.646277397202143,7.923984739829765,0.15494419841523757,0.31830370883711206,0.11151730827169168,5000,5,31.962312969677477,28,0.7126879374659902,0.40939003352559367,0.7628038263121827,0.7487970853723958,16,33,51,14,56,0.0102
4.694697753246189,6.505299357037938,8.052969751414704,0.06002767317244239,0.40897207427307847,0.47763968608925716,5000,1,15.94487586168822,17,0.16356160394923364,0.8300163233742344,0.1592610447969791,0.9631770961601894,840,102,4110,293,187,0.822
1.5650585248297015,18.11359261242182,11.812714095593863,0.007988429404573045,0.15123095506120923,0.1284948701614021,5000,10,23.816995876534648,38,0.14380382645293088,0.3491201669351334,0.19782728015531834,0.9722640832159269,58,326,853,6,356,0.1706
3.471316572412266,13.76659241455774,6.138741713067828,0.1611355219774254,0.35439298357307525,0.5336839690873815,5000,18,12.960349214257164,20,0.9899661888992652,0.6953827420453828,0.5909840474590241,0.06512259561146624,45,22,173,42,111,0.0346
5.214306995664662,18.8661631125628,5.714651947480826,0.08291735586790708,0.5070878997327274,0.3458133288386589,5000,36,25.170483003097928,14,0.32041067715169236,0.6372418337568798,0.2725990779208002,0.3957104117416118,708,92,4192,429,194,0.8384
3.479797316871312,3.78685492398074,3.970852204126741,0.2634113023609546,0.5253350093767285,0.21248155642863203,5000,24,22.833086045737517,12,0.0688219071643689,0.8807740039581627,0.17123115492390903,0.599084677921706,795,29,4252,1441,62,0.8504
1.714386242501439,1.2948139206637241,10.865786169266537,0.2437634906299676,0.523527253793027,0.5566349110840472,5000,40,32.04098515948412,46,0.8746575176738017,0.8096162425082317,0.3931914185925703,0.5074502615765388,80,11,234,70,72,0.0468
2.8398644247360636,14.864201580889677,8.273015692959174,0.3561912399581458,0.4290486908764017,0.36159322826542584,5000,43,13.196925305783216,21,0.6346305707196943,0.8615668303738897,0.2766500413296886,0.06781132606289049,104,24,1557,703,355,0.3114
2.6749965455337135,14.359885185210576,12.475031060594999,0.0497740470372863,0.12991564533892613,0.30302894990799345,5000,20,20.785961574836826,46,0.5238686137479122,0.13333457173159052,0.35089952156395743,0.6110726377533372,114,71,1428,99,363,0.2856
5.95319263124016,15.72874148936393,3.506733456701628,0.01000378516142158,0.38206717497094034,0.7814825932917123,5000,37,19.803567644386458,53,0.2250602701548605,0.17527064060836595,0.3340381974548668,0.8315074338520823,343,57,2206,34,162,0.4412
3.5732923750168393,11.606223183010385,8.92494532418386,0.30224872543157955,0.047074346104314005,0.7233236492978923,5000,29,22.61173979893745,8,0.05792561905576295,0.9348540906540034,0.11980667853564762,0.10324901830534833,41,21,486,178,360,0.0972
4.51217625938981,10.608023739873579,5.843143655043586,0.0677088440059765,0.3771041616995419,0.014120351954725448,5000,14,17.43073596541295,33,0.39288777672753705,0.14911365425968862,0.5590157516254864,0.8321192494715988,1130,44,3929,313,149,0.7858
4.381310830060833,14.679138929085823,6.410990922803514,0.36799715706608904,0.2501274522511574,0.03780594728884146,5000,23,14.690016739368335,37,0.2798340698533349,0.4403683335791158,0.64256759196903,0.15578285340535594,561,57,3431,1618,204,0.6862
2.8305186519451215,10.089150038803934,6.167014777421672,0.11593596031517067,0.32490684924247315,0.8047472702802075,5000,22,46.605326028988614,24,0.916919063796903,0.013115631693659948,0.16146003854122995,0.016786582291839918,180,34,1062,160,145,0.2124
3.2398988882662723,8.532609404563797,3.5350720902315476,0.19532398813122845,0.07844572815113778,0.6396809368081465,5000,35,16.85156251644516,21,0.3840001294660094,0.19731571746046103,0.13391990495082065,0.23209582159033998,156,24,1369,344,243,0.2738
1.4934059581093058,1.5368519509522012,6.561031815967394,0.32812592196731527,0.4145666560355492,0.4302098973623953,5000,39,14.531152642065301,52,0.1644360657969534,0.509278922025424,0.6830491635911994,0.9351374863628543,93,7,528,205,87,0.1056
3.513543494279511,2.6509988266876645,3.1355436411364725,0.2810007474096157,0.45134716538780273,0.3914110421501364,5000,25,14.313793072945236,20,0.5508141975014151,0.41183249209726774,0.06530121609811808,0.20818573062428575,1221,23,4209,1505,53,0.8418
3.4455882133996782,11.842389770140644,5.852829141800315,0.2871660374046317,0.4119481207403378,0.647782493894847,5000,22,33.693380626928786,47,0.20706281641025437,0.1967674925133835,0.6312807652899833,0.4857539532636212,117,49,520,195,93,0.104
5.871519322998596,1.9954409266457152,5.480486190619005,0.3603351632988587,0.5661485151017709,0.7849119032701508,5000,37,43.08995761100753,7,0.7269519603182464,0.135386411564261,0.88211429556279,0.7287698741407819,453,9,603,245,27,0.1206
4.603139999152992,3.1079101130584474,4.887321545115391,0.19666345219438502,0.47969854182403887,0.21376418013034085,5000,42,47.72381934755548,42,0.07017440555678127,0.15781235369653385,0.2162561247502886,0.38279402400843515,1588,22,4758,1231,47,0.9516
3.492499507143637,3.66952153200406,6.832886835149992,0.11362753439434746,0.04618541039060399,0.8869751602891476,5000,4,43.28798088924418,42,0.17943198741615904,0.22359110859676365,0.38725857301242367,0.4372346259239537,10,12,25,7,32,0.005
4.911879399355738,10.11118114433448,6.263003073760409,0.11228024260488856,0.023411190712298736,0.5093051922112269,5000,24,37.591392504873895,32,0.7211276104167245,0.7652537427648418,0.34479122802080514,0.9459043620360952,368,47,2640,392,203,0.528
5.267302739250439,3.472254333049669,8.778395373520022,0.1369729386811806,0.01118704350168442,0.3506618198588968,5000,50,10.466679310288708,46,0.44667030585844547,0.7271941552370148,0.5403142941048316,0.9330974267272618,2048,31,4721,836,73,0.9442
2.9176155024484673,4.28436122322552,4.441192373188105,0.2629372163158842,0.15714175728274649,0.8316189965679766,5000,37,10.497961242239775,54,0.041319196093777794,0.5814338825640135,0.2378891110724038,0.6082749155938827,41,10,195,65,74,0.039
5.089776795044494,3.29309101479478,9.870816767747915,0.35849838203889284,0.2511723552548238,0.8201308942308073,5000,39,39.07581003433852,36,0.4863630892785542,0.8245520405400423,0.5176660349172476,0.14205183743494584,73,10,275,131,75,0.055
5.063866918463471,2.101915126984088,4.259302067676763,0.1417454660342593,0.437861485075898,0.25655168178256904,5000,40,40.506285574220676,7,0.3692853906962671,0.39238210182216043,0.33554740352467444,0.5753042843230891,1123,20,4310,805,59,0.862
1.3798918874112176,16.229488803370092,5.607266641644902,0.07834765825577053,0.3020891861801061,0.0030637882967737774,5000,35,37.06671159880213,56,0.8462010686739652,0.019120882524113144,0.4892693768711317,0.4415858474129353,130,66,595,62,129,0.119
2.691357001830049,4.559948617341487,13.42400595149287,0.041327018861556986,0.487917638612856,0.5424810003798911,5000,32,37.08086470137815,15,0.7194807195791649,0.7423580605435045,0.487489558527695,0.04884379877843391,61,14,128,7,86,0.0256
2.6497989115821063,18.005780390160396,10.04586253651308,0.3046985547979061,0.3693283807518907,0.6774845780872273,5000,28,26.089137180991454,54,0.6511233754900903,0.8909881256870482,0.4077672898543068,0.3014529088416449,39,53,162,64,120,0.0324
2.623568453122284,1.885132292883096,12.424809813839333,0.1721644950027171,0.20254865279183557,0.39776541034332974,5000,46,21.95014618383653,52,0.5188559314929901,0.048130369698293964,0.1593826667575473,0.47260095005451963,1480,39,3857,855,97,0.7714
5.307601814659223,7.910238510649637,10.360344667694452,0.2748529826358526,0.37684813066077233,0.8779891211207392,5000,45,29.86044033016947,5,0.856929898970135,0.07901683511487625,0.582547352682345,0.039796089739742614,148,19,267,83,64,0.0534
5.15275038143597,15.391516200138119,9.67902891260953,0.2915320445191861,0.3198390018268402,0.8758511190227735,5000,23,31.264798852678723,6,0.4547104996063691,0.12401182479287538,0.4384820690073457,0.425276857347905,66,26,161,61,103,0.0322
5.183998143485828,3.908046879470334,13.289519537114316,0.3000372501264556,0.030960257979024595,0.6782268954874884,5000,34,30.72983289845262,25,0.6954561967318437,0.13690370116946815,0.879904721341921,0.3864396129130582,592,29,857,341,63,0.1714
2.1928234295229703,8.207966442354426,8.912270082939333,0.2901000138560228,0.17886792158722736,0.6182048624048613,5000,24,31.561887073818276,56,0.7769287742272044,0.8218879266725869,0.574445543640508,0.8377202464705861,25,19,111,39,80,0.0222
0.8488924644501691,13.349355396124501,11.850397994101757,0.007055985975325087,0.49024470346756266,0.25446600965204674,5000,19,29.610119972017536,12,0.05527687467899709,0.20910246005676691,0.7624321345889723,0.7966583764603155,19,0,41,0,45,0.0082
2.6162897100726554,12.545733234224238,8.855567532954517,0.31524231112007284,0.4282441584546274,0.011906959789477865,5000,11,34.17351728180698,28,0.5619896859188009,0.09082396631261297,0.820354171862696,0.6388014302697198,116,40,299,125,101,0.0598
5.0872742511646205,5.025521147790048,10.62181071768958,0.15155835558198916,0.1497713008380077,0.45826003523858166,5000,20,29.91103474366309,43,0.4575567549596737,0.8590935193990308,0.504372945303325,0.9266408236851371,1352,49,3418,647,128,0.6836
3.336353808678018,6.0114910827851205,3.9846856572316276,0.25185226304600133,0.4004288036850707,0.8055805751518619,5000,23,34.590684028421485,25,0.47315702588794195,0.5343651233571043,0.5849739092262372,0.6124825922245054,35,11,133,42,42,0.0266
2.097430090583118,13.643976109099658,13.514996518497796,0.19949817486926438,0.07585190855567393,0.9078726027171586,5000,29,36.62856256157451,19,0.8400255566823402,0.1827805227286002,0.08507711733244351,0.5294995106813931,29,0,61,14,54,0.0122
4.2609740347874965,2.7529610632625308,13.47009697645868,0.07884461767300374,0.36090534347567615,0.27480671765274234,5000,8,44.52502516827293,7,0.9065816973324635,0.8201558124720199,0.8136929555799199,0.742778112896671,21,14,29,3,38,0.0058
4.21288960827552,19.04643606298714,6.180295766952712,0.07060769238809177,0.1396358545517809,0.4630402649048827,5000,12,20.017310497557222,5,0.2874667490876529,0.2037092027097947,0.31237730960174115,0.8312752103657738,247,147,3201,272,340,0.6402
2.9668371766232218,4.454968085894894,3.5579529299688444,0.05143870927833924,0.380579810694548,0.2958005211874018,5000,24,18.86733294212122,54,0.05272948228810713,0.6986660264974884,0.4084802172087726,0.34115570476775275,739,38,4400,293,66,0.88
5.258540652821572,4.4287384463432735,8.296468661289515,0.0667929910223553,0.3517640375350877,0.4851071862082428,5000,19,17.350710889840343,31,0.12048938043352916,0.9093888884912652,0.3505441310382718,0.3536211609523676,1044,43,4059,353,120,0.8118
1.1067488115450823,1.451577154414281,8.782431814719843,0.038268233863135964,0.05975776909894657,0.14367444601976867,5000,24,23.822635272743963,25,0.049996869730392274,0.33672970093271376,0.06392354535730266,0.30955606332844793,127,67,1155,58,245,0.231
5.2971654332667635,16.778374911963617,3.86241929015661,0.31591253611690434,0.007236007664127987,0.19167612274406065,5000,8,48.38964122264582,22,0.8582038254926784,0.9450627299541912,0.23318390551706134,0.4190559569394656,466,98,3820,1515,194,0.764
5.168284884924113,5.105651926149394,9.374093289529315,0.20475343532877754,0.47521289368803543,0.9042388797332211,5000,31,10.001466655592651,49,0.21195629787583462,0.2087441757633013,0.8879866788669404,0.7129589447664021,102,16,266,53,64,0.0532
2.9123031353683766,10.721582583162428,6.269442011644031,0.2301056286216098,0.01795047465908334,0.9456809031914527,5000,36,28.153722528742545,29,0.4523326808154739,0.6362576058474788,0.1943277670792265,0.9773917604317442,36,0,56,16,18,0.0112
3.8363759541821985,10.055765305170851,10.85743427693349,0.06198643053836004,0.06188882297962949,0.7609247776644465,5000,7,21.035618123315928,22,0.30846793642927384,0.11031378342270018,0.7931234901881012,0.6007274742139618,19,32,46,4,61,0.0092
3.0508350408430296,15.148579360443225,7.2034029755214,0.03951080572905846,0.5901673632731642,0.7802725886079476,5000,29,30.176278201745976,37,0.3837687095435055,0.4648411874640387,0.7682684007959695,0.3235767481435883,40,23,103,3,42,0.0206
4.52148062343318,12.806059059220946,5.58197910260767,0.28661251707990915,0.1691077965009389,0.11048040153940457,5000,4,41.58841649945717,41,0.9588980158028227,0.8604351456256459,0.7329531201111043,0.2961975403644445,458,52,1492,517,148,0.2984
2.9318271023569027,18.473642590422173,5.6047988226739385,0.2727041390440122,0.2863241163461552,0.5667434724706455,5000,33,31.766688840702876,27,0.8954913438192438,0.6793142789618553,0.7632409551629878,0.8789263566334062,76,46,208,73,49,0.0416
4.488244731101017,13.755933923772654,8.937946893592214,0.2821209243458495,0.32596352016934,0.5990964940387666,5000,11,12.461470217160288,36,0.09708889034673422,0.09537959325235365,0.6702770571351001,0.9068166066091375,98,42,456,156,147,0.0912
4.944077029134161,18.563493107062015,9.754968701451673,0.1636779029658126,0.03210762048183387,0.3233756111432269,5000,30,39.18689587779313,2,0.09540232350201493,0.8091498756037553,0.7520484246984503,0.8105028439618969,40,29,541,96,355,0.1082
4.070738918259985,14.917311835185975,7.048415563098996,0.025501465151919478,0.026516968740326698,0.2760292561013485,5000,20,34.540377338258864,18,0.15829868117412554,0.7151243920399112,0.14960398861936508,0.9462772337651532,798,80,4433,135,184,0.8866
0.9689139269187126,17.155164219321826,8.045248323730558,0.34051066200120034,0.28465574135948424,0.787784423640562,5000,11,23.662816165915835,0,0.8109032098265698,0.41646143097385807,0.02216272559209534,0.5140860517492681,11,0,16,9,22,0.0032
3.887936080686438,18.80280833342725,6.6190981326885145,0.33561438594322773,0.518710280749315,0.2725423925514399,5000,18,33.64770605614373,56,0.5864595862845848,0.054781247875796,0.8550405056432852,0.48696634313882414,665,72,1827,718,131,0.3654
2.5952208281141065,20.95248266751942,4.178398455409811,0.17022105129777693,0.14032320469338375,0.8980512150534589,5000,35,27.341624906454296,55,0.5016596797789525,0.8923213831980332,0.7443160932351702,0.4774674577403716,35,0,67,12,32,0.0134
1.8164743160388173,4.334717995656598,4.194980956269959,0.19613931239590532,0.19547434388221305,0.8009107438047267,5000,27,26.19263464639695,37,0.6885650990823005,0.06432792968597374,0.6984820526205259,0.21874535798829026,81,26,455,118,52,0.091
3.7231920372740532,13.25088666784555,3.70721332451402,0.031187551967463246,0.16235888718608651,0.7922648039643606,5000,40,12.5420779171954,19,0.6898165911082991,0.8406809704424681,0.5122675091580053,0.46700901004073586,52,18,149,11,41,0.0298
4.165848943253961,5.078389595763835,7.995928857375184,0.3193297736821906,0.011454513965305372,0.4654479812193775,5000,46,25.91487578619428,13,0.3875826008626748,0.5766255448647714,0.8423113837062965,0.04999553554911596,176,19,429,173,97,0.0858
1.5982018086423473,6.177338281265643,3.863674508372598,0.2563003869622581,0.478852543746147,0.20145612661482223,5000,8,10.62749705665345,14,0.9804184996030677,0.7205777708165885,0.08384854871126415,0.4387631099547329,20,21,92,30,64,0.0184
5.801519720529477,18.750573615299434,10.174143273246159,0.1877473704189811,0.16550170374749618,0.8409710463031906,5000,47,14.590396718841056,43,0.6319763873043066,0.24438310236948765,0.7355793632965345,0.8019587832404179,167,54,467,107,115,0.0934
1.2104801792271718,9.789037776756135,11.615065084260749,0.23165008047642985,0.06091215993429956,0.4701186626844382,5000,27,26.456960204239024,53,0.2493921604006747,0.27413139911391654,0.3814068787697491,0.9978166564569325,32,12,81,30,92,0.0162
1.1381649965842509,17.176903237550142,4.870994272389706,0.02220075849045136,0.3464939503807624,0.7448294519725526,5000,18,32.98378914411471,44,0.24277173210463396,0.34617365216745904,0.33258457867614977,0.7092534270984189,18,0,58,2,37,0.0116
5.2893671710038594,10.293094296933868,3.321596199027526,0.37851107370611026,0.21183379930599935,0.01027081205779565,5000,22,44.32161129704014,23,0.9214531132142216,0.842470311830071,0.5438349097264347,0.7299344794777809,911,28,3661,1731,92,0.7322
2.835103481010181,12.473242726004765,8.575305636369384,0.2756821119935255,0.15759078509467267,0.5560436865251535,5000,48,47.47888459447725,4,0.17354913318546478,0.8355070586571322,0.38940825339369517,0.5005967670326577,79,22,522,175,231,0.1044
1.6934532647498057,16.528372361770472,12.21569746120165,0.3761905840219115,0.13575716158206666,0.8533526229783979,5000,4,26.871582122157317,20,0.22266772334848,0.4073735132686,0.8329646645600863,0.016437757072523054,4,0,6,4,22,0.0012
3.211263492633158,11.52891621361491,7.837847040557154,0.17326182984625876,0.09584024208258417,0.6548262946362378,5000,23,44.31248266206606,18,0.27523832703676177,0.6593928085877659,0.1780076432272743,0.6958609422596825,40,20,442,84,250,0.0884
5.143256250140856,3.289398868413835,13.122782977855714,0.2146980245515855,0.41857412859175724,0.06218776298452917,5000,13,37.47593239896489,38,0.2277473482120106,0.23169922958088462,0.5226474682427024,0.2240053342463481,3095,40,4668,1327,80,0.9336
4.902477398005262,2.897607644026838,10.139459854733126,0.08090184948155722,0.00012991214065244844,0.3761344221016678,5000,22,13.706273967799783,51,0.753159559000881,0.49143808709211745,0.4564406401470231,0.7679118082886411,2356,35,4713,502,74,0.9426
5.439416901367345,2.0366581757187734,4.770246056475152,0.2701903594451544,0.0879631912844705,0.21754420572442434,5000,39,28.394797414445943,1,0.3528935375963666,0.14721085177509388,0.576240966989203,0.9054722015616122,504,29,3364,1157,81,0.6728
2.4157130351830043,15.497179449486246,5.5724243628459185,0.0719571493437304,0.06130682158349694,0.08218835895744896,5000,45,37.28687984196832,24,0.3199053838214122,0.5881005955483587,0.7088157303343607,0.4151827097101602,269,40,813,63,123,0.1626
3.3109945181002978,8.568445024818708,11.098585646755305,0.3364663019042041,0.07786485740756154,0.6069430512370512,5000,47,10.03257087957837,23,0.20399759442843718,0.018805812486087675,0.031124250942311037,0.20010091031770788,946,56,3846,1616,158,0.7692
5.725220130034713,13.220625991518252,3.65468665445296,0.38058451850409414,0.12943088627672375,0.6703344521431517,5000,21,39.014459821517455,9,0.8455893341362068,0.16287055537226525,0.08819982852569348,0.898027156666983,140,35,1790,874,258,0.358
2.5931516927973126,20.949053445155865,6.763202815326998,0.3814889340126873,0.5343059372325054,0.3128588001026223,5000,31,12.231494035313924,50,0.45004408024225767,0.5253538985991053,0.2443245262339868,0.8157681182336388,149,127,2104,978,333,0.4208
5.9221068246374315,8.00266300316359,8.508471518873625,0.3757057936156136,0.00045178626886522124,0.7859542175565534,5000,43,39.38715406786599,52,0.3806530447928316,0.9573572530019062,0.11258629439319125,0.02203044705298077,190,63,1782,846,265,0.3564
1.5270163391301343,10.765378342863173,8.433879585402611,0.021310674931667835,0.113645752425991,0.8299724778810246,5000,25,12.49930690088917,6,0.0662409061804444,0.1115736748637692,0.11914849571085323,0.6819559198348611,25,0,64,2,56,0.0128
4.9527323507737995,8.166352088479561,10.970212244122333,0.03412911346962118,0.18280897081985448,0.2621971702992419,5000,47,35.333056737607656,23,0.6731718278592972,0.46728744368360053,0.37991631462161957,0.7366582921180141,683,32,3324,121,178,0.6648
5.70665051579245,10.526816404827946,10.152336429535978,0.2879330746685348,0.32898032337106137,0.20446563694111883,5000,3,34.759670164728,58,0.03177353479003477,0.6522739035482552,0.5516796521576088,0.5108700298210739,1628,69,4463,1594,147,0.8926
3.323262185991495,1.5155641786779934,5.862478107406128,0.17174925686711065,0.5785301565670871,0.408820977547052,5000,16,45.99901380651499,55,0.7522878670689288,0.2641722167610943,0.5893484180935504,0.23066734720321588,1234,32,4193,915,63,0.8386
2.525496115017348,13.33102029694069,5.750408098407668,0.06656342924222215,0.07170150006540085,0.07091457568438608,5000,10,16.652848229819963,49,0.16567362187957374,0.5909772688570637,0.4820790082269916,0.891995124542618,297,73,2723,218,315,0.5446
4.170725434015025,14.210462799365143,13.54769672071293,0.04624404165405807,0.03487753871551019,0.14892663417654098,5000,38,33.35935851309871,6,0.9235021537762298,0.5867408958619791,0.12716112584946115,0.031479421501024556,398,124,3443,197,323,0.6886
5.016277659698494,18.234735444000545,3.569786033127818,0.01248294388865568,0.026311184591808107,0.6995607133420373,5000,28,38.086448157666666,51,0.661050685717791,0.5793206163807082,0.21745191815884463,0.4346616310712562,223,66,1550,25,201,0.31
4.882334817172807,6.303646344935233,6.957051724022062,0.13890410931437586,0.19458170489655044,0.858683573103981,5000,45,45.16107783788881,60,0.5648980269405767,0.04780425650986905,0.09315105373250959,0.5384081037401154,644,34,2783,532,97,0.5566
3.1700653229204896,2.3124516379099513,3.2917315715640205,0.16939684941699606,0.17599420057204557,0.8323883833957162,5000,3,31.223544354138653,48,0.4582298240585256,0.7543000058058897,0.3997700463590227,0.37079494951389264,3,0,6,1,9,0.0012
2.2990234542690926,15.601307887148277,13.48190267368412,0.040715059783400565,0.4929548856741982,0.7673788549205208,5000,22,33.67070030023192,44,0.048856730205915036,0.22920156093454255,0.54960060305678,0.7178101163435617,31,30,76,5,73,0.0152
2.0367941701275862,5.5217307557489335,11.827741655153067,0.150874528814534,0.12871552315941684,0.4569443459676578,5000,21,36.197078742904715,6,0.7275714071627309,0.2259699382412443,0.3222093930202449,0.7662042048759795,42,12,88,18,78,0.0176
2.7934180924141465,20.380195147561285,3.4503802305259543,0.22599600440216958,0.4566880142082077,0.935142081092113,5000,9,48.47829736772174,46,0.5063568871375952,0.9237265179163587,0.7943473302546942,0.12505453858946425,9,0,14,5,9,0.0028
0.9895439513463173,15.889105063994103,9.486276388240448,0.1878106338913103,0.13059638609079136,0.771561059707063,5000,34,39.324476103150374,32,0.9477461564915793,0.24296879857279705,0.21304810961081885,0.6497072365977649,34,0,52,10,42,0.0104
3.2924445453339297,4.6988056205545945,5.711046222265939,0.11833999497440756,0.3786231499746577,0.9172806025409889,5000,41,18.21724927945813,17,0.8734824585304561,0.6807410623537593,0.7072057056511012,0.9717359229541318,44,6,71,10,26,0.0142
3.6793949439104043,19.635047228551482,12.645002535330441,0.06563218529387371,0.21973115292457776,0.7934699016577962,5000,36,37.38531963401164,34,0.45665285070859285,0.5026320004128118,0.1987127161364883,0.5236261123434909,50,33,161,19,159,0.0322
3.2027399826631067,13.529598497837085,11.153454970475275,0.04659094427468452,0.3536007304354012,0.7200988605704982,5000,27,36.58928285577456,36,0.11071179774862848,0.6948887608112159,0.7023195147627241,0.2893475303904095,34,48,123,8,80,0.0246
4.997002197974198,20.6210903050847,11.407937286824,0.029725728808321514,0.27628334808693117,0.3830370384785634,5000,44,12.521267814429478,43,0.5141077075464289,0.805718286175573,0.76137992990102,0.7463173924774327,473,61,1421,53,233,0.2842
3.20884911774713,2.050347612159025,11.345556627731392,0.3676316980840433,0.4023832381833691,0.35680140447627523,5000,46,10.569315024218911,59,0.12865021867178975,0.7950309473296526,0.025990473985080406,0.024976826699193745,1515,44,4247,2021,112,0.8494
1.5679424518071174,10.353441182471583,7.5861195643107076,0.11032091426336539,0.10665757515158245,0.7566606036910428,5000,40,33.2177562588181,20,0.6959064518860818,0.21775919708436314,0.3826831585011968,0.48809063030259187,48,19,111,13,44,0.0222
2.809290785682733,20.15149500433479,10.740066539211654,0.13431143584495428,0.1683851057714563,0.40197872751675756,5000,40,32.68207135802835,21,0.8888117509561733,0.14180948101796845,0.6980780388112534,0.47460685725806223,106,32,207,28,78,0.0414
3.1550277036274688,12.73079167394934,12.486728906675395,0.056516573435596434,0.5857051024141089,0.7047583632732307,5000,10,31.67152264165086,30,0.3287626778201721,0.9376058791075429,0.4636744924854332,0.38955961573909687,19,25,53,7,100,0.0106
5.677885262638031,3.6819572432274907,6.8047346366831984,0.2766422487569459,0.39043699814121385,0.5496092496740697,5000,42,11.306018232152956,2,0.6331191217917086,0.12840275512486946,0.3202090865492734,0.9112611812594965,297,36,2327,792,145,0.4654
3.482851768758345,8.920052946599847,11.307592869089035,0.27438084414173963,0.21688328626989847,0.048096196721079655,5000,49,31.759512413374654,7,0.34716165771996566,0.5617258460669339,0.7918189178504438,0.683660196107036,108,20,302,105,140,0.0604
1.0282611495811234,20.742008133802518,12.73999728983019,0.3369426358993777,0.3196550091017994,0.5181678094079727,5000,4,30.023459080950484,15,0.5739533997646299,0.6501739329110071,0.14425908761510875,0.9043923253994297,4,0,11,6,44,0.0022
5.909215827368565,15.832149586286656,4.251669939439102,0.36528233165033197,0.22723101777811947,0.1317244052111422,5000,45,11.60645563610958,57,0.8534181081550017,0.6127806351905022,0.3298845049395179,0.9206335943929683,1665,57,4877,2382,75,0.9754
2.262594260597996,19.453639110228288,4.378953158161046,0.2165967223628519,0.16739098470306393,0.13385906184817625,5000,28,33.36143399199406,17,0.11495759023396941,0.39446097925882734,0.12453075786082803,0.43316562897157423,454,116,4003,1090,218,0.8006
2.039598862409366,10.942058082046303,4.714634998863312,0.36015598518347886,0.5063664232648444,0.5501898369219035,5000,17,25.259009515426538,0,0.30537273621378164,0.12764303010465178,0.041500306664405656,0.7409318244623498,30,58,598,265,300,0.1196
1.8560043917702411,16.411689751701104,12.232392857764307,0.04535257961345218,0.5095540472060677,0.7351803894617743,5000,30,28.316225960834878,35,0.122680734784903,0.7749299238070004,0.528486028452181,0.3168028568423511,30,0,56,5,58,0.0112
3.756334512857628,17.540563392575876,3.8438072883459027,0.3786336607616574,0.5129187136182187,0.8478178114177287,5000,2,41.45199953330392,47,0.6981277431109041,0.1835225864918277,0.4102356347901398,0.6158886090817043,9,23,28,13,16,0.0056
2.3235500123324266,10.624684588557152,5.205106905002017,0.04569878404411862,0.16871362913009716,0.5128800973299127,5000,30,40.68375306724069,7,0.4437036559237927,0.7679268344998217,0.37090730622375095,0.7036344085811841,60,17,386,22,210,0.0772
2.2686591473243323,18.640166315704914,8.543660602776594,0.2594491772217572,0.2054388157424933,0.102618820674723,5000,28,49.748601186343315,31,0.408007235655946,0.5459306942496629,0.3699672482321298,0.43653651594968007,149,50,2139,716,348,0.4278
3.8522146028218947,10.514770898240863,6.90722634838146,0.15706460941114886,0.20993845748091325,0.43495867323775694,5000,19,15.274996689785954,21,0.20301240499495546,0.26464937119212184,0.5843983375600736,0.6510373897566291,109,32,1144,213,329,0.2288
4.7605734544080125,2.1720452566294783,7.711222237232945,0.1770498952093058,0.016497792938363044,0.516702283327478,5000,23,28.18178491412757,3,0.9702114641801443,0.4871509183262892,0.44373371177084,0.9608659360170271,60,8,222,43,97,0.0444
1.7723382806080807,4.197880872238459,10.087272572861295,0.24576671567864028,0.16691517150846416,0.5788286740109688,5000,47,32.94074581791064,58,0.26193467884549,0.23524818781826967,0.542816170972738,0.4850148711975088,88,11,433,129,101,0.0866
4.18181245191535,2.386797410733189,13.26617428963808,0.28801455824988975,0.2641572411895418,0.8907600000759068,5000,31,42.203585447851985,45,0.007499846950968568,0.3189833831819481,0.10595023203528703,0.741515321959997,88,14,133,48,66,0.0266
5.238366766712221,19.82101528440755,5.3838675596041,0.12557117651330257,0.40433572784345734,0.07425905049873631,5000,29,49.869377012596736,12,0.5279440178239377,0.2587022177723116,0.8486855272392477,0.14576944256081018,196,27,712,118,148,0.1424
2.527636163515541,17.06357048410684,9.606193424890776,0.03334822485727113,0.148351853522294,0.6188587966899365,5000,20,48.677528319829364,2,0.10775998789017896,0.8205955593693776,0.16395228963740838,0.6770381048046523,20,0,142,5,174,0.0284
4.597183428267822,10.98959117935243,6.123354048394107,0.016935099245470923,0.2303050290330399,0.4847778915923458,5000,29,23.760716311071008,11,0.8242786726035413,0.31430274400400926,0.03668308526012414,0.6000602514478851,285,91,3239,71,257,0.6478
2.9027318668014637,13.277999420008356,8.633076481917268,0.3623088116116485,0.0137188409670452,0.924914047861333,5000,17,20.10706033161923,36,0.6634149951336101,0.3866539857220109,0.7755023282023316,0.6980173669730244,17,0,28,16,30,0.0056
1.9600533397359279,5.6608117379150595,3.8312856551198373,0.2977476774961693,0.09151774227743749,0.5431808581852243,5000,25,41.253042925410035,38,0.7937428123475252,0.28514433666914235,0.45324701805079054,0.2705325685415919,53,10,403,154,63,0.0806
3.0300833660931836,3.3301346031931964,13.197492004903948,0.25709551366794425,0.18164305745266934,0.7061196023774559,5000,32,47.3813296878137,14,0.5628761639255603,0.23649135782858022,0.6413498467969223,0.8083247521749133,87,14,131,41,50,0.0262
3.860312170125976,11.819063038160333,9.287854732094317,0.3749180737657902,0.16031758417992806,0.17801546049457798,5000,37,37.96120165725512,50,0.7246622144784307,0.5481222602093767,0.7805677272111907,0.7865974384772664,1055,56,2980,1428,145,0.596
3.1756208802053782,13.40115259037271,8.808887395969354,0.28981854431028237,0.2265234491779029,0.20042627648670627,5000,39,26.30101956342512,27,0.19709436288912943,0.9992561990356668,0.07678617157820197,0.7985886460982655,671,96,4278,1626,195,0.8556
5.797087300059349,7.218977633760842,10.042129722885846,0.2960119798016142,0.38770026570719734,0.4704578627947896,5000,43,21.183854857343867,8,0.9877995930537422,0.13958293659699586,0.28035828961148185,0.8577913659623554,278,76,2662,959,238,0.5324
5.7389113152267575,9.938359954139907,9.1104369709537,0.33092262286144725,0.3078300536336756,0.3342599242528616,5000,36,44.658816507099615,29,0.13290906409120573,0.8701915775835457,0.3647763408851125,0.06867564542956577,1097,52,4497,1908,132,0.8994
5.814992320958061,2.2486596292917618,7.0449740258684805,0.34203955420966214,0.5156307222446584,0.863001641152306,5000,30,47.679611211857676,52,0.8601026241791676,0.5590508449901713,0.02295325253832207,0.7605804471271538,95,18,674,303,95,0.1348
3.735107114430705,5.472912606992587,13.177956219888546,0.34160565482142685,0.08078682417345633,0.19966430563139315,5000,9,32.80681449124978,53,0.4461272458352251,0.07091044696690509,0.6974931686202943,0.516227622733218,1640,59,3279,1406,141,0.6558
1.984937544155528,2.0011459836619316,11.229038528247226,0.22404691569130258,0.15843449497655235,0.7956671778199113,5000,27,14.937381152770278,56,0.07448737108794996,0.5319679481782597,0.29762281411074126,0.9509228750256564,48,12,104,31,77,0.0208
1.4777099462056382,19.623302048956166,13.185991963151967,0.1649135269747681,0.51734999479286,0.948490068057888,5000,7,44.27275985298027,25,0.8792050367545511,0.5404072957499171,0.6262281238708189,0.5552758907435766,7,0,7,4,15,0.0014
3.320395786181722,3.092041641660421,7.30993190588849,0.004807934981104172,0.04132347220902941,0.8415876512125311,5000,42,25.152807655315844,48,0.7572613742710165,0.5684968143207941,0.4419136355386018,0.20054838267007347,71,8,162,2,68,0.0324
4.648823455916378,19.95674580094576,6.352289329942266,0.12033596769269005,0.21471921428108384,0.7964455391233418,5000,41,15.784981914216187,28,0.3398012347609328,0.785098022559028,0.3100904812326847,0.7010177941894284,54,27,278,45,169,0.0556
2.501252300580459,4.173428187801161,8.354566883622724,0.005167591112934221,0.06877389133562438,0.6293539999376788,5000,28,46.997647904435375,24,0.720411106923773,0.40572754092718294,0.3034753529336618,0.918022022970316,66,27,231,2,77,0.0462
4.572377716504556,4.466336201682079,4.346888154031983,0.04880655150606424,0.39708163578897054,0.7580882083849177,5000,43,36.13090167148678,20,0.8974712258328994,0.5830486375759182,0.5504188908030856,0.00635647016398315,143,25,551,46,56,0.1102
3.2853973059390755,12.395276893554636,8.789275737736654,0.1381151735914493,0.16214657690152282,0.15129670414336235,5000,28,32.440057628533644,10,0.947360379182932,0.13217077146053968,0.536709840442053,0.4999829888302691,103,23,543,94,196,0.1086
1.6499843872622693,13.880153062053719,5.959350698704448,0.12598912438907994,0.443197536210165,0.62118666407841,5000,7,41.901384710554225,4,0.9881086084547838,0.41437002971640935,0.2784370720673491,0.531849701546466,7,0,16,5,14,0.0032
4.358335498561834,20.01078669736238,3.783129516768083,0.19356884811619957,0.31301828283995453,0.1541423807215774,5000,37,26.360137270485062,52,0.7139876059248349,0.3570629063878056,0.06363990772325415,0.8891906524107287,1360,72,4498,1094,84,0.8996
4.04780382197166,2.13796001748955,8.969788782561691,0.04409275364621912,0.2706520397493892,0.5536584003759698,5000,14,26.356550180160973,24,0.40547856073445476,0.6089153455208244,0.2088699934808026,0.42110447228398895,321,51,2282,124,188,0.4564
5.520660100360007,19.231782649902403,10.421630559490236,0.1863080772853529,0.2686144768340089,0.2440657650735656,5000,26,33.50750125495789,22,0.9140246961072591,0.8038153370084204,0.012137823038397997,0.2943935844707084,675,108,4287,1063,245,0.8574
5.078995820777931,13.806547650797002,11.376364782346991,0.09433967266843389,0.22954896020315624,0.46114613607985555,5000,38,34.92122882184002,52,0.8500763692409286,0.850629109724683,0.5815858415587415,0.43108774765312846,833,66,2565,344,200,0.513
1.3995677702903104,8.061091685128147,12.227651679477116,0.2819679317677111,0.2714972802762405,0.38003280052993543,5000,23,19.2861892755058,1,0.894354025562427,0.9591018955346576,0.7740807034098309,0.07719223626986395,25,10,27,13,35,0.0054
3.033530137746645,8.613594933300202,3.8861047073292867,0.35567566117049315,0.33331398316155403,0.14837086017839593,5000,23,40.05057000047479,51,0.034582279010149236,0.9971287638468996,0.768886720340171,0.3547170934002042,916,47,4125,1874,81,0.825
2.269989865784223,11.394136095112508,6.534791079529617,0.1743904876773139,0.06963198818714735,0.15609421779363783,5000,19,20.829529635384656,36,0.6164400329351415,0.5201968759016559,0.5271852008549058,0.7929291718189644,222,49,943,192,190,0.1886
1.2081724655523896,10.827012674700123,13.845528435839665,0.2439352736216961,0.12785143918023337,0.9479791333138547,5000,13,45.40865321155208,49,0.3882348973381774,0.7516043718879708,0.5648642087139591,0.8801360370127964,14,12,15,6,15,0.003
5.5364583173967485,10.644790958128315,9.554091397307246,0.14585931254548318,0.575082303055145,0.3708316434139117,5000,17,39.86443303698945,27,0.07053325577489526,0.2709587085418219,0.43724252897542604,0.4067513812210746,716,73,4227,817,179,0.8454
2.102405736841704,19.29237006514778,13.791632243214702,0.09821254160136274,0.18799415093517963,0.24279009934263,5000,30,11.333351369027408,5,0.6004187250096737,0.9195588443788295,0.32746128711088174,0.34677185584610487,30,0,138,8,227,0.0276
4.681143687065499,9.884195097758056,5.701078346419303,0.2157874176353048,0.2466122417286437,0.28119078815158144,5000,43,23.794484015816963,27,0.7790389276842614,0.7872721846050637,0.43373459904650613,0.8005612694481099,528,40,3224,904,157,0.6448
3.666595802890459,4.325724447690076,10.908970296308528,0.33112066999967826,0.5779033638670945,0.17742137064593702,5000,25,47.77987327560958,29,0.2921102392235164,0.4906604906436598,0.8346704790771168,0.48158604444292263,1009,34,1870,787,94,0.374
1.1255153457946814,8.231258778084548,5.130813754249578,0.31689357383469846,0.5984336892628203,0.2418888636189552,5000,5,23.12349119348054,28,0.3403029760895139,0.6564131895026979,0.7563688163345733,0.8681081400297304,11,27,35,15,36,0.007
2.5038107188795475,17.98669842337338,10.40343219771578,0.23057590772237752,0.3320123999543637,0.024415680153255206,5000,1,13.126981733402333,52,0.11342212927673434,0.35606143161412457,0.3082283107405331,0.7974320784463119,305,225,3572,1003,353,0.7144
2.2354041405109397,4.145457012367412,13.980445713546628,0.0065901424532216445,0.4735921761269746,0.47321482774982954,5000,47,26.686371597602562,2,0.8835316179481334,0.29289490746714864,0.5171965251813695,0.5823088438892497,74,14,91,1,45,0.0182
5.23808390188661,6.745842162392043,11.484735331987652,0.38940150972649,0.5693208559325459,0.8514433547747365,5000,10,18.590047258080467,16,0.07518546621897043,0.15054335363286328,0.7133929722702409,0.36363331201370397,39,19,73,31,48,0.0146
5.770382203578607,2.6199780195109392,6.230135295452472,0.2747932226170317,0.39570186594911366,0.9380463511201681,5000,1,44.81664410448141,17,0.34586954197279174,0.007092376671542676,0.46067555041308983,0.3653861043862483,1075,39,3429,1229,71,0.6858
1.5423515999700936,10.8501658098454,6.3199074239109585,0.24604721907985538,0.25652274978666806,0.7089244130294821,5000,6,39.596109319562984,41,0.7243222242972952,0.8472473465909922,0.0005918827598461498,0.6281212493404461,6,0,12,2,21,0.0024
3.918095056594633,13.579883974982213,7.639229598999659,0.30856228593321605,0.4682581679568393,0.24515757139146846,5000,24,18.431692275395907,22,0.7615676701769559,0.20167956203862927,0.46993261375147066,0.6993372625197916,209,38,1899,756,324,0.3798
3.032575566474639,15.306440025388872,13.3647755501648,0.08056326957721366,0.16656424718322901,0.5986199541057105,5000,29,16.18638015712799,22,0.554671432732183,0.41355639725411114,0.875615609046258,0.06266951550204086,57,30,109,12,77,0.0218
1.6349720467570772,13.450259384629188,4.519030611450486,0.3434201748278757,0.4084671109284614,0.8596510987624408,5000,48,41.37620038768229,9,0.8442195307524601,0.4406425259814972,0.5205048159105714,0.7056003161601477,48,0,82,32,15,0.0164
4.433606053058032,4.263804916651324,13.066851591807913,0.14643536119874156,0.4021140278995083,0.07896988082975463,5000,31,14.731419268435841,24,0.417124879584683,0.18163335784812368,0.6666795719366492,0.5039451151163868,1199,36,3173,626,169,0.6346
1.6395484420359046,13.07509283854386,6.335478296110364,0.24893339630499556,0.054098880758893984,0.3716725479174901,5000,22,33.019947185551956,26,0.22403474064808102,0.8324213373605464,0.07961121741302593,0.4552191966350366,38,77,796,261,356,0.1592
1.2796138850085432,12.000695369404085,6.25722712197062,0.20831027962795234,0.1471965719109335,0.3517119377378957,5000,10,44.61638583970327,45,0.831802090667623,0.4005593883952372,0.009170568500028961,0.07981049432676149,15,20,107,29,94,0.0214
4.503693956782644,16.291945358415497,8.740647602880914,0.1079484675258372,0.5526471466543649,0.3901293938884193,5000,3,43.2223458878454,35,0.7879338847500276,0.04931597231243894,0.6911552354890681,0.216661008844099,57,47,190,29,121,0.038
2.4359173684063666,15.965837305142616,10.1190291605385,0.325735946065578,0.28122573757955,0.5822020654820848,5000,18,38.3358634429561,47,0.6522830574080318,0.7019746396068894,0.028724578009409644,0.04715397111188484,47,70,412,177,308,0.0824
1.3966307939955416,17.7171086436731,6.435784660150892,0.09645832178776463,0.11240073146454116,0.7213091190295398,5000,19,11.567395366543472,14,0.9795892010154161,0.6164125312994698,0.1866726314321658,0.9583384369304664,19,0,29,4,31,0.0058
5.013254750360137,12.241852729767164,7.546706749270933,0.014308602231248718,0.4817374863326036,0.1258327766775243,5000,2,49.37960375174206,13,0.6925682135054615,0.35395794226784233,0.5346890000269658,0.7072449589363455,227,199,3020,50,341,0.604
1.3174094530567189,14.58121844301828,3.2318578516949037,0.25402716351188864,0.1506862562903382,0.7771073020577508,5000,36,31.87119038729835,36,0.547372577452994,0.11141377368849929,0.7583048234776085,0.9238594152861583,49,19,138,45,29,0.0276
2.1747335242430044,7.842651194719963,3.532149526090839,0.35040142209729713,0.43259828708349807,0.19642233306992546,5000,13,47.303599325975405,59,0.13600974502812968,0.03826177930290727,0.06495497489017975,0.7015086875496098,570,54,4005,1791,106,0.801
5.576926710517865,19.680983167208637,4.338457638493826,0.15587660509479814,0.25872546929890383,0.16896210419512545,5000,9,12.08130566038855,56,0.15171302169765175,0.25769170497220756,0.7553042968261011,0.8819171950025324,1224,71,3792,750,161,0.7584
2.8743830167513167,10.406233630125199,3.752412759851542,0.3240709173602132,0.13368533740064534,0.2516977781622032,5000,38,28.954534152507666,60,0.1898827858105298,0.7049245293444028,0.7670920681108334,0.8783176704323366,726,55,3832,1583,88,0.7664
3.214735002950503,8.590387274724618,10.826230294142045,0.2045249434194092,0.03063080170077,0.5917727069178998,5000,19,49.487010272919456,32,0.338168900561081,0.1795787097859864,0.5153261313152708,0.1587571068281085,113,41,501,131,196,0.1002
3.946805673740819,15.844754327835613,13.642258299029715,0.16687381117535063,0.41732854939347336,0.6349038836601829,5000,46,16.58218318070685,8,0.26795555328051096,0.6884760128812181,0.46513086223947053,0.7025910817317487,62,30,245,52,195,0.049
5.580838543890798,11.342761808397613,13.65952291802563,0.32269557958971834,0.18874114334907538,0.7167765075630378,5000,47,31.94738191777677,15,0.4800929718854041,0.8635806246741853,0.43084681611386993,0.24539302305552405,96,27,528,209,290,0.1056
4.917651695371457,6.1955366318224785,13.2428479984423,0.2855046765676544,0.552030546231787,0.4176748985084417,5000,43,38.77173490781739,59,0.7340792192023671,0.31579414751849355,0.012607092704592609,0.12126746461842126,1837,54,4555,1664,114,0.911
4.588084471692577,11.825731745004523,8.277958476362002,0.38846141315233473,0.0021633228562158665,0.8275301603531813,5000,19,14.980878195178644,33,0.14157132146824566,0.5103933487970133,0.5863014182635166,0.27417695577303386,45,21,128,57,69,0.0256
1.9749145787843616,20.9103530972055,6.300354161986356,0.36454886939340037,0.38227357230393333,0.4122309261249555,5000,46,12.77953576933327,5,0.3521603623265194,0.42300904827148833,0.5986818603582487,0.056070750987521574,60,28,168,78,102,0.0336
2.945798097874854,18.150430226934198,13.476868005023107,0.13131000002351423,0.08366471767167981,0.7561672978920698,5000,1,35.20633606826549,20,0.8597265858423712,0.493226627357628,0.5378534363397846,0.7213275150132463,4,32,9,3,36,0.0018
2.7172212150895367,15.588047713041984,5.920245117768875,0.23993159001805,0.26819373127823354,0.8106609282254985,5000,40,19.780175879737598,30,0.967769799973603,0.906587461276435,0.32047293399873983,0.877044963520477,40,0,107,31,53,0.0214
5.135608058807943,19.30572065326532,9.907468277321367,0.18244054541331176,0.3012243046040371,0.43642768799682535,5000,4,37.05224976244531,37,0.11257743586396443,0.5537974585404328,0.2644755110998202,0.5133156173584121,568,160,4189,996,293,0.8378
5.225425340779708,7.164123638262665,4.117249455556058,0.10762925977630496,0.5601447557756393,0.5136463862840166,5000,27,45.75074775486024,11,0.9317632863091593,0.8395004937855637,0.22966086422654453,0.7861082961449932,172,45,2470,339,190,0.494
2.0646400180994324,5.306282440570339,7.23227622186204,0.1453911516407722,0.1533220842239351,0.8194505086902509,5000,46,35.89212348215875,58,0.5853964886231052,0.18890917608184668,0.015440609952212388,0.982285828034141,72,8,218,46,73,0.0436
0.8819753700487678,4.897738023197156,7.705071151595499,0.17064827042947195,0.2636690356236324,0.5601193977299964,5000,7,43.82310040330808,8,0.022740478464167373,0.11270009064367915,0.8636726884282391,0.41855079853708055,10,7,12,4,15,0.0024
3.662848248790257,17.44205514996186,9.005569464919992,0.19439778007098413,0.39098946423484104,0.016080940406478568,5000,15,13.221915526679176,33,0.9455282269084642,0.468237409746341,0.5062040003042787,0.14608954998021223,264,51,1879,414,329,0.3758
1.455763945656761,2.096141245258048,7.131785187141929,0.11556074480761061,0.3113451299069482,0.2505275020924766,5000,19,17.866485687055388,26,0.5916235777693177,0.6132083341593603,0.07035786681888784,0.7203632472333139,124,29,668,87,145,0.1336
5.6347584625238385,10.53127328380032,7.525328595347399,0.36292362356402136,0.36604517884021676,0.29531876079715225,5000,31,17.975230517961464,17,0.5789746550542281,0.5292117125889975,0.4682743429034414,0.6876798664318678,409,62,3301,1536,241,0.6602
1.4661859810516176,17.129130159566582,12.420784643338177,0.2662493549775626,0.06460088050950227,0.6626392320865931,5000,47,12.598611166545096,23,0.2951159005978121,0.7300630699300674,0.7889166446386517,0.08195202510224933,47,0,75,30,60,0.015
5.164018664733977,3.0542802865326717,7.33409901220501,0.22533833402733439,0.5116347352866284,0.18049548224537562,5000,45,45.9343707732464,40,0.223470922548118,0.358849082960178,0.801632633362521,0.1202922069966755,2347,26,4844,1452,52,0.9688
0.9511723923011489,7.319112538044593,5.791058012116228,0.25579502754234934,0.14215915765257003,0.24460375275282198,5000,26,21.404286673247178,41,0.22490874864845692,0.9915234632140597,0.6539350421778773,0.7744601349717425,33,14,163,54,61,0.0326
3.778230901545551,13.473653699441332,11.50940335117682,0.1834319193703312,0.5472133357857921,0.1785494506704304,5000,7,49.932723023044346,55,0.6313121285216049,0.4068598923429917,0.13946369096954353,0.4739358307382715,618,86,3880,929,238,0.776
2.215259355524679,5.922814228182854,6.185442592867758,0.3378513683204645,0.3652915680312566,0.32455147789090744,5000,45,19.245893763538646,8,0.33377508324510774,0.33774592640200235,0.7484486909735244,0.6916223976002108,100,14,221,96,48,0.0442
2.803763536724432,1.5796182950817754,4.967096151430774,0.09731543527312049,0.2578649590752647,0.09496687979497745,5000,49,33.60592501003313,5,0.33913355177893534,0.8034171967434064,0.7048477091278043,0.8604065761750596,206,7,642,77,71,0.1284
5.902967126088454,6.033921838377077,4.7617646158216,0.34673021100624624,0.479385342540935,0.5139938700978194,5000,17,33.99051425979071,21,0.8000786191308372,0.47043614659284516,0.16829815811027748,0.32275030316326564,381,40,3321,1468,119,0.6642
2.3907530292734673,7.94539076792331,9.900376860334914,0.010302064555521939,0.2307933818932005,0.8076905413966252,5000,11,46.715550316573136,21,0.46794771877187846,0.588966094251394,0.13639517167338028,0.2724659228098756,14,10,25,0,36,0.005
0.8836958518163116,11.617217696025032,6.086168851142951,0.2079672809832451,0.14679649738979983,0.12589944900368294,5000,49,49.139862110314034,0,0.4693120648580941,0.1740873324743988,0.7525810657139407,0.11123777579368552,49,0,59,16,17,0.0118
5.096649157340694,14.207661579715316,5.8857036657471244,0.25046392803397666,0.1645539432741594,0.45148925955808367,5000,49,31.04748163886226,8,0.28607923673944063,0.7981666505205319,0.8674459492168293,0.835513347946819,181,21,380,119,80,0.076
4.6248143107772055,14.953280423969636,3.1486632793985554,0.06480659240602969,0.22228499505910676,0.01144721513274957,5000,11,16.121131209615285,29,0.1934069559954198,0.5232245896595402,0.3256084043018103,0.9086089269175798,1109,54,4674,408,100,0.9348
4.034329694680996,2.6359476647610283,7.417259286012465,0.37819062331006514,0.09959521902783947,0.5747747253258221,5000,49,33.301273731579556,55,0.9662263050974874,0.7276041746313661,0.10332685086450433,0.8037726390730268,957,39,3778,1794,91,0.7556
3.0145512755212707,16.482149280275546,12.258323459223924,0.21353869456997102,0.13463828155668517,0.680267201599992,5000,42,18.914762655782493,28,0.056456270124941935,0.32515834053110626,0.09150398726885584,0.7152963553319999,73,30,1100,278,361,0.22
1.6150282767572166,10.751516364146255,10.384964391087355,0.26852824830251326,0.4556880812872026,0.9278063288047868,5000,19,32.30599000508525,54,0.41206775562019904,0.7187997441557857,0.8757425655622282,0.5452746077924748,19,0,23,5,23,0.0046
4.184287259425195,4.914184612990981,11.774567375876579,0.2553726158278173,0.2880728102232376,0.11676156805102639,5000,16,27.7384845651303,18,0.4764164765237038,0.9135900063086014,0.004104284848134859,0.46791063861933985,1627,49,4512,1459,108,0.9024
1.1318649856354992,9.263210018644001,13.145027233056885,0.15942687173696266,0.04462213221487162,0.52600516681157,5000,8,39.047881633055184,26,0.927444817040983,0.6551234170090751,0.42897241365161665,0.3318797424891474,12,13,20,6,47,0.004
2.5996049226567575,12.221421197737605,7.163840063030271,0.17940502420612106,0.05817788266813137,0.31208020331213876,5000,30,24.987017518686528,5,0.5769945989964665,0.15264803713696004,0.014204739889950026,0.6269323279622672,234,107,2960,632,308,0.592
2.9371563170767594,15.331624431112267,13.607388328048524,0.2155809303050401,0.28261293014731886,0.04754929335609653,5000,29,14.463259086999091,29,0.4101782814701084,0.5105608634809311,0.6934990951187213,0.17660190001436227,195,48,1060,275,362,0.212
3.7999556391307543,18.549890258020653,3.086885731596822,0.25011076865264853,0.2851793091694165,0.08644588933397392,5000,14,29.303833308747357,3,0.32675486185698743,0.28374010249743886,0.6427631199927423,0.1538259675694102,179,150,2670,839,253,0.534
2.5771097633845184,15.987559542208267,8.967264393525879,0.24644527903102503,0.21726056811686173,0.8213678903358272,5000,9,17.82172046659891,53,0.36314340817776014,0.9897200473923514,0.7530009289233387,0.6737173341459792,9,0,17,5,34,0.0034
3.830042558257059,19.120364143481577,13.224478848753753,0.2843112291096767,0.47230478451651464,0.703665727635859,5000,24,45.283872345735816,6,0.9090625757175166,0.4158499608435303,0.40938123094450624,0.0717963492654621,24,0,68,22,82,0.0136
1.245766486660631,3.8332370706557675,13.671780729525079,0.22075339886934692,0.35114380980722354,0.8303057263806636,5000,11,13.254283297614892,40,0.8572126076726407,0.797371452212459,0.1423640960304482,0.5280935271128004,13,10,14,5,31,0.0028
3.5462652382508706,18.322335931944195,3.584902537157643,0.34843636906067776,0.18117144194973103,0.6646871018793848,5000,7,27.073160773881884,30,0.6598610277429905,0.7217946061279928,0.471199029343788,0.8410253230822504,21,45,75,33,45,0.015
4.639476858513857,1.0630842242286385,4.0222887521512884,0.22784764763191948,0.2614030177966565,0.7064548230083837,5000,39,19.830052250146167,41,0.7438520213703969,0.4268962039027117,0.03202356122077461,0.6264068335263513,797,22,3697,1062,69,0.7394
2.3359088426130348,9.180926155677685,4.227258683172367,0.3222032262230969,0.021762162618229226,0.3544609317171911,5000,18,21.591791183579318,10,0.23565577134897805,0.3457030044272295,0.6868718739904184,0.5851678181538188,54,15,159,70,60,0.0318
1.4884900034143045,6.958026245911769,12.460422892434554,0.20487232849467762,0.03653790719068193,0.9093495973265117,5000,5,48.58342059191291,45,0.49885501801413856,0.15722081416441125,0.650393727986042,0.36298818460957777,8,13,13,5,31,0.0026
4.125021132214629,14.455719514740071,5.4210640989000884,0.17786434464027107,0.04546171842082768,0.11267639682573828,5000,4,33.49764730449346,32,0.7134989698019182,0.7355246116877981,0.8036084129350414,0.19832415203348117,113,40,350,89,125,0.07
5.099056468283214,3.1797072933141575,8.198712167530438,0.05903769132324615,0.4639416750119987,0.35661539706128365,5000,12,32.08464748667627,2,0.5952383006220255,0.28048807874957704,0.7679172305971823,0.25539953250022923,35,13,126,13,84,0.0252
5.383452721008205,13.005560781035445,6.95338995333478,0.11391976758273888,0.3943818083654202,0.41027517253262147,5000,26,34.408285317948895,20,0.14650447376224612,0.6916279467278728,0.35679196894611076,0.3518815586986422,583,91,4071,598,179,0.8142
2.6050227730605218,20.99258027958562,6.101490201639894,0.2667951241509455,0.2874800383562012,0.2696545027868217,5000,40,34.660872501798615,6,0.9293528679424016,0.2757036160324418,0.06651045604797341,0.9863669752074572,121,78,1715,585,331,0.343
5.992305317561591,14.506052213051397,13.374652664394059,0.22852740145031258,0.4100207750965014,0.45575636099820704,5000,47,41.82643445215912,35,0.8100760930835498,0.49258106889559017,0.6927874984480515,0.5867418552877337,572,50,1658,474,231,0.3316
2.8760708764892833,7.134577549212241,11.693023662251667,0.024913166262922608,0.48450933884199704,0.708035413902288,5000,37,27.08222664672626,48,0.6101145222416744,0.5183925059331831,0.10892903260404187,0.12434590642064107,61,56,313,12,131,0.0626
4.975722554197377,3.2766965406327295,7.617086688333158,0.2687247454975295,0.19480660524831658,0.26555532602834875,5000,12,42.01565427250432,29,0.47403458906447754,0.7063553813823596,0.49655654997055243,0.019810188258871514,1833,33,4107,1415,86,0.8214
5.408844246162117,2.351562993599007,13.500899497170726,0.03646431279726157,0.06598644314855495,0.621696008722573,5000,2,32.27279017747952,22,0.3651879605469409,0.41953114787850426,0.7808374191942373,0.7639844176142914,32,25,53,2,66,0.0106
3.1517496466081543,8.87687743815122,4.391304080510462,0.013069592117059348,0.531867190594761,0.2599491888043299,5000,10,10.9698632464358,44,0.5816996211743362,0.6426255253186578,0.5415603525686737,0.5581298903130661,604,50,2497,36,126,0.4994
1.5286149667068085,5.950303756438663,7.9151801676745865,0.14549678158869753,0.40947461487310544,0.03925320378094141,5000,14,14.758828791310176,20,0.7379451494523728,0.9961882513912359,0.8355053126179225,0.3110703236369781,36,26,88,13,37,0.0176
5.567164410857879,19.840447493993008,11.910210397288559,0.3844414094056119,0.14866301044872565,0.6750404146237274,5000,15,35.28683260658205,32,0.49759048393560734,0.0307876387395427,0.8239510584380133,0.6949250378464862,160,53,382,192,137,0.0764
5.669274126617412,8.336367265936287,8.41446135377464,0.11674940158281899,0.267215761347024,0.6792483464835509,5000,33,46.246571359128666,11,0.23188169317324764,0.33211878071871975,0.2537904011540891,0.24940832000009572,249,73,2795,400,233,0.559
3.7961262037788197,19.081655343856212,13.431594439376207,0.3170741836612234,0.011039179969537967,0.6757710235939212,5000,39,11.025874214149393,26,0.5095375203143747,0.38511529022339847,0.16329110106557695,0.0632590363393555,82,34,545,219,359,0.109
1.1239418523245785,13.952646157011573,10.963992059304267,0.28839466478244624,0.02038817050039151,0.49771216291265125,5000,47,22.149171262341387,4,0.6903869404467012,0.1987702973564649,0.6313677876328101,0.5338266844280206,47,0,76,31,45,0.0152
3.423799631324875,10.460563078399062,3.383168998803801,0.05977977435261063,0.3287340938672685,0.4839411060472731,5000,5,42.873782221926916,51,0.3980494462446673,0.30315714630730595,0.10880476047986272,0.7277755948842417,317,81,3277,224,166,0.6554
1.160242869123901,18.135148695629244,8.565864970179994,0.07984436198999136,0.5593433333739615,0.8728291208929744,5000,43,49.458943060794475,8,0.49227477550419735,0.1859282657166465,0.2845006614833719,0.9972056271260411,43,0,80,6,37,0.016
5.510931410551186,12.133980954810465,12.82480446630382,0.10753867402807338,0.28934815006415215,0.6257380638760119,5000,14,29.226797702940722,46,0.08379887041866617,0.8915100259352854,0.154876791175562,0.6813780877928942,520,129,3793,526,291,0.7586
4.202281543637983,4.29642939670018,4.700804552323771,0.32852628476615936,0.1211398065433962,0.6580658153359579,5000,41,19.76137363392195,40,0.06098116163760342,0.1421726774380245,0.5526101686281142,0.8769531830532066,501,33,3078,1228,76,0.6156
3.167518828296095,12.670164741491167,9.61988115800667,0.22301473086170695,0.020434720050798327,0.08156846882371624,5000,14,17.258845070504123,18,0.5898127563538683,0.5213682018419985,0.07472178560103476,0.1835854089295392,514,110,3937,1093,227,0.7874
2.5576059028291622,14.736395946174515,4.796529530981134,0.369774059753862,0.3419908326617714,0.6273005166678488,5000,7,31.736901958498557,38,0.1953046877579659,0.5209284100520266,0.16926003687708263,0.007136415961674815,17,21,349,173,263,0.0698
1.0019550559336947,16.653237095089096,7.472270693973906,0.22912456953367238,0.3729441869937224,0.5291680789167952,5000,8,47.51319543484908,2,0.6939053643223847,0.6984571985285858,0.17469998740711437,0.9131744362746781,8,0,12,3,16,0.0024
3.8804879139764967,18.437430879813714,5.694649539672945,0.29044753743164947,0.5406706264623737,0.004067814421513518,5000,25,21.357951215042558,49,0.24226142318307234,0.661155864765902,0.5607680322339916,0.35440388897507846,1201,68,3964,1497,157,0.7928
5.6893477257698155,19.495720855438886,11.727033150913865,0.14518463319159539,0.15249994541303757,0.3605217992759099,5000,20,20.881817218581162,30,0.5485033231109412,0.15950687421532103,0.7602077248922583,0.8573247782453964,222,53,812,144,234,0.1624
5.030056554170797,2.470976681844297,10.649770440761083,0.10684869841412337,0.047422076606197114,0.006681198703116949,5000,17,33.778207801467175,54,0.6995533366160923,0.3615990963957651,0.7903688717890172,0.6101376057375739,3156,30,4908,684,63,0.9816
3.040988770187684,12.953860729476597,12.368048574731784,0.26819994273825865,0.5126310200637607,0.7154381960802737,5000,36,46.191190475484966,21,0.0007804407427517475,0.4965212149087167,0.7991306266492125,0.9027626380658552,40,26,106,32,62,0.0212
0.8262207008045066,19.400155983452105,5.2781926363777725,0.1029587594976978,0.0509288477701583,0.6564468012611104,5000,20,36.669239344058994,8,0.5166594770934928,0.3334616615300095,0.6519286884373756,0.282903361728613,20,0,34,5,18,0.0068
3.48957239465388,5.728840114488431,7.652679966878919,0.14746676867823735,0.5945236216629646,0.5049232861458067,5000,2,45.43116411466744,46,0.6261624164897761,0.9048866627090713,0.8306661921739169,0.8079205778740854,69,52,174,32,66,0.0348
1.480756311423765,15.979862750181475,9.401566083418276,0.1170544138496532,0.47761872980819453,0.5658810161650883,5000,44,14.670092798202385,47,0.4628651770259767,0.5847860100891399,0.08462692539074283,0.9411073873112322,44,0,207,31,153,0.0414
2.3079723078019567,12.894227312968136,13.134665410692975,0.31220057271711266,0.07940299349008985,0.6138521585596395,5000,21,25.997616662338572,9,0.5660759553997895,0.2862464548677298,0.00134506744968411,0.9857459292928312,25,27,221,78,233,0.0442
3.019540948660306,7.494458680056829,8.285517568192262,0.2649875743258713,0.26101861129153664,0.22133454445659578,5000,20,23.457830958844198,51,0.8013659328805094,0.5972020455815341,0.7975960093693312,0.8219572766576582,1008,59,2846,970,99,0.5692
1.8046708489040455,11.28448033119831,13.094006010923101,0.012066182196640303,0.4693367281961326,0.31816684909159165,5000,42,25.661315487999268,29,0.5868698956166515,0.9549761582781955,0.7831781881932531,0.6941799008070934,96,43,262,1,92,0.0524
3.845304801037768,10.393933362376742,4.986580722735469,0.29991242923157707,0.17547981515271321,0.2484029702569955,5000,26,22.024600701617764,6,0.7280139904128395,0.022829713486917813,0.10406365628313784,0.6612065365020956,471,58,3665,1404,156,0.733
3.139979829770815,12.599653370200908,11.803546365826294,0.3984017214576096,0.5671958868168471,0.08322018376640358,5000,20,32.1587357684145,23,0.6768248648069347,0.32397185849006516,0.641825699056983,0.48910372697150045,85,43,354,181,200,0.0708
5.394036174102865,12.339582860892786,11.438961972031436,0.1120754202163392,0.49324333124719744,0.9074095747965213,5000,33,14.191013550542324,58,0.5782697300720627,0.2888291382339139,0.3461020568208619,0.553414778631351,59,25,168,16,101,0.0336
2.272352749063997,18.834342640453993,6.503582071113998,0.17005315593668552,0.23811854554333695,0.5351417156156448,5000,4,26.004961057329915,22,0.2387386075988445,0.05971752811858102,0.6012398472703003,0.7481785228633553,10,25,40,6,75,0.008
3.199326009373139,3.1656512190575583,9.08876066968338,0.20859678887441474,0.5238077376312326,0.4622485795121781,5000,1,10.215420552178973,30,0.286783945967932,0.744572480464965,0.7720075371275018,0.7844013316782408,1,0,1,0,11,0.0002
2.608452035019986,2.0700841435960324,11.435348885126585,0.031627748193692205,0.1371753113696681,0.4130611706422628,5000,38,48.68601421701505,21,0.7144155491599166,0.23787745592888396,0.2688784836448668,0.8225378804771525,287,31,1121,44,145,0.2242
1.9242716159431152,16.08658015770552,8.593523998667283,0.2544251182148726,0.08907551050020653,0.44489109289952294,5000,25,10.859611543204817,37,0.40007696785086944,0.10969022621979492,0.7539822883921055,0.24833046761957578,57,48,179,63,102,0.0358
2.7874712396969334,1.7807533161962739,4.484290613006809,0.2394311380947096,0.35715491246801717,0.5044336137623023,5000,27,23.601103428164542,59,0.69453115443472,0.8214249763524473,0.292961714698562,0.750941631174946,665,33,3585,1110,75,0.717
2.47346827650742,16.71607330726278,6.4715585546831935,0.09637474824167455,0.08279936996874974,0.4229225272795442,5000,13,18.10630690294908,20,0.15108155500512724,0.6110620551060026,0.2801296723277002,0.19170227799313752,50,364,1070,110,349,0.214
2.103703646702066,20.643184335430487,12.292356335707199,0.08316309951964165,0.2589039499397494,0.9469571524913513,5000,36,24.414192905229832,23,0.7475005480370404,0.7994589167707448,0.4182204722847497,0.9337694761325176,36,0,42,8,34,0.0084
3.5330649222461767,7.088790121396165,3.6370239557434836,0.20991247121354306,0.2658007906052268,0.3689382163920858,5000,5,12.05174535684018,32,0.505886081338467,0.06932612586247305,0.10069425637997055,0.7531350626177937,397,54,3584,937,135,0.7168
3.6906028798731585,3.940763115055838,12.238191267249183,0.28299222836570903,0.38441917605703874,0.5438054188266556,5000,12,12.100688631387152,59,0.8078376054652665,0.19084042462927284,0.37540257344091676,0.9786907758234425,702,63,1917,662,169,0.3834
5.912647440708829,20.44715776758801,8.85787532943801,0.31635332516254844,0.19917700283361672,0.7536880282629246,5000,31,40.258014361566424,15,0.8806543511595885,0.5787949759271797,0.40168023438718947,0.5692445671239514,80,30,183,76,82,0.0366
5.656113548078078,8.045965995223828,3.020640207397999,0.053102447508279915,0.09355909756586624,0.7748201678933241,5000,12,11.989184396228843,43,0.4658956873765669,0.9508430588211266,0.23885295896256803,0.3025123357105204,124,48,1472,113,226,0.2944
2.2030904179872417,2.2381995646211488,12.765818331376725,0.050620725783493775,0.2076785917698782,0.5266035542950062,5000,30,32.066194294761715,23,0.6494507799173614,0.7058067213184525,0.5357357516850764,0.3397375639957382,112,26,235,11,72,0.047
1.7349097717935251,16.451994726086255,5.967455019990478,0.38936773689052495,0.45583262912851596,0.27736019463756517,5000,8,48.78399721760483,1,0.29011970489997807,0.6436666804730652,0.715177952106254,0.0021971398210402253,8,0,16,8,13,0.0032
1.8722251997288675,13.743027253737809,6.439679081623475,0.14194495168972163,0.5802123717417604,0.25316370526982324,5000,27,15.188660123869509,41,0.5010777835236436,0.07359626277452501,0.6070732358104984,0.24424089300738622,157,55,594,107,125,0.1188
2.5510978840973517,1.2499454281665217,13.078421454086898,0.34269092705344145,0.379991581728948,0.5984012942078552,5000,18,30.31272870815802,26,0.02081427217044388,0.47392332313342306,0.5395324289881293,0.3034876843066829,107,30,252,106,90,0.0504
4.913301239766617,7.593610321325435,3.3151569514883588,0.11506782560354976,0.23224679093202907,0.5935905604734045,5000,49,42.588064771545774,40,0.15612591780190146,0.4640746059783805,0.673511727747005,0.658094681671538,811,43,3828,531,69,0.7656
5.03255097512042,13.149183901706275,10.209616453846095,0.3520358586690435,0.5138075188851524,0.3219711167270383,5000,9,46.40718428883681,14,0.37415413055228824,0.8005783154401848,0.29870776199530796,0.8648456027687398,613,129,4022,1762,238,0.8044
5.1136027013412955,1.0415915664224702,8.612944223931802,0.05580853649171818,0.4471953068860623,0.5744911370995838,5000,14,49.03852167743644,45,0.9192924294689094,0.6707705545851973,0.028343411748437193,0.8113776616411597,1605,40,4153,310,75,0.8306
0.9979105743137496,18.368881787493482,12.467640778693948,0.096879197049319,0.4626179591273315,0.517026503530759,5000,7,26.525390446144627,7,0.350151336422482,0.5545754491357435,0.018660976698523395,0.8210540760563877,7,0,16,1,46,0.0032
1.2770468122565641,12.52288003416235,9.33348182559876,0.3149341144233467,0.4064929603711123,0.3541444508581791,5000,26,32.49131209328082,26,0.4331326065841427,0.6247649592290592,0.05708308283806107,0.20168094512037443,26,0,163,61,176,0.0326
4.226556639282386,13.090186973549052,13.542736278886279,0.19208792818546028,0.2997520838045622,0.7970108548272588,5000,47,36.73018317061809,17,0.3512621107200949,0.9306358200611401,0.8234825575322543,0.718836637577651,51,28,105,24,57,0.021
5.915201572949994,10.839568368872175,12.558275999834297,0.012239254844785375,0.5050535999503648,0.47854518518663125,5000,21,23.63810369322795,3,0.2582304971399401,0.6060703205359779,0.21081164475562603,0.5650598565022587,807,97,4116,78,210,0.8232
4.867210755843314,18.69282592438392,12.04040840813768,0.011389831845082361,0.4079043861375436,0.027994592375249584,5000,29,15.891114389915295,32,0.25864522702591053,0.9699761695684577,0.4696102344411006,0.6970025972458421,925,81,4387,75,236,0.8774
1.2184926457110472,11.454524430626881,4.960983715709635,0.2846442362902649,0.47719208405746305,0.736890129635842,5000,36,27.587292064761986,10,0.9488217705473379,0.9926762588040852,0.09101492149432808,0.3082881311143764,36,0,66,29,31,0.0132
3.531685356448457,7.61491918572326,8.283485770829628,0.18956385656768981,0.5545627199060224,0.46826934701526307,5000,40,33.56038836823118,57,0.8800725563745648,0.6837629075049214,0.6257562547294613,0.5125640728445195,794,60,3097,745,99,0.6194
1.174978841755192,9.451445214614514,4.750599208096205,0.14309648037712283,0.2632105463068131,0.3157133780625167,5000,7,21.622012337579356,18,0.4056649789415767,0.49361559247828846,0.6347244525127486,0.4090294011087491,10,16,25,4,20,0.005
3.3616387186443974,6.114075285183478,9.19310021012474,0.02982922520026242,0.5133464514386368,0.6017142066397446,5000,26,21.772023625545884,36,0.9965515972792464,0.3766429337898404,0.38249317152286627,0.45282376989725565,158,43,530,21,117,0.106
3.060446054304993,17.535832764106143,6.406354491732987,0.2533747204046604,0.5105338162083876,0.07776251808197539,5000,16,46.26272906075809,56,0.6109899707609573,0.7432932697756374,0.5461020118306787,0.8887157295723879,466,70,2281,722,232,0.4562
1.271576767706625,7.620012631524725,10.08296728051236,0.1331454127864343,0.04436322712726646,0.31994142041016926,5000,15,20.463877703641682,49,0.9114747446902166,0.07416324978680913,0.28687808803371107,0.038785053916322615,51,54,227,35,122,0.0454
4.666867423920263,15.670060092238224,10.07355610441679,0.2825480321893505,0.0438052862127093,0.6445316293827904,5000,4,20.918928158744567,2,0.014476980622791442,0.9209024275679019,0.2092541805322557,0.3950146680051185,260,233,3105,1091,354,0.621
2.7769419383798297,8.6850448708425,5.116753494028732,0.32586932363356674,0.018249500470636146,0.14560334397342742,5000,41,43.217090829885024,43,0.6639946393073695,0.3802557913515683,0.7198271568410426,0.9622051546362784,910,51,3499,1457,85,0.6998
4.830241702042614,9.987501925684027,8.60100511984255,0.36173196001775765,0.37420151492101117,0.23307552814867058,5000,50,18.084292154179018,43,0.7174454094949339,0.8813627977889924,0.8739209499032738,0.7499982835440131,1516,47,4065,1864,93,0.813
5.978987799508571,12.769650883993194,3.513688744301671,0.2619221606974789,0.23297030080874073,0.6656047785472887,5000,46,33.32977946955132,31,0.9365718714127059,0.4769008716030372,0.2543067035409461,0.9190139950791922,404,33,2210,770,144,0.442
3.5514923326431553,14.74637156187169,4.733115471399103,0.15317773551090402,0.14170630312772436,0.4635719063136874,5000,1,46.73997528145354,16,0.36115059337959604,0.04299960478000982,0.3831633292532899,0.7821967603432977,1,0,2,0,0,0.0004
2.8721583144041425,6.009936019379814,4.500549782232701,0.3912963960506357,0.5272666767906892,0.49924379137557506,5000,16,28.41006825248524,15,0.6789817599394267,0.4419273782720723,0.010131433437024618,0.5564046599534741,70,73,1392,680,248,0.2784
1.1833338450912327,17.643015604084997,5.022700288452578,0.3031658369941132,0.08467686367763748,0.2701187959042086,5000,29,11.05991352595869,16,0.6226057523878227,0.12978100119547686,0.19312514826579563,0.11572187454192599,44,24,141,47,107,0.0282
1.6403851513567167,3.751575604021878,3.5522470818187983,0.32539298009633116,0.18761205564606961,0.5622040127532426,5000,25,46.10989985019144,49,0.8869383208850992,0.9531771836321741,0.18786725143813957,0.6688858923079767,26,9,192,65,58,0.0384
5.817684303530616,15.79242653581952,11.545371106934443,0.3185461776486694,0.5562485490493063,0.536078596667809,5000,3,17.99051075985096,17,0.4963582086350652,0.12147502077077146,0.5697762143187821,0.0720678501564954,19,67,176,69,307,0.0352
0.9870287279058727,3.5771750063085372,8.94946484414177,0.3919549382430859,0.4983769119429689,0.19540522764294035,5000,37,31.42471955758523,10,0.6080690676029021,0.7513461627293664,0.30095781988826126,0.02188137909784973,58,9,126,62,70,0.0252
2.3241504460100018,20.589934302888086,4.680916661367965,0.20426405175589044,0.09246550110071336,0.6035078640322104,5000,39,37.32015363973258,47,0.04816764447718262,0.08256204791891877,0.8176134992706766,0.6091253971331292,104,50,381,110,61,0.0762
1.6426953878764228,8.40825232969005,10.432648647756437,0.08262976727037744,0.12011504225311956,0.23548962893792397,5000,21,18.53931524019078,9,0.1290291452289999,0.08396878900705582,0.45480417543894786,0.8338778948487222,41,20,357,38,268,0.0714
5.890220517735388,4.901887002119545,6.754173234401073,0.359868337786553,0.2212892393563027,0.39683483271825604,5000,17,18.82155079537088,15,0.6128048049278744,0.05620718479709971,0.8167795466115835,0.9893625051669285,605,20,1315,619,77,0.263
3.2219023601961476,7.0552727408257665,7.493054196689836,0.045163337747760046,0.41489699118683243,0.7305889924940889,5000,21,18.697904177880424,38,0.25740146641870437,0.45531999647333066,0.736498790135338,0.26236976424279396,39,16,161,7,65,0.0322
2.539173635634908,10.48930685421251,3.4712685548288396,0.33616451562202704,0.13341648703451758,0.6950740830812402,5000,48,34.64903099621881,37,0.13119492460836277,0.6209104165311528,0.8043261145978268,0.17165747926263594,93,42,383,167,48,0.0766
3.588035324683881,17.248211847273765,8.870069928813894,0.07443818270922596,0.07225499634196073,0.5341459684357694,5000,38,32.41412257571272,1,0.07187415578596833,0.25265720992631785,0.6491673831855375,0.2523855033312242,48,27,211,26,146,0.0422
3.7262294382432204,8.891458754397583,8.331461831265052,0.298317939084556,0.5696304021150052,0.26313871192324406,5000,35,49.19609721328697,33,0.681526500905335,0.40325347213094725,0.4505883386748779,0.8144787949073391,801,42,3054,1116,134,0.6108
5.148070735875728,17.68673057900474,12.405853265286803,0.21955932394874506,0.07886275625631663,0.55840797679304,5000,48,39.90815296495159,29,0.3776053548747384,0.34464535526637285,0.5794440392932382,0.9687631585590317,190,51,1246,336,354,0.2492
2.9628637703931586,10.911992728129423,11.749902173018228,0.2613033044709025,0.2622433764195932,0.7568174591735755,5000,21,10.452675073164006,5,0.2669533397086837,0.21672395537340633,0.7040336629060697,0.5406806410480239,24,12,50,20,67,0.01
2.6957989758868646,20.133768334461458,12.008348780404521,0.21297148247013686,0.03585758045005438,0.5548936205632956,5000,13,13.281349165860204,41,0.1378545817033133,0.7673700585396906,0.7452326823719212,0.7196048038567823,29,59,103,19,117,0.0206
5.7663956701030985,18.266806150399837,5.859507390632014,0.04763452230210132,0.5339520369111638,0.33371988362101784,5000,37,24.031140475420127,19,0.03012490213522104,0.27339683134060944,0.05461212357628163,0.8813894233355146,1259,69,4764,336,127,0.9528
1.3421454775708477,15.385003702848847,10.787112031776125,0.37055331422309407,0.3636326293790236,0.8820119853678522,5000,1,37.75036416204135,58,0.4622454081909999,0.09303808754753204,0.09864699513026959,0.10145355163188557,1,0,1,1,0,0.0002
5.451737905766855,12.21777830609324,4.191350881743312,0.12687230439163463,0.08047860804049968,0.6665886345862106,5000,48,38.483767614886844,49,0.09137902286901856,0.16103348140875878,0.17567027344253644,0.014067592241434662,840,49,4050,690,115,0.81
3.801309662351752,14.715124209235894,9.712909695877014,0.13506266258143407,0.17488476435828532,0.6879437206270904,5000,11,26.92883260059733,1,0.42576039735438415,0.9560578169809307,0.3066337415257804,0.34349635741159196,11,0,35,3,71,0.007
2.5108859459938575,11.09317753192644,10.95804791947495,0.27850075097247345,0.5022570154257816,0.7992018059778985,5000,38,36.560346375275316,50,0.9497179221610124,0.08744032830581622,0.023701082790331677,0.5877727078922051,93,23,316,104,106,0.0632
1.3827861130958752,14.476153794109456,7.890928489885174,0.24344699722765428,0.04660738551908613,0.668835786098951,5000,30,45.770462772958396,6,0.3646476328787683,0.6316607361118826,0.6615214660037557,0.025543751232639928,30,0,66,22,35,0.0132
1.2387038212585502,13.971473854074251,8.793890338504323,0.24036356734203757,0.02223954876312601,0.795167624152181,5000,19,25.78942024022681,27,0.34777239798071663,0.508381462147879,0.8595478862449605,0.4946772592962957,19,0,27,8,22,0.0054
3.001853650045674,2.404844505726108,3.743033362494165,0.23830857532814204,0.4712725337108016,0.7854609114164074,5000,45,20.3781798967211,41,0.4345589853143995,0.5740033398290086,0.6331115103052213,0.2786443073928343,70,4,329,108,48,0.0658
1.0843228685708861,6.695526847110168,12.973965035557331,0.35411551421156895,0.3360255430379038,0.8955397833924174,5000,14,26.747783520357473,9,0.41075744699094635,0.48122369134343435,0.4447423211376651,0.47177920655037026,17,10,18,7,23,0.0036
2.19778368880076,5.391018268891185,9.272170519699074,0.02307277036667804,0.3459431974105696,0.89132936323353,5000,46,15.162603460284656,12,0.9541621431809023,0.3132117566356438,0.36320102981796837,0.5440952043848598,71,10,95,5,44,0.019
5.713509392266403,4.970437639078106,12.66716135210356,0.007583834013932242,0.5415772768781174,0.5322481205294325,5000,11,15.847722158923904,7,0.8872523750096658,0.802204150289332,0.8088993421826753,0.3850013793541938,25,13,33,0,40,0.0066
4.06000451254793,2.1474500237075596,11.49439504722678,0.24410754337919613,0.4677706969972532,0.8443439063859097,5000,18,14.790199759644949,54,0.09659321260418774,0.7079230081558793,0.5944259500978123,0.6556011135780792,20,12,46,18,68,0.0092
5.58803287087913,1.774873107767231,11.673115865829168,0.02053773344919643,0.24790387952729737,0.18870396013496551,5000,10,10.288373978986883,3,0.9413659441709603,0.09233191327013564,0.08665920359243698,0.24009800570042084,1568,46,4165,116,109,0.833
3.7715024380292563,7.449664280829169,11.195627862578483,0.21158483352792243,0.4230705881168319,0.9323363214577562,5000,33,44.823279990124234,55,0.8341435574412509,0.5463767160651984,0.8969847601372495,0.710965441221872,54,12,70,17,53,0.014
1.513550621873514,10.096545827766185,11.888963790807768,0.07585807769739793,0.02152947923989176,0.8378084089791565,5000,16,39.52239222499141,12,0.11997006170828692,0.9070211208822685,0.5937980928596702,0.9116040857753451,17,12,18,0,24,0.0036
4.9353234325006845,3.395241298327152,5.458563297078344,0.1187716008391193,0.12694777759947357,0.025177674245058988,5000,41,31.525856330674742,43,0.8605151363041463,0.19440510371118264,0.8257166802453364,0.6968759464858348,2255,22,4879,785,46,0.9758
3.9801471762784972,18.995487621372565,7.569273554004932,0.08747143960991965,0.23962574572421783,0.2006947240844772,5000,44,16.453996253037474,27,0.6256911833308629,0.8163885418782639,0.49860159358239897,0.4305532240343236,343,48,2532,284,301,0.5064
2.855373172131401,4.1018930308111985,6.786598889970792,0.2010468251319605,0.5355160614805993,0.0533717256501443,5000,19,22.236566158618636,21,0.18231381610951652,0.022159788898407955,0.017830614263168874,0.2914157547128421,1207,44,4474,1166,88,0.8948
1.2968064910451986,10.978865285683447,6.839919377869637,0.282385638337603,0.37740131442700536,0.45008599507464225,5000,30,19.48297025078703,32,0.13093906325547067,0.2997269067655318,0.4752330592233508,0.7247491225169344,33,18,148,71,102,0.0296
2.484633364067295,4.994791792318159,6.010681076646972,0.2674372360582068,0.2290173132137463,0.2983313800921142,5000,40,42.94499963311787,51,0.9248876546997268,0.5010826783771493,0.5082076040552427,0.8345424002894672,849,43,3716,1305,80,0.7432
3.40173481982663,19.368756556579942,11.900101484413007,0.2526613260551212,0.5459009587556874,0.37819813650198997,5000,28,21.80164208701678,42,0.30567311616891685,0.15853684298436002,0.14764634185509531,0.9870806051135818,354,138,3392,1081,357,0.6784
3.995746921010962,9.082392365499478,4.928544931209368,0.2163123907641157,0.13541540837674393,0.7405582515574284,5000,33,40.63815588254639,14,0.42168961293865015,0.601476254750617,0.09988511114837745,0.5667453866768383,74,15,512,144,126,0.1024
3.6515443802928873,16.873155349480328,11.663255704797642,0.32746121831997427,0.11716785026893674,0.11253252218703307,5000,6,34.51711935506574,47,0.5156194261546874,0.519274164004304,0.13879252774810422,0.08349206135089468,606,141,4038,1719,295,0.8076
5.338985109209037,16.305068017937856,8.325785203506788,0.33452934664604417,0.2526240984469477,0.7415844532885452,5000,10,19.893706677038082,18,0.566673289109549,0.31687563498993454,0.2997346981059088,0.18775779734158765,42,26,190,88,172,0.038
4.38446540643581,6.978718017186849,6.85039742039265,0.1773054381452808,0.29800233850400437,0.37505520348628874,5000,10,40.139005842575415,60,0.5813805415323546,0.2775280704187444,0.028944929335129734,0.8515877737960598,1083,56,4435,1032,102,0.887
0.9177164629482141,18.504340742315286,4.006329789533536,0.07389770610741678,0.15645914912613845,0.5656726907349041,5000,32,11.250781252737987,7,0.8544039581826209,0.39732047200725595,0.4065635107362015,0.9491676100862659,32,0,60,8,24,0.012
3.4423146286315722,6.556032482452878,7.7868542607912765,0.13144332123851796,0.4278234567558538,0.1747379410880803,5000,18,37.50773036346304,56,0.11663806128416138,0.4944470829567696,0.7118264169676618,0.08058862445755154,1265,51,4397,724,94,0.8794
3.5755162971458185,16.963937562773935,10.50359647136979,0.15725462030115211,0.2653260565014997,0.33538615436905,5000,50,47.70308941482214,58,0.8761162845458765,0.2140904125824056,0.18992974011970623,0.916357325588196,737,74,3204,634,221,0.6408
3.2546194981518326,8.215336270935289,6.978576284462381,0.26096597108175085,0.02468418537393774,0.9241143491058014,5000,29,27.31215118063238,20,0.5136450390358661,0.26228676263060974,0.08242120619733766,0.27258992364442,56,16,108,40,38,0.0216
1.4306789470623076,9.29049511060507,5.037518400674937,0.18699801165345464,0.43677026790407064,0.15925642299371623,5000,12,20.239073269598183,2,0.10598834940779804,0.4520343820385249,0.6246551681890827,0.2407029167181569,15,16,79,13,75,0.0158
2.5233338548102973,8.574714728944542,12.718609028453942,0.22707450620528538,0.4322396195567199,0.19403793935602928,5000,25,27.477008917373837,44,0.29918261820958064,0.14297040104121903,0.019492197665986817,0.31580315614967813,681,86,3758,1031,216,0.7516
3.3268411436390197,14.57334226000348,4.431225905565547,0.27511145654355607,0.10333414230364125,0.08536135308938245,5000,41,26.88712239097702,14,0.27206842598969516,0.928601523701043,0.7888172810750078,0.49947224904452264,180,20,807,274,185,0.1614
5.271861412168077,3.319798851141137,11.33210978537908,0.3320727809121431,0.011732872958899977,0.032127092946296364,5000,41,14.773675110184715,37,0.6413296336534626,0.45558215481489067,0.49357611938870233,0.9661564510495059,3036,30,4864,2092,66,0.9728
3.9685256059869074,4.646933386864534,5.698414212935684,0.09989520755388388,0.26057720686166,0.4494883454839512,5000,3,41.8053294290332,9,0.16323651583944832,0.5381176170267292,0.6441627960964624,0.27378179941813463,9,14,44,3,46,0.0088
4.754941370654225,6.203850826661628,13.418776139460887,0.12187172196534557,0.5260190182600688,0.6095819191037805,5000,40,44.56315507464948,46,0.09622733557820883,0.30964044170890304,0.578940226986917,0.7218161088197048,670,53,2031,320,152,0.4062
2.943414577851734,16.367520113694834,3.0457874258606417,0.11082118801227228,0.02825963122319021,0.5673777632424589,5000,42,48.442545412012116,1,0.17800166766699257,0.45776461487204234,0.02783896613389557,0.8115769816082705,324,99,3260,457,177,0.652
2.715237586671451,10.280257315099126,10.347304448712842,0.11472878272404606,0.5713154550945194,0.20580023705313058,5000,24,21.24025954711467,25,0.15931084599542153,0.5672223044613757,0.20783252619187872,0.9899921743343536,532,95,3704,533,225,0.7408
1.0137857862662365,2.663321960032743,12.599389977081227,0.148910480510166,0.2877842920220779,0.6526654988733479,5000,46,29.006866767208045,10,0.03776798995620961,0.6266782431332201,0.720830535342084,0.2022652253464397,65,13,67,12,30,0.0134
2.1267756977755012,6.136426019792818,11.697000107439706,0.3036407919040062,0.4579698155460496,0.4057497357747988,5000,2,12.502428618352269,37,0.2507707300203405,0.6054538667420153,0.18162627037207982,0.0390399493043365,60,261,733,255,365,0.1466
4.885431742887616,19.037850012879332,9.41598395611936,0.13653789577345332,0.02946763526930596,0.6229278172699425,5000,5,13.57791728548573,39,0.9178120108021414,0.7336181788669606,0.24368751265730598,0.6624370867336881,44,57,356,69,328,0.0712
2.7824305070373736,1.635462954819841,5.658963067481917,0.11988998023454552,0.14788257740469055,0.44328266540763,5000,5,47.75797700860271,56,0.7650393660939553,0.8706073028886469,0.6765363165557071,0.8895386642173486,759,46,3360,508,72,0.672
0.8315851795314705,7.8876967449993165,10.46376887170879,0.23093609035301355,0.5368852731850862,0.4872154089122142,5000,18,24.084964818804053,11,0.909897994441926,0.5199198695019177,0.7655318440277955,0.5363327464641894,21,11,37,12,40,0.0074
1.5184270930600432,7.4586801603504185,4.6001524193374665,0.37207057854330616,0.12420534898713373,0.30498835696924914,5000,17,40.679282097348086,33,0.5795866878240193,0.8750523685610253,0.6998185781143944,0.912822588526915,50,37,236,122,72,0.0472
1.7503837237676705,7.240977091793887,9.503544434169527,0.05811384679233647,0.17990117939392844,0.49511075534138566,5000,2,21.097308339516886,40,0.6892585448210222,0.43729788188164587,0.356897233177181,0.8499490567907924,2,0,3,0,11,0.0006
1.9523751679897037,18.57386368667769,7.513264296603707,0.21666975706789873,0.14811873178714288,0.5102221499640768,5000,26,47.620908466728096,42,0.0789722515284352,0.48237401934133983,0.743553543758815,0.3763514059794562,28,27,116,31,74,0.0232
3.754979556535562,19.81964091032462,4.8853092558546045,0.3562592105644552,0.48618011979614434,0.3397274983460136,5000,20,36.7634580491528,37,0.26352040501260754,0.537955308011068,0.15544966883438832,0.8714727800590185,477,116,3885,1806,216,0.777
3.083010931110305,8.259373618518264,11.63431567794677,0.2786800518336585,0.11586131251904228,0.4549020531704568,5000,28,40.59128816250418,42,0.4241441752568426,0.6856250536339199,0.12987995796710217,0.7323623645730927,256,91,2454,872,286,0.4908
4.6092780500271875,11.789393379735081,6.704203741829432,0.20641267022009935,0.5040286874455835,0.0772604214253428,5000,18,44.195866864752965,18,0.8398201095672186,0.004021053610773127,0.789709246290817,0.08011299505335881,196,33,774,176,150,0.1548
2.6025776723336183,4.778259279177267,3.367089129353303,0.2809633999367696,0.25473017208210297,0.33091792975772616,5000,41,14.286473714294388,1,0.9019865756197845,0.6331352730059271,0.006591145906977378,0.8139147362610687,104,39,1866,627,192,0.3732
1.3598975966780251,5.208007655271961,13.643206128540234,0.28376757005498476,0.003016892060345545,0.7587860576286045,5000,26,44.51389280531363,49,0.7796873705932278,0.19521032303038954,0.00675278842416022,0.4292998896105694,36,13,70,28,67,0.014
4.880574877658722,8.664670572322969,12.971186292912934,0.3164453853949781,0.41655110784300853,0.30786732341242545,5000,24,28.680474958712693,30,0.15249779261592158,0.759466135611025,0.042325104397780235,0.24978295384137336,1372,67,4595,1857,140,0.919
1.054911971267264,6.85637932417094,5.053934730311704,0.2910933239061965,0.29192651753582155,0.5723409120585544,5000,18,35.98071804234085,49,0.9719279529806648,0.6939730850991286,0.34378959723762575,0.1952504378631464,19,14,66,20,54,0.0132
1.4279579732283445,11.772957068687706,10.705573805111108,0.057181324753589106,0.31367678794105375,0.7227820953158388,5000,38,39.10177063294199,13,0.4075765168567342,0.7695605171111242,0.11317483300281969,0.9657188363408395,38,0,88,7,78,0.0176
3.4403675203626154,13.829950669819109,11.18674243017083,0.3428355818931731,0.11462502731767951,0.3963429406328889,5000,15,36.335362843311756,54,0.6015894912300281,0.5185575261454931,0.09084421997323036,0.9103397044404609,385,111,3255,1431,292,0.651
4.143416485942823,8.262762887623213,4.415754748321381,0.33551059859586674,0.3480326741754765,0.08778572191184915,5000,31,25.30412796782387,31,0.5516412540342278,0.47496636328236735,0.8341449255878818,0.28390863504979597,1410,37,3451,1426,71,0.6902
2.138856609761592,5.050311400046883,9.467555151193347,0.15474922357773263,0.045809743207498595,0.8548042016416723,5000,34,16.981386931090128,49,0.7166529414360255,0.32260359992538445,0.69023878767217,0.8798073073217461,51,10,91,18,50,0.0182
2.2451699874085937,14.235388967522665,5.434380514448058,0.18978994576903246,0.135113416139253,0.1769672371742699,5000,33,17.15631952158489,3,0.8488196968545707,0.89764221879598,0.6692708704960915,0.5043072067602796,41,20,111,28,59,0.0222
1.9217192390090068,20.213885458140485,4.380889740798242,0.05190820145181783,0.41146272367944203,0.6342425901958911,5000,26,36.7051981514921,39,0.9393246848843082,0.18794946596067655,0.47647447659159126,0.04525751353734673,55,26,162,15,40,0.0324
4.79904397901278,7.589227285006782,11.86432434983492,0.3015350360843866,0.15032381274486703,0.643787377294596,5000,27,43.03074560084288,10,0.9995200908187243,0.5006856673402528,0.41296785464779573,0.15146520039667613,75,20,165,67,80,0.033
1.990898191927937,10.139608912005237,5.5188893869832505,0.354801178175043,0.1341250436511961,0.867811928559965,5000,5,17.762271160243113,53,0.3899725784754366,0.43656891099255873,0.8060233976696868,0.5526135063756961,5,0,13,4,25,0.0026
2.642153512650207,10.33807225705577,4.271672090045055,0.01569717805595079,0.003358429671122278,0.330458519338426,5000,9,43.876579357602324,29,0.38271044424658046,0.13487472720575702,0.07370336417915697,0.2889429098261662,228,86,3387,56,210,0.6774
3.994319931420005,10.845240942758638,6.510688133150905,0.17082650874745284,0.22755185852869297,0.9009210400512259,5000,17,14.865787668929608,34,0.927659064847796,0.9467483732077283,0.7558112389716747,0.12940633501414772,17,0,41,12,47,0.0082
5.521610564358088,20.66975855630314,4.578180842703659,0.13604475057818696,0.3472929339040099,0.7651223285744327,5000,12,32.380472841909835,12,0.053006339498322466,0.6195788051450305,0.3235625270720024,0.6852945486579681,66,218,1226,202,283,0.2452
5.949809041905416,14.690133618799507,7.448876491178076,0.2217031088235234,0.508027979958957,0.6085232540666771,5000,26,32.71029627748548,8,0.14532488494217263,0.26592890531392005,0.70618832827103,0.6822258654084483,106,23,574,158,259,0.1148
2.751156652849976,6.763600266342337,4.485670428649626,0.09088469805705353,0.5460486138977688,0.7547880643887817,5000,45,28.514581706531168,33,0.6723073213060969,0.43932136177702036,0.8865043690116016,0.5212730334587976,72,12,320,40,46,0.064
2.6370742442480557,4.412869786351427,9.223520090555573,0.026972591806038337,0.19238775572271719,0.8803781707793706,5000,45,49.260048588207574,44,0.07491010906358227,0.13368369475927916,0.2672660418309355,0.40825540495387314,102,10,224,7,57,0.0448
1.0361508852422185,12.300101095907376,6.332066203047872,0.37127557728660293,0.23747560811598709,0.720947082535295,5000,17,48.55213326751881,26,0.7963977824443836,0.5391614463271083,0.5616019170128298,0.6985885390157911,19,20,45,22,31,0.009
5.472315579287519,16.737585234398363,11.1269524803707,0.009726721946876146,0.042793534326879955,0.21821417792772962,5000,3,41.054366499729795,41,0.8118253364949212,0.02858135441278501,0.327093959482724,0.1970645619521928,465,131,3766,53,292,0.7532
1.5824495881642608,14.975447161572259,3.6944828477291316,0.03221168329275917,0.2959307043650866,0.34337128154772667,5000,26,32.518305909625596,56,0.45629709940388524,0.5646749374328496,0.746959073496334,0.29858537788610345,87,54,446,17,65,0.0892
3.162606625321925,7.960969713100757,8.192538702161206,0.2658871007937535,0.5010207311805723,0.03659511861070172,5000,49,38.50103049140675,34,0.039209077213773966,0.15412230320391185,0.2948207293931059,0.5498382496540031,1256,42,4469,1565,126,0.8938
5.538071510366758,9.526662951503647,8.453051645725568,0.16077432664948615,0.18048666073000708,0.2097438907819218,5000,41,11.838228830798101,18,0.9980469010183887,0.6478150907339424,0.5755193674398713,0.296721397737567,513,30,2250,429,208,0.45
2.114141787773195,1.2160482615152035,10.413996974909018,0.03609173274001512,0.5924684058966208,0.7312629655131818,5000,4,22.27419095065366,31,0.746790897401886,0.47593171826220354,0.11075850960600943,0.2559088313959755,12,34,37,0,52,0.0074
4.1389773098717235,19.51738616399954,7.960021452108044,0.09277106428737512,0.037281099881673156,0.3278036586168541,5000,27,11.081419947290158,10,0.6551498701463058,0.8193000304604076,0.2165216960727249,0.9261161998398559,217,102,2889,343,346,0.5778
4.311043647110418,17.11515694671188,7.065357382266611,0.140390696009517,0.05849580696510363,0.46047398648665794,5000,14,19.424092624602167,14,0.10187434571503858,0.1833720260763854,0.2006748402767885,0.298032460267404,566,114,4111,702,254,0.8222
1.5007125310792286,11.33679763389652,13.321957137056716,0.09138339037737869,0.5589669817555116,0.6911767869147405,5000,34,13.787762658534866,47,0.8252430417101082,0.8384422523752183,0.3292906486828421,0.27564028175832045,37,14,75,8,87,0.015
3.5385185188680754,10.124955784689249,7.983296861228159,0.13243924886250125,0.09469430661286908,0.4390811840443055,5000,8,45.813146216717236,35,0.8130314603831237,0.42238238898890984,0.29565536148247124,0.7104455468822565,100,49,878,162,280,0.1756
4.705461132175348,3.022094395509898,11.686753867885363,0.3818469026958638,0.01414993304721145,0.5002928666865947,5000,37,21.551919867297592,49,0.8798390142086662,0.4899900876362546,0.12028213081174156,0.4477795401594963,1581,46,4087,1962,99,0.8174
2.1080200314521074,7.906158178139666,11.294677377727552,0.059275029488941915,0.45946138787719065,0.21363835736889605,5000,15,40.382043771721435,7,0.3316698682615111,0.06309900870904694,0.24181903476943406,0.37673760079580476,160,164,2005,160,353,0.401
4.862996978928524,6.944532185270971,6.917492218303611,0.03381572750378119,0.03343854760406872,0.017725863207673158,5000,45,20.976417596511354,45,0.5124970704363775,0.43569811388837915,0.3114046566028528,0.003357404867965889,1826,34,4884,222,66,0.9768
5.666524569171988,13.127876120345217,13.58203730065477,0.3390298204258977,0.06637313546285438,0.34441773991829816,5000,22,33.44539940552404,42,0.48359105279578735,0.10418408659820391,0.04856992974542746,0.5624711424170096,1083,82,4494,1965,186,0.8988
4.308940676078485,13.083412926745664,3.066084552136,0.29654972122149903,0.3896850627633806,0.8114604341086132,5000,33,18.140216396916074,17,0.759883149975279,0.8341393100312373,0.7269756453129349,0.06040661368417046,36,18,96,32,24,0.0192
3.9789450793638768,11.179590419944716,7.905616075649963,0.02733824598549059,0.5036530318005783,0.79079398252242,5000,31,20.025071472535252,13,0.41682292566089985,0.22984945151962044,0.360114028184054,0.9296517286197515,75,20,234,12,123,0.0468
1.4634928421655222,13.18582208956272,8.339287726884772,0.260132934990248,0.22850397441724873,0.5023028358295191,5000,20,47.230002703590806,30,0.8184446783221129,0.6393896647797425,0.3548899269513579,0.1398882765824509,25,23,76,31,56,0.0152
4.344527280397262,5.134506696072909,8.898417097633633,0.1826730305387365,0.46477500526385873,0.2640694088957487,5000,28,37.98207255276755,23,0.9893273458309022,0.5453646367804156,0.3720002829236953,0.2659763277309429,589,29,2603,598,144,0.5206
5.141935377464626,16.92681054766212,6.64772380996233,0.12153861355347054,0.424911248492148,0.3577906485100586,5000,18,21.89143945765683,45,0.01121587072738774,0.6202578218083178,0.12803815951860695,0.59615789467029,1093,86,4637,766,155,0.9274
5.771830202258621,19.243965424979496,5.335408876943642,0.08554735719136286,0.453605260472107,0.6730820130162237,5000,11,42.81104012451516,17,0.6282610885232441,0.9216547874472892,0.5256738268738269,0.897681504395503,29,51,231,24,135,0.0462
5.222759705326438,8.973969871766514,11.142800061601505,0.10014369557029368,0.5445415084638021,0.867010101803435,5000,6,49.57664749254971,35,0.29145095658623604,0.7782774192922544,0.2600932312427841,0.08200144729074227,12,22,41,4,79,0.0082
5.3485674762046544,18.65369057291435,12.059776835974358,0.283130819774781,0.004483750962440006,0.24009891565044034,5000,47,38.66475760835218,23,0.23676530868613377,0.1806322350590673,0.8936319352394441,0.3108148497684067,271,32,554,201,133,0.1108
5.316507272663099,12.821906743188197,9.933782693656866,0.02453507115212984,0.27662984105505467,0.939508451312112,5000,25,18.39305434576498,18,0.7546846077216199,0.6778990412114837,0.4778633457719267,0.2946986632111207,25,0,52,5,61,0.0104
3.5769817053830426,8.805391128122524,6.340680963547149,0.08619764869984176,0.583677590627109,0.44376646622986476,5000,35,22.405427086830976,54,0.667814948936407,0.2131123199608433,0.20982770079444868,0.07826533901956076,738,53,3704,399,115,0.7408
1.6672459423936725,2.8812563631170267,12.699508255769866,0.21610002147364088,0.43744768650849536,0.04639943332419096,5000,11,17.11481475188146,34,0.7986163684033036,0.4459002497608465,0.3518423419165562,0.43523140908217645,171,37,490,140,130,0.098
1.505048721698771,17.932604943896536,13.229123047770505,0.16671297983078662,0.558585529550104,0.5636267993342622,5000,12,36.48190381106471,45,0.3541152114399481,0.6652062475366717,0.5836072248359399,0.953265885565073,12,0,43,12,85,0.0086
2.9918651434114176,6.937690047913158,10.91632652650933,0.2987643679133891,0.08188741528960237,0.2219227314214207,5000,6,29.699739061713643,44,0.5694063927132376,0.06468407283894405,0.3027766759319221,0.5245554370631393,390,70,2565,964,224,0.513
5.574664692511605,16.593412488457894,13.950633240592662,0.008144038491059779,0.49884106083370466,0.7506872992786544,5000,6,12.688503815961948,37,0.5599876003172286,0.9940521021003454,0.2775152782106839,0.804241166540357,16,79,114,0,204,0.0228
2.7365606057262015,16.381913992695818,13.849669553228871,0.03016174545495849,0.184691987653002,0.7977069762066991,5000,19,38.03920215421968,19,0.7803006193896863,0.406423915052175,0.2941080934160789,0.44614135476200456,20,31,43,2,56,0.0086
4.9483034109128265,8.082633805780162,7.6561640957191015,0.14268395005360265,0.38978693390440794,0.4528808957144243,5000,34,22.563716247951778,44,0.6295199376889398,0.5977849743586859,0.0843917693306846,0.9674800836623535,1030,53,4208,792,130,0.8416
1.7181298731159398,6.47306459867447,12.888280064127894,0.08634089055875072,0.12511507481926315,0.01840936586289172,5000,12,34.374323426327116,51,0.788863148596964,0.2309510936681088,0.09936254283347548,0.38687462542106715,242,64,1515,164,252,0.303
3.0416174084573573,2.9033086060373314,3.202551326362791,0.29585739156654606,0.37776629647454685,0.5037517045504698,5000,8,35.95243955677438,5,0.8353783024217978,0.16510841017876252,0.2324010791360207,0.9650333893406124,37,22,367,154,96,0.0734
3.881147108050225,20.600117729209146,13.589044857096422,0.09570755825696958,0.08589788369313316,0.6435073026286234,5000,26,36.302734369661415,59,0.9180736496673716,0.9512397957224343,0.06165115260199504,0.6922571413586308,68,65,567,58,357,0.1134
2.432536354424004,10.455532477001606,9.625543103008521,0.3296651126587276,0.326595256234167,0.9326338163446073,5000,27,41.10775711870519,11,0.6986108152578184,0.5282377964440598,0.5596949844103359,0.28569182275024807,27,0,40,19,26,0.008
4.926777853178836,11.730522619363159,8.717362864338751,0.014676261910644634,0.24940719218080135,0.569409686061653,5000,12,40.34908455251289,52,0.23132268586411167,0.8291605617850326,0.6718023750033344,0.9540233424704234,202,64,1231,22,214,0.2462
5.482762771805779,11.010508711400947,10.60798719404109,0.02703987936859162,0.015544573439143472,0.6544429604726315,5000,29,42.57359580552555,10,0.8905882728924032,0.1460103938057496,0.38495901578985275,0.25267856006283285,125,23,500,14,213,0.1
4.423284355929031,5.61952738124948,10.642395778864083,0.15210240569794997,0.5511022951398189,0.6030526687547801,5000,32,14.575448650693843,17,0.8947387608730633,0.8903825293041203,0.868951061827251,0.5699875915405568,131,23,223,49,62,0.0446
4.1507123308115546,14.851642099085261,3.960628203404828,0.1478868735966301,0.4607699382417818,0.6497061480464195,5000,7,47.094187650480926,37,0.903290487463199,0.9933681289015044,0.07462200954097031,0.25667244471457024,27,54,222,32,99,0.0444
4.925103973807711,18.726727229568617,10.554785029145922,0.20923630766833246,0.2963218826404555,0.14685733552824656,5000,6,33.531867796931934,51,0.7428261571354928,0.34306479749867896,0.5179900486594763,0.5578572744930704,312,100,2800,774,327,0.56
5.477135803022043,3.442417230027238,9.375699135677818,0.016589178629950418,0.4300260442500592,0.16466250688780917,5000,9,17.307124209825016,36,0.7874405541721802,0.9179919620833054,0.44558442081092614,0.48757307511604314,2671,36,4708,96,75,0.9416
2.0493680466343034,12.881844442515773,9.23451825819798,0.09964213938289641,0.3064301780231651,0.49095915019725017,5000,34,38.15390505554276,33,0.58721257572525,0.23267980821996848,0.8791097830820972,0.05682833465865784,76,41,219,23,63,0.0438
1.4970709503910204,14.87201199089483,9.339087783121986,0.07270979222413124,0.24546038588599992,0.9446285008391591,5000,28,44.74031128818566,53,0.7409430444502955,0.47156346973277125,0.31467395846630286,0.23177670424055097,28,0,34,2,22,0.0068
0.9558942894899056,15.686411919356582,13.202937412050938,0.06260128343434657,0.2986025118323123,0.2791080208805723,5000,25,14.110435466192722,10,0.8468737399392025,0.33977182878914874,0.3152943050848473,0.0053958449263285056,25,0,51,2,99,0.0102
1.2617432323753457,5.554864519711853,13.861208992810498,0.1437885368117462,0.38468325542246623,0.03155768854549972,5000,50,39.99436035108974,34,0.38685698039724925,0.9018687420828256,0.06306211086649993,0.4798028335641113,139,40,1298,237,335,0.2596
1.4077585434419713,8.384160665044803,11.111171778749508,0.022158594258202942,0.5144931341736381,0.3786265026897231,5000,9,25.189742375182846,16,0.9406807023841376,0.45956773529316464,0.01991477745559326,0.5199938685873591,13,12,42,2,112,0.0084
3.5062032154227136,4.09371530333624,9.629642105238517,0.23813210829788634,0.5781728570471643,0.7732528939617979,5000,5,13.105495001699378,14,0.7357815585284615,0.48829725563428694,0.8292707656813706,0.11384116205079389,10,14,18,9,33,0.0036
5.659640258857166,10.634014656014063,8.98394483273956,0.14633349703485482,0.32225518859155666,0.5807126444961223,5000,37,29.354783778441018,10,0.6640805291087133,0.4168327311274645,0.44009341014009384,0.41427119339589696,136,20,1194,202,264,0.2388
1.0235900702974825,4.159035998229036,6.3448894801789,0.244542166470874,0.5625983065754651,0.22156675631013575,5000,32,12.24653432736981,42,0.9345863449916707,0.08606580384519463,0.6591998095278611,0.7946643123838297,65,43,310,86,66,0.062
1.1126809303081464,18.05787288997431,5.8444912465311365,0.1933065469035985,0.4859584676898561,0.5716293849973934,5000,4,16.70624659198333,37,0.21350298079841987,0.21212982723794893,0.14213448160909523,0.023033309050470664,5,24,15,4,33,0.003
5.4046123197480025,13.812562728270947,13.840429849210425,0.052215765813743265,0.2553207622840688,0.12201755277072988,5000,49,14.000389949471389,32,0.25333204539410087,0.5260127932108762,0.25689551919713843,0.5502494061997427,1413,69,4646,317,172,0.9292
1.306431231454122,14.033155304786156,13.718019533655431,0.309424123061391,0.5812124044114862,0.9016356736551066,5000,27,29.789461780808487,38,0.6142204379751817,0.5758441215181992,0.7101972794447917,0.898772665101578,27,0,40,14,55,0.008
2.5145061834825313,4.3198170390176385,13.8535179046238,0.36707955825097743,0.5777504751102954,0.26770276330601916,5000,2,13.36589145622745,22,0.21598236019269915,0.1689998117418293,0.6594211847283932,0.3574433479250501,18,27,79,26,172,0.0158
4.112775083174286,6.711049129402282,8.002687482241441,0.35347406700766204,0.3086563293975377,0.6876179961861056,5000,5,41.849757417830176,11,0.893197766699323,0.6403539486786711,0.6383184912430266,0.6475021074649232,13,16,23,11,27,0.0046
1.8582739678461948,3.2072990962937205,13.434032854498831,0.14219327760903946,0.37663526809595343,0.05264041233464932,5000,12,40.95584042319669,30,0.26829943993765965,0.017618562735471497,0.29926616982968296,0.007826095062497034,252,75,2027,364,247,0.4054
5.46506120248654,12.93132452858161,3.4143094324799037,0.06712137930645894,0.2518532467142114,0.6388160476605732,5000,24,22.59571623396155,20,0.5446804868146857,0.8309222247983413,0.8835655576269482,0.6256745463375583,163,33,379,31,40,0.0758
1.6502259741824874,9.767295007903943,5.010532292463303,0.14077489803097662,0.35872332047300315,0.9334962119943877,5000,2,49.951251323478466,7,0.634471495979402,0.738997609113604,0.538867909655686,0.20645043696064425,2,0,4,1,0,0.0008
4.784821092740834,16.82929570283227,6.48957263933446,0.1867890222016711,0.20818216536107767,0.9309018465323993,5000,49,12.981825246802542,10,0.597447582932584,0.17867424331256146,0.8451006795346314,0.45804212872807715,172,24,236,54,35,0.0472
2.6675983730294703,5.874167076957867,3.4248121133852094,0.03800991070742872,0.5122837577953275,0.3350524984791867,5000,17,46.34856326234748,3,0.23410102719946582,0.5577600147270813,0.5244474639615669,0.03037413863959206,36,10,882,38,323,0.1764
0.8882464129892452,20.086889793135683,6.006950011678812,0.019278478898964176,0.24473576101449276,0.8651826072646486,5000,42,44.98614388820799,9,0.021277834066701792,0.5085018772969706,0.5965144623745385,0.15989212753670873,42,0,58,1,18,0.0116
1.1190539082817095,11.90005167794591,9.104928081915402,0.33920908300398417,0.07494683067777343,0.3587612387816317,5000,15,30.201461474663663,15,0.19213835632747792,0.7620646638588342,0.47935626292629474,0.7381844307442609,18,23,51,17,68,0.0102
5.371921140803416,2.3607814303236463,3.719968878881604,0.3419665122068326,0.3598027876046846,0.10717479031306003,5000,25,20.16816805703553,51,0.33792028558147574,0.24161002087969372,0.1967816690956253,0.4504672012353152,2029,17,4895,2236,34,0.979
2.0239638448956843,7.510646509013149,10.340154903178567,0.12208995906120955,0.3122703965136416,0.8120639018520149,5000,32,27.920450113602712,54,0.5606151087976725,0.3206417658885315,0.7383861796855252,0.5216976727954659,52,11,91,18,69,0.0182
4.07762780542616,12.411008168397366,9.672840313149297,0.11404995888189928,0.08866304335973446,0.38686997003441465,5000,8,37.121097200575974,45,0.8376940780342316,0.5469143697642245,0.052278488490831096,0.3301589532904448,225,140,2797,375,352,0.5594
4.64521009926511,8.552638719718475,10.49445542129202,0.10094632066772116,0.30944257854586277,0.11398929281091115,5000,4,13.02719729827591,10,0.6780883083742149,0.02446778270422285,0.26923080566236035,0.9730881878130104,801,91,4127,557,202,0.8254
1.9949824039009127,18.716044711296423,6.616347286178212,0.1657459780554393,0.2406709951493561,0.22539008850302697,5000,48,27.32236451785093,56,0.9726170276373617,0.6878024875231203,0.07085845164197511,0.579554422104093,244,73,1450,300,271,0.29
3.9157637783072383,17.513921929894163,13.509653170637757,0.21702250247562055,0.2352328969984167,0.08803201314343366,5000,37,14.065343198571444,27,0.18516380418829254,0.01245375679000272,0.5780306373655378,0.46855106030065097,375,108,3217,876,313,0.6434
2.89264457912616,7.144984359852779,9.218178384712656,0.08835931986578886,0.05162790015355853,0.8351403478615179,5000,11,18.01033466480487,40,0.15575677852785327,0.0787712816115465,0.6282372702564768,0.8240998104560517,44,32,159,21,67,0.0318
4.724434138559389,7.634877812492073,5.326225276360315,0.38592371539267534,0.08453951932697691,0.45531081403353924,5000,21,32.62830264056934,47,0.5291933236421029,0.5903353887349309,0.08924133356660839,0.9575549646404568,961,47,4366,2159,98,0.8732
5.93266374046427,10.216889674416644,5.217086704400559,0.2573956220889618,0.03885619690138242,0.6010545425593264,5000,37,27.205230627215013,23,0.25619427430935854,0.576108147140113,0.34169346013068974,0.6166152523938834,455,46,3564,1175,179,0.7128
0.804134361559642,9.83480103627228,4.217546402866515,0.22958668474676572,0.5067652472306475,0.008984017845345525,5000,15,12.926953575260312,37,0.8333009185125919,0.34768333491409187,0.1562822992351815,0.9585826351089815,18,15,105,34,82,0.021
4.978221959050456,20.68040814382319,10.585769856300917,0.002576326735334809,0.4695414918737774,0.5315853750392567,5000,17,15.804334055202453,53,0.6682673880988708,0.3270883897089134,0.877237507781539,0.4638255647935554,161,59,428,2,114,0.0856
1.0486321702031332,15.781115422592046,5.808494573174162,0.3371040967351921,0.36879243491795466,0.6336812970193975,5000,13,33.169869958529404,3,0.594056088210782,0.05391807406186635,0.7577566859779336,0.08743652194748697,13,0,21,10,18,0.0042
4.51580662849812,10.87927133481863,3.505512176270426,0.07785860166647757,0.5258338789819402,0.5651114513427905,5000,36,13.162399411531394,34,0.25395319956522494,0.2922753635602945,0.08758432943489619,0.5505722294140187,593,55,3889,354,126,0.7778
2.82662883207771,10.158291614300587,5.3690418992013225,0.12312346886555828,0.2735758831634365,0.8160222228194894,5000,4,39.83183729063519,49,0.13024627816851514,0.021479000519130473,0.5928327330250183,0.9447245891987285,101,60,431,62,121,0.0862
3.058077575010331,4.164196188231363,5.377657241978275,0.28358745847407474,0.12496413542517254,0.523542874434981,5000,26,25.20639226759416,10,0.2718971640603147,0.2205625842223772,0.11533356413818224,0.2699911647661692,271,54,2760,1023,134,0.552
1.4041629061732817,14.124653978302774,11.96256703801211,0.20800973786659382,0.477968381323003,0.8616337258562796,5000,45,43.39414820690975,3,0.6217550351950686,0.8854048598272775,0.5138729862557365,0.5662044614213754,45,0,47,18,13,0.0094
5.273193397968876,18.583384123909628,3.388596045713396,0.04276421172191667,0.10759720326558171,0.033747599643841976,5000,41,10.514104383203644,19,0.6455954172861339,0.6529439745993406,0.6788152986014764,0.729085409650153,318,45,2939,143,215,0.5878
0.9111402452866552,18.09321954108478,9.087766197625186,0.23603102650320068,0.023031879333972268,0.703193744006623,5000,45,12.063585333783001,1,0.5527450439644028,0.4901716114712207,0.8906498223076477,0.6034132897318016,45,0,51,21,11,0.0102
0.9425165456033626,2.6954440624803766,11.443792828102351,0.2669220899369096,0.5087684926856502,0.29244044831717847,5000,14,22.65462520267001,14,0.5562241557982197,0.8061079053609675,0.20820518142513958,0.9837469820914285,28,12,49,17,62,0.0098
3.7595750962285823,14.81949127634245,7.577880607915122,0.3072513058998456,0.30770965709785086,0.715328127101308,5000,29,46.84062190447224,9,0.7152538192603936,0.9434869021863336,0.5134012649014453,0.9432776252194859,48,23,118,42,73,0.0236
2.0076942234643917,14.967284771372643,10.032306910234425,0.07059278469669795,0.4416859764228196,0.6814202982136107,5000,16,31.89550687388046,19,0.9844684573814145,0.29334259875036567,0.4410328782428055,0.7941805015472664,31,26,59,9,51,0.0118
2.7237191880830807,7.668064027673931,11.267180288770495,0.04675685714269241,0.32525893700688246,0.24646479015096587,5000,15,24.245828312441613,23,0.4517392674891905,0.14360855641575446,0.19210245544463306,0.5604256922474935,326,107,2899,173,275,0.5798
1.3469994119916107,17.10195297786674,3.378896456467577,0.20716356175938644,0.11262610397906048,0.4840492381672929,5000,39,48.300588622926526,24,0.7331951198098016,0.6864040134469777,0.13695726137800443,0.8176824735284179,55,22,196,50,43,0.0392
4.039440864281979,12.166841029748287,6.794986097656199,0.13718627936191993,0.49474998750994914,0.9204171811656399,5000,34,20.490346539255313,41,0.1997429561736649,0.9440149331874857,0.1789742760932387,0.153253807205652,34,0,59,11,44,0.0118
5.276223367603882,15.261526654732311,9.860327810684662,0.32692466273143117,0.16285839698543278,0.4445071102187578,5000,12,16.773040512159177,39,0.7055326228279868,0.27692131310819157,0.07897966127104211,0.5629799489280258,428,109,3646,1486,266,0.7292
3.6234932316701727,15.855682184566998,12.686183503163289,0.39164292523125027,0.5895461279467226,0.760269318081447,5000,28,32.22236499018443,5,0.15724410800526162,0.11644221928749932,0.10681643327141037,0.35998458710515624,58,30,401,192,359,0.0802
1.912593997826122,13.233481646992834,10.25592809175764,0.1124759815120007,0.3505318079913669,0.6669014530256537,5000,6,40.26256918491232,16,0.5260285092851703,0.07565739278038941,0.5483281179888515,0.2868553856996057,11,21,22,2,36,0.0044
1.2915967088420142,7.739453222876098,6.7078445907214,0.21362344185681537,0.5827965282303917,0.8554066253400188,5000,38,44.941231145094065,35,0.19594412120972468,0.8267658032836808,0.24073551818077182,0.9256423052216639,38,0,64,10,29,0.0128
2.708130898823853,15.373720380646503,13.667346123733928,0.2550210002085431,0.10837020877561991,0.2784685092877969,5000,47,13.589312551679606,57,0.9081308056108999,0.22782143682314857,0.8183963428531043,0.07485002752580472,367,73,955,300,150,0.191
5.941422023330323,9.377628672446335,3.194261524208743,0.3649283845601227,0.10174670363655829,0.46628111537700073,5000,28,24.27891937550165,38,0.33076796630131594,0.4687229040218119,0.5525278677616942,0.05477452219010155,1336,39,4343,2041,71,0.8686
3.742390725265813,17.665486673485656,7.793007959997944,0.00941472078690122,0.5463326826514421,0.8334706453031214,5000,39,27.19709462001305,34,0.00253489173346114,0.9411407891209222,0.25735865396721247,0.4602337841848744,39,0,127,1,81,0.0254
1.7650104844156418,20.631756172235765,11.523735919444295,0.17863163862636366,0.02811455909640433,0.27982763675845823,5000,37,27.52538836924344,59,0.4506855912937826,0.010302206323506176,0.5622472626795959,0.9212638117109291,169,82,758,195,233,0.1516
1.4167870411317915,19.593156344831275,11.092157974175562,0.2123694684714253,0.13122719914829556,0.49972967021607556,5000,43,22.5523643493865,10,0.29262093610524326,0.6298621205603449,0.63447727352609,0.4694457908879756,43,0,102,27,69,0.0204
4.191322759418038,8.850124061595363,7.6442715148172224,0.03557039085769089,0.11819219008039578,0.22419658575783885,5000,22,44.85313635858451,34,0.3728878577732364,0.3681980811482223,0.30959432821830607,0.8694827545482267,778,44,3962,196,135,0.7924
4.20584971723227,20.48642682533804,9.349780268357145,0.3437067819969608,0.3503320732286693,0.3862544788652757,5000,40,32.20982725993831,18,0.9576298264904571,0.5123876355237224,0.7647249392253342,0.6578698568440104,146,31,303,126,130,0.0606
3.6552347121050186,18.924291368621198,8.080028690311163,0.07744467655737526,0.1321014431492348,0.3621218629633899,5000,11,18.56125477848489,2,0.1987739199484727,0.09454516428579844,0.6775426048021701,0.6133145945858827,24,28,261,31,318,0.0522
4.727775123622452,18.1410087869179,5.346934018328989,0.1675137318042105,0.5044907660989573,0.344944774638694,5000,38,44.15355028618978,39,0.7337171668482412,0.5584645271315358,0.37058388480905485,0.554396718704757,516,47,3319,677,189,0.6638
5.840072650671919,14.063377248637149,7.888501316653465,0.38232903033393384,0.39240605490887187,0.44302734716211756,5000,38,30.880209566199216,43,0.6378724533932094,0.6965577915124757,0.7239073671556336,0.8365258351162606,809,58,2465,1149,144,0.493
2.0005964690021534,13.442605485895015,6.93552393970576,0.33355177573742023,0.1767576492434052,0.8144147145295395,5000,39,18.07443890711413,25,0.5101200394869713,0.7091186161684354,0.7499004583090823,0.9847949651404297,39,0,85,41,48,0.017
0.947379871644068,13.609490605559792,7.120816161138345,0.24960686392762504,0.05211442785370924,0.01696955849985103,5000,3,20.774217185819452,30,0.34089800493219974,0.8450089819992006,0.317334378749075,0.7442561354533126,9,38,55,19,106,0.011
1.6256854985753768,5.9167534517738725,10.425901877856349,0.11139555327085959,0.5612657246577666,0.07307744018042357,5000,33,16.46744331853499,44,0.2836360660235031,0.2660348664176264,0.3989413362893163,0.4953424616258761,358,49,1604,232,204,0.3208
2.2229157810524325,9.942775439387978,7.154994787922022,0.1710274283056114,0.5708200215028368,0.08413854631448521,5000,19,33.41848903452167,22,0.9756170560365489,0.5602979037381713,0.6002367869399262,0.10406063475502389,106,31,339,83,111,0.0678
5.715291194056955,4.716506682333681,10.758859617384417,0.08458521959800867,0.5994315172192081,0.41955188957704265,5000,8,44.72661117525759,33,0.6529993214135607,0.40496038632654013,0.7137199254526927,0.8174308866732207,944,38,1996,193,121,0.3992
3.2611059939135405,16.97058785559851,9.026384950805319,0.02593185182667166,0.05279096465542432,0.5274924846991461,5000,25,26.293717294726914,51,0.7561172772621783,0.05570592285355581,0.8697257239573061,0.5510172037578436,177,68,537,16,108,0.1074
2.814639968766996,8.746911050098808,5.1956459465103375,0.37627435432156114,0.11736540812721782,0.8715892248634551,5000,45,20.35447281877996,9,0.035514987279829505,0.28067147539166265,0.024317852132388997,0.057667482670376115,61,15,159,81,50,0.0318
3.5912216427345687,20.53890142628136,6.89285459335973,0.1777556279544897,0.5039473448337835,0.9286507218027343,5000,50,23.311003022931445,3,0.08871312904958997,0.36591268208801675,0.29082331556606306,0.9402065509556273,58,28,121,26,32,0.0242
3.982481805758902,14.89657106494267,3.117537501681094,0.39345208100198426,0.5646818020777405,0.6352008822438019,5000,9,49.89202991104155,36,0.7643273212053938,0.7174659627194278,0.5250516015695311,0.6501849442282056,46,37,313,152,81,0.0626
3.6685071828804476,4.565813149663139,8.164450877781217,0.15769481735076119,0.5609943675178175,0.8393177415438676,5000,10,11.107983640334103,50,0.9516967619059347,0.009350509720949097,0.8473203562317254,0.4452763440501504,1448,44,3836,785,75,0.7672
4.4899206649328995,8.441401389453791,12.86837145888954,0.33157281891872303,0.3485715684790312,0.7271528785847252,5000,30,20.74221408031149,31,0.3497178161669822,0.46565030258645346,0.6801354122826538,0.18943445993263264,85,40,282,116,129,0.0564
5.9193332043158815,5.692057009139138,11.945700096094225,0.05431346459800941,0.28092658681654537,0.8261899979032189,5000,3,22.084243133914164,16,0.8629987920227324,0.7999999603056911,0.5990466203878491,0.06634009928979989,5,10,9,1,28,0.0018
1.8810893718924884,14.52429979317316,13.351201247050632,0.26990991798764136,0.33812499346904024,0.1544354441915825,5000,41,19.05723274275214,12,0.30202478343690514,0.20997404159997263,0.28595745818691176,0.5148556918802614,110,121,1837,591,364,0.3674
4.664741424824599,7.354450441285744,6.653061206292758,0.28506320653950423,0.10085909882127052,0.12534805520886202,5000,28,33.14801971175662,57,0.28800460959730806,0.7168727989288235,0.0920469120583557,0.41157463539517847,1428,39,4824,1791,80,0.9648
1.7534581620531862,4.349262696870053,5.826579314758374,0.3054639363009814,0.4664231671479813,0.8520631501896144,5000,8,29.7030312571567,32,0.0948150325888825,0.9775584935005404,0.4441866839868261,0.3892556704382545,8,0,10,1,12,0.002
4.635386690808798,8.070903868980668,6.426781380266429,0.3013838176282002,0.5169932403044153,0.8879730464876165,5000,14,36.0576279341789,59,0.03337089280659202,0.9846047617178504,0.6897115479871714,0.892741168063672,14,0,40,14,44,0.008
0.9023260298119787,8.249045761013154,13.36942640888038,0.3287417825506794,0.021904188936502342,0.8828693938806365,5000,13,35.72893064600704,22,0.7325841766181027,0.40514200504318304,0.6308367939108728,0.8001369811146195,16,12,17,9,25,0.0034
3.842351647529944,13.192539923239718,12.759283534825068,0.22276527913107744,0.33993271791800833,0.5057034721224959,5000,22,37.6378976990875,23,0.8081438983462975,0.3777178351490905,0.4569219824716974,0.2572975299870517,61,27,281,68,189,0.0562
2.556327568238965,14.390600671336173,9.765878319966314,0.14673520469345108,0.30974800818010556,0.9356360400604167,5000,40,25.89780166969451,48,0.49292375913953057,0.6887889217008583,0.08696314621768918,0.7790420731615096,40,0,74,12,50,0.0148
3.773372796374389,4.833920259641431,12.979232628047843,0.16718024461542202,0.170739228346689,0.6798656328490164,5000,48,45.79548553239058,46,0.5965043537869331,0.9109254062417084,0.02144337205874742,0.14058321863785866,190,51,1123,225,298,0.2246
1.7553525455759762,15.74401255088112,7.171231807093596,0.03767936332266018,0.03704059124443298,0.6810859682366058,5000,4,29.56768625405222,52,0.5007223367485935,0.572013489572726,0.8719655843170434,0.30020222420292425,4,0,12,0,27,0.0024
2.496501186062617,10.951555741645153,8.80217233301115,0.27051068542961687,0.25567319151879464,0.10823352936660652,5000,39,18.506760223767635,43,0.28406098967663646,0.5641802197036313,0.3089534109712616,0.2667175516830353,559,53,3210,1123,171,0.642
4.796789724809338,12.025367617393671,12.786143425466184,0.3395883002303245,0.1258620021199965,0.33608001631563394,5000,16,35.79196535175542,45,0.3977746616814045,0.07738000621090675,0.3138474615542457,0.9407479610879491,647,83,3666,1581,247,0.7332
3.7398733305447944,1.9388968046213932,5.356767470145325,0.019450233429374252,0.13872570553403796,0.08995770440898745,5000,48,41.75464093591246,14,0.5418104857839614,0.32842751863957687,0.1906667891092692,0.19886949346319163,2151,16,4454,121,45,0.8908
2.0270826124876202,10.437957981877693,12.16715012513264,0.37411968965594683,0.4748121506840043,0.7335821224455555,5000,20,45.046702122031746,0,0.3575042583996489,0.19131496299967504,0.7112437810373626,0.23384141716420545,23,13,30,13,32,0.006
1.584367968236101,17.63889594268277,13.723962362121888,0.25485962796118694,0.20683462415574946,0.4093867227333755,5000,45,34.330301950616786,59,0.36727762687368093,0.4044369029429,0.3252398919618917,0.7763998705823003,60,32,262,87,140,0.0524
3.889605868888604,9.513308659439588,13.275038854088244,0.2371133701237752,0.014935294104206706,0.3463782220541432,5000,17,30.1421707930185,46,0.4311851570520392,0.42287022178460953,0.8847218119052872,0.1369362978444491,539,56,1031,307,113,0.2062
5.3911024537929615,2.2739770395915166,4.821762834602149,0.22059829011351517,0.3331236762930938,0.0013922518582792063,5000,31,35.42811252475757,36,0.851245889879753,0.6772990133801439,0.5279388143298555,0.7623101029731191,2391,18,4944,1472,35,0.9888
4.2324707309518645,8.81504043338835,13.464358257378152,0.08561985960690821,0.4267342651493956,0.6390375410695497,5000,33,20.983868041958125,35,0.17249217618290016,0.8878791615951596,0.6154240881097912,0.4606703615590622,136,44,517,62,183,0.1034
3.072965016415437,2.2603731782498575,11.256642292985235,0.10702459863471368,0.22152653348810059,0.9310827465185162,5000,21,25.065264333848177,7,0.147720506051149,0.6571019060967959,0.7814547165724259,0.07655318671842998,30,8,30,8,19,0.006
1.2429344360395067,10.303671783437512,12.0133936191859,0.09011983012898057,0.03460447758706622,0.043829373672972,5000,39,38.81533954256891,27,0.35962763915483964,0.2797448289928646,0.4033153607821204,0.8514903229927723,54,40,283,31,165,0.0566
4.074005054044398,16.60675317913135,3.7663157807862007,0.039399016330912195,0.16970960287547399,0.6277123692105001,5000,26,25.702177931790867,18,0.9422159301800542,0.024859154967311656,0.07266684963077814,0.5947443945032964,195,80,1738,76,170,0.3476
2.1800556929561568,1.0022103211300062,5.495749326843963,0.3978025979299809,0.4361817606648847,0.3878810200660686,5000,40,13.552220780423504,47,0.9506518511824988,0.2457834161841384,0.1832192278131888,0.6315344621593936,626,34,3089,1550,75,0.6178
4.449114541815198,7.7014808137908215,8.257700860817932,0.01914645433672796,0.19843546586572242,0.11959924825695965,5000,2,13.640977420622674,56,0.6070754519175764,0.15472845324440235,0.5221382853852017,0.32946839271351586,1536,64,3976,109,141,0.7952
1.736036653177638,14.295922710456093,3.9237786672084454,0.2676219136340419,0.10059186403372751,0.1143531851219188,5000,48,16.68731953508285,45,0.5363706581210089,0.1412476425076658,0.8976058575969305,0.17558531821533388,247,54,827,266,58,0.1654
3.86356100623253,10.177670493950965,4.493880406063095,0.01755217082990528,0.09048078847975963,0.41090036307417444,5000,41,18.73115111937342,25,0.8073871318952182,0.810788266063195,0.7848032164325192,0.09456653841629317,258,30,799,20,89,0.1598
3.570328253102157,15.329135719835907,8.127351953144316,0.3882106461869573,0.19362986910346996,0.04662980231204621,5000,49,38.54678021149361,48,0.2806523036239067,0.5335399701329178,0.8713057064297274,0.7252465783728663,1273,64,3130,1520,124,0.626
4.718092802929433,7.816183137361749,13.173803561384597,0.006027625554982926,0.4586976167446106,0.32287020683621565,5000,42,17.167247336461894,30,0.8740757952615849,0.5429167483631325,0.213573766914547,0.3498713128658335,866,44,3464,34,218,0.6928
2.177454758667616,14.645765344636093,5.177282547975763,0.1477156569838421,0.12920550571245518,0.039603423022035435,5000,11,15.867132153506294,3,0.029475432538444476,0.3991857881844087,0.32880685545603944,0.25303433537686565,294,150,3369,640,287,0.6738
4.506883987812735,17.368817929811193,10.125903570869866,0.1415162119623012,0.09783248279956026,0.5578197108430328,5000,35,13.916492401900726,60,0.6123017623601185,0.7412922192687903,0.6273833127963536,0.39663660555284247,374,77,1274,230,221,0.2548
4.294601385300585,18.06246084729367,6.04191666557591,0.04423862507601489,0.1161238947699553,0.4972007458535073,5000,4,35.25917070565892,31,0.21666641683440413,0.05023411629282421,0.7966854791091841,0.6848599926739987,83,48,201,13,86,0.0402
2.9848476882654644,17.728023987999848,12.193513065365012,0.30409613155801196,0.22465959195701246,0.3956796115325529,5000,36,11.783133438042931,37,0.8269731025045376,0.7043000851153759,0.8435998087462393,0.6076150577024815,132,55,299,113,107,0.0598
1.9660437640958077,10.592931213348388,7.356516931337219,0.05555342647194181,0.4519618321997867,0.3251868879806103,5000,10,16.27404829526566,7,0.1710169097908022,0.017026206355897543,0.38836323575761006,0.6014140920056185,26,34,345,25,241,0.069
5.401270361908737,11.756920765638824,13.103741396734403,0.34241293089422564,0.35803665262368767,0.7591634178531341,5000,48,39.34688936213366,4,0.6565791916702975,0.15206906358691344,0.16073289255816772,0.1785994030408259,115,26,689,286,357,0.1378
4.659129246501169,5.403757677028059,9.788251893568685,0.13576811535468478,0.23881639252770542,0.8384952680802834,5000,10,31.657180328228392,1,0.8357351251749927,0.3605954638537939,0.53766701913906,0.1487860388139364,18,10,22,2,27,0.0044
1.7831795539412147,5.224676918823541,8.302950270003002,0.08942375245042516,0.2895232948421713,0.07149647323721349,5000,25,22.77830467876975,35,0.32778807753282113,0.5690420042242015,0.276806634731762,0.15207817801753232,291,56,2351,278,215,0.4702
4.772642618932007,8.50147895080488,13.258562524476677,0.3125618164660687,0.4311706285636952,0.3044113014484213,5000,14,24.42723025491763,39,0.6685251673022248,0.617326257229477,0.23032928748741782,0.4270833056290113,808,71,3708,1513,219,0.7416
4.74059920029063,15.481666522292876,3.410835268125205,0.3820651424028614,0.061554979795269776,0.3763691609989574,5000,28,21.98554646374089,21,0.5328201139330369,0.7739177081173156,0.3663638668047212,0.5181622147303033,467,75,3588,1694,173,0.7176
1.6689819929172516,19.002192937440352,5.810540981610842,0.20724946992413706,0.3681738779047074,0.13684247908337005,5000,36,46.01502349925902,17,0.8926327582921959,0.32434994818428137,0.4550890283110406,0.7130955282418486,66,27,179,54,56,0.0358
1.708674066860317,13.940837689245388,10.160665034287051,0.08348051765037029,0.3356815518723776,0.16308168444292068,5000,13,39.245884141209054,4,0.7995450467252273,0.03295694867425896,0.7147552853172112,0.8236633803565844,14,24,28,2,29,0.0056
5.145347510018529,11.55374866465164,13.77467981621388,0.06177551905528703,0.5550983018840197,0.9142451380001174,5000,42,29.203227165770443,31,0.9052146722913006,0.5236103342000983,0.652856647094448,0.24152709784828544,66,14,130,9,78,0.026
5.434103017712713,7.770359406758714,8.524714991038145,0.05043436895494644,0.2837256043189339,0.05804109141681906,5000,16,37.004786773779294,44,0.7838197932277975,0.1408130412170759,0.3983620872827968,0.34485059811920155,1899,46,4715,304,87,0.943
5.203352411764515,20.36863686887658,6.858884372188333,0.3580879378214563,0.5206685667813528,0.010576347705546725,5000,26,15.522607330114335,59,0.047479639318772075,0.8440440152806304,0.5329845913220878,0.7597162163990481,1715,76,4632,2136,133,0.9264
0.9237459820691681,17.282812513663252,7.4521614096348845,0.00017348496358899636,0.013103990089198747,0.17080990612513397,5000,20,41.73636681114796,44,0.6559445276025659,0.9731175370637908,0.8006479466092783,0.7147415772368529,21,26,76,0,50,0.0152
5.887520911183246,20.61034808967331,9.19059854109815,0.3888497576074047,0.1394990336751882,0.22507717713642386,5000,31,46.02592027232681,30,0.9131673245771774,0.43270464323917607,0.8964766731932976,0.32784634907922994,398,53,761,390,97,0.1522
5.0179994547055555,3.555419642025755,7.1893351432968124,0.17293314333361948,0.4562947310222618,0.749421630035879,5000,37,19.020566139203268,36,0.5612612011038595,0.3373074490903677,0.4951834634486509,0.15675974368546028,474,40,1690,406,93,0.338
4.160801781382245,15.863990190426094,5.642635556589749,0.04476644683317912,0.31245315381889627,0.6018570664597118,5000,15,32.0239818920991,4,0.9244934842217456,0.7855974816805352,0.8245545269042264,0.907413606016235,31,20,52,1,23,0.0104
4.804284131627845,1.3015599643024758,10.737081202610856,0.05857156855695659,0.05904017863457908,0.07315567599208507,5000,18,29.139044875483936,35,0.8419932049542623,0.8727284556592864,0.858862939774162,0.47544263983871515,3241,28,4817,398,51,0.9634
3.7506575365963135,18.946444231617985,6.884641966703576,0.3605807715152387,0.107872919288916,0.6821751715856383,5000,7,23.158080659923144,32,0.3606612765760897,0.43176864529966913,0.35536593700619773,0.5026653974881556,15,26,98,54,153,0.0196
2.629375056175161,3.5234231657033854,6.316442815169725,0.126736443261144,0.2001445610604415,0.7455509111209841,5000,30,34.536907423858125,27,0.43882628190005823,0.950493746993236,0.03049027044271601,0.0007595333942544638,43,7,156,24,52,0.0312
3.2864573962474273,8.605644662539175,8.692720415790605,0.3796534663049617,0.0996128049544851,0.30574033300572295,5000,32,25.00154422109143,20,0.18739029112836014,0.9332989315442235,0.23269842275269917,0.13016955299535335,497,81,3676,1767,183,0.7352
2.2529520934473295,6.414935873112289,7.95494351567062,0.12953847826898676,0.0651987991922413,0.387261325039163,5000,41,31.48986326984131,57,0.42502906170206545,0.2057451984695,0.7308370492473237,0.43424399362226557,341,64,1577,238,103,0.3154
4.697443976264228,17.705347108184668,13.057459744346533,0.3349059401217907,0.4766715058757702,0.1582953310989898,5000,36,39.127994271069525,12,0.8309769720352413,0.061863230413169296,0.36797572688387814,0.5606987545154559,383,110,3377,1439,330,0.6754
4.264772894428621,1.1154657962906969,11.86797805038385,0.21274231293687962,0.1425341326454149,0.2075574768022692,5000,13,26.42855344405359,51,0.35636643637470056,0.3624163806579587,0.16472251156043055,0.6664852432387971,2709,38,4732,1321,72,0.9464
3.6706646279090984,19.9961348767479,10.388434489159895,0.30867656539954397,0.30272018860556105,0.6680758027785538,5000,11,28.867913682743414,7,0.0665784235079768,0.24695316865557107,0.7608557808932762,0.6643309185404436,16,31,34,12,48,0.0068
0.8740623677832302,12.385116443566849,12.296408137327559,0.3744945589030755,0.5419641678421819,0.23339132776058436,5000,43,32.575704080924055,35,0.22243401099548263,0.8229773858799694,0.28253850255544444,0.2715038822095402,43,0,145,72,166,0.029
4.371903500341625,15.695917041186778,4.353734078169394,0.23633432264509127,0.5469389036252066,0.630710197538319,5000,39,19.145668618285207,10,0.4700353662831361,0.9988812801378647,0.0329709390578795,0.8679708911539253,233,117,3106,940,269,0.6212
3.1826829864275687,10.167303363915863,11.19017221076166,0.07202679304437709,0.27831377657730144,0.1793398446464407,5000,24,29.153059798272306,3,0.02537427727772593,0.4879027085978405,0.25517056503210916,0.14739638766048463,758,95,4124,408,221,0.8248
4.5591759390772335,8.177601482729862,8.438227717535812,0.39276475461889643,0.12612029327227897,0.7614115735710894,5000,41,21.661546243316508,36,0.03743181821941681,0.7989653335847422,0.6945394540909704,0.9647797008022048,89,45,399,173,108,0.0798
1.9888638031983095,18.0110734946907,9.305781855137294,0.36203660073644883,0.35769396270876597,0.42577514657655763,5000,15,18.229169722347457,42,0.4301351598672583,0.7687117970093633,0.09455208948134372,0.5323208626159747,29,157,598,255,355,0.1196
3.516049730258633,9.860996513311669,9.423322028137669,0.0732481209700406,0.040729585468905136,0.8990134911548155,5000,40,17.04042417861102,29,0.0013109823137015266,0.0656130035294305,0.25484386901854267,0.14408999836245875,147,36,536,46,101,0.1072
0.8387179736398308,9.431483313470471,9.810358793553867,0.2744282999154198,0.434025447674255,0.17162145443243837,5000,49,46.4455948885032,11,0.831051127949087,0.8393605902826988,0.007948896887129802,0.8618202301127811,55,20,136,42,64,0.0272
5.60632228635042,7.229165285730652,4.086721988927115,0.057522075782196716,0.2032810349201704,0.8236978609962559,5000,24,31.927190017554558,50,0.16528157664221022,0.29453196818935035,0.5821886892824609,0.6551926234713241,202,57,1237,79,111,0.2474
2.6101344457913944,18.41847032683884,8.528780403250632,0.27810368391054724,0.12156316496115378,0.8356132361715937,5000,43,37.14854917498138,41,0.6770140868178722,0.163007206636583,0.3725988373027036,0.8935022746231734,70,28,179,74,69,0.0358
5.675639275948683,19.17599687685416,11.648580672956966,0.30255627194536894,0.48380408653204826,0.08860993968388105,5000,4,29.924367736094457,59,0.2626406415687082,0.796881082751874,0.8582060777288416,0.04009433912258189,526,79,1806,670,322,0.3612
1.8939139799946383,6.616225615987918,13.806540529254109,0.11948282089292961,0.028853448995708,0.10243992208834282,5000,34,35.409435842173544,47,0.18646343062168375,0.7648215420314569,0.8026372459186512,0.937518097816462,373,54,900,153,126,0.18
1.8298650103072496,13.161268003686667,8.628362892116169,0.1250503486594789,0.1187526161719774,0.8837055538386323,5000,29,19.502668924352633,46,0.5439640472854772,0.3201904279596254,0.11026185795151051,0.26469433458343666,29,0,65,9,60,0.013
2.427339249737905,19.604009479636513,6.0367792114717815,0.2718961975738224,0.30821800561626866,0.4373381992910893,5000,13,13.997757172038247,42,0.0919859330249592,0.8964415778658242,0.1256301507699995,0.6633045139749713,202,218,2695,904,340,0.539
4.021227170175785,2.7970089007756522,3.7560985370014457,0.018305361879563508,0.3431962809763012,0.3019995620092978,5000,16,31.697676853320033,19,0.4888252231045204,0.6031984655448273,0.2943987752101323,0.3908022954185344,1208,22,3877,95,57,0.7754
5.4100145290565225,17.057586430700837,10.637069379973504,0.19982938449270737,0.26993295372683784,0.6322193035036119,5000,36,37.031357025353245,20,0.08832896282162364,0.11787094282231003,0.14828715377843812,0.8353583528120634,465,101,3747,892,284,0.7494
4.70327708136342,7.761049322223958,9.0427923893712,0.37938532166124445,0.489175772578168,0.8273472641061439,5000,6,16.336559960141287,45,0.11034795682735353,0.7717785950610232,0.2205695743608473,0.8331878214902919,11,17,66,36,117,0.0132
5.1253082730779225,9.749063095443883,11.7417347011411,0.11346912765569478,0.4691855581479745,0.05869199512820937,5000,4,17.746866130873727,33,0.2084381023747459,0.7236627867143647,0.46104722209806337,0.8932809512127919,932,93,4332,605,200,0.8664
4.129128743802411,17.824641360983982,9.959588915379681,0.12256261581591754,0.5846722033509055,0.44055570451151194,5000,27,23.896659730908077,18,0.1323878172886573,0.10724667740723978,0.2636268383066629,0.6244564486640648,418,121,3642,590,308,0.7284
5.006179214727016,3.3587223442536644,11.075137118669586,0.10898044060744792,0.4425820611890592,0.8266537742201742,5000,3,11.772212893217699,8,0.9791984082508879,0.6814190072345372,0.7461448868968871,0.6360376871747694,8,12,8,2,24,0.0016
3.907560604723903,13.314660346941007,13.155377397271296,0.3862165434564184,0.5767499591782446,0.057650505061755716,5000,50,28.04336324301964,50,0.27268100038281284,0.3844894599871226,0.46349697431603365,0.6676459317860041,1434,64,4258,2078,175,0.8516
1.4948265158092022,1.4844101226202004,12.457352110977233,0.19639507756521576,0.30551803275739525,0.5836930126076284,5000,45,27.271950556605642,38,0.5259276100504146,0.6542838328630612,0.49588746152918833,0.11607056279368651,81,13,163,35,60,0.0326
4.349377662327569,13.11096419011522,11.316428706029171,0.11527479482155545,0.47273624246514373,0.586143948986703,5000,28,30.858324054571206,42,0.48948604819749636,0.38478701208281657,0.41510277163047654,0.4985322792436518,148,59,1195,184,326,0.239
4.848433021962418,1.614635353450831,12.909276402473099,0.14282589096328943,0.1885016504443601,0.3330557081357723,5000,20,30.26901820170074,17,0.9687007386746797,0.30392754030175556,0.42185427700440997,0.5908920615889748,548,25,1873,297,174,0.3746
3.920456273348522,2.640708838933307,3.6476947262488366,0.37352956491261946,0.12209204719695098,0.7504565206717028,5000,23,39.88849206814308,33,0.12327045207869411,0.7373754710078888,0.1411284373041261,0.21644177924838556,113,37,1284,618,176,0.2568
1.935330920221682,7.103023224552658,9.160554516277376,0.16133081974353977,0.44856473469106,0.7712555530671814,5000,11,40.17602196109796,21,0.570744182174528,0.6489566382075781,0.7765530760498786,0.7325414854144641,11,0,20,3,30,0.004
1.4476634678154683,20.322157659509006,7.2931901671955925,0.37226244388517593,0.31568910647769444,0.6578177318392453,5000,39,46.929850457896016,21,0.8361334173971785,0.7321189064900397,0.22224101997164214,0.8190431988237146,39,0,89,36,36,0.0178
3.509796586496604,12.156079543255723,7.020065880091447,0.37778765048965085,0.4309033164753561,0.03437439771958757,5000,38,25.054938010990078,40,0.4283164992423588,0.8369498446666646,0.6831412134650066,0.19972673998837334,1207,53,3470,1621,147,0.694
4.682433390139952,8.149386005095636,8.481351813803638,0.23433948841707922,0.3391118244517137,0.906635916313529,5000,6,47.81059755988851,13,0.325763518452376,0.8196895853527638,0.6643121661447561,0.2958901106888694,6,0,9,2,10,0.0018
0.921230754981345,10.209975756534831,9.882500846464925,0.08519558701987963,0.477551443711212,0.4117717168845436,5000,45,16.246710883504036,32,0.4883994978471921,0.23200083087479717,0.3309208422706281,0.7423142670333077,45,0,108,12,78,0.0216
4.647769257974862,20.776112175223385,12.84513468348479,0.01365160245882299,0.34218231684068406,0.01753395669371081,5000,24,27.381229225354936,11,0.1804261934034195,0.9861093161680442,0.5974076135456573,0.6422767494234106,462,143,3817,78,338,0.7634
0.9494749122185747,2.7047576316286404,7.73617214976226,0.2888134088991205,0.5654809055712136,0.22864502181671073,5000,28,27.940855600930508,40,0.5809665164204871,0.8940732584995081,0.8590874560698356,0.621983983198506,44,8,164,69,51,0.0328
1.2191564456749848,18.378485324814605,5.032077568991227,0.1851140361749155,0.22423189950366673,0.8280264071690874,5000,38,23.563296908502974,41,0.4199885587485352,0.5447284432209608,0.6408089138311812,0.9618449568741901,38,0,68,28,27,0.0136
1.8119456283468756,3.9193514781259444,3.2634961784219,0.15412053525729907,0.17668534689318433,0.4043670762283937,5000,28,13.215994125906274,33,0.02395011852801899,0.16409303294562155,0.5340124283654808,0.2760133858443913,294,33,1928,350,81,0.3856
3.8051934888284293,4.637872247844684,6.298492638239013,0.243253241442214,0.36654921866394613,0.32572838341846594,5000,48,17.631069124717364,12,0.42311096530677156,0.7164051907348655,0.6189454363107739,0.7557589990788491,308,19,1868,578,149,0.3736
1.956091555014219,1.3955812035599022,5.946271801872376,0.043150018958977125,0.5541042270168013,0.30692271380102354,5000,38,36.007287049444535,56,0.9225574861356369,0.13612319473634113,0.4878640787351526,0.15075631530249042,549,33,3017,166,72,0.6034
1.3570450507356715,14.279279815383514,6.253270674452669,0.09032056726958236,0.010210843754160428,0.05583907430911321,5000,18,40.81228817933045,51,0.07345710628921627,0.9629150224771384,0.0698251158868955,0.09070280056202994,147,175,2785,298,352,0.557
2.0874524406753956,18.209601060986984,5.6336312396185075,0.29277563685156954,0.4669537363339684,0.40055468959679796,5000,32,25.73524430078906,24,0.26241159364113176,0.9577205427799153,0.47738216922059246,0.06980828884669452,60,25,214,89,84,0.0428
3.7854073867020643,9.249423582631938,9.057124550235105,0.3566834414594984,0.5820036609219325,0.24943131241348648,5000,34,31.91654389210225,1,0.00414984694883176,0.09827312122655642,0.18510493346243934,0.08633060410081081,988,65,4466,2026,150,0.8932
3.236115093788995,14.381959874198303,8.476821005963313,0.18404922764541987,0.1973524715913047,0.00275560403708489,5000,35,21.447327846947722,41,0.8152010157573589,0.9392283605796652,0.16455414568620233,0.2535996629415317,683,62,3772,901,198,0.7544
4.892150649771138,4.02724633821583,13.93759921167789,0.16952026121320032,0.38111553633284456,0.2595175062901367,5000,23,31.34382162198567,30,0.5540274285165864,0.3429181349159619,0.684614224134659,0.9278312004947109,1158,36,2613,561,131,0.5226
2.3987523537011635,13.863373823879453,4.837546883538989,0.10129803801944344,0.013997106282281296,0.8499814712633916,5000,10,34.25660982591404,13,0.7461909607745574,0.6605218559752905,0.8193140791175316,0.45134280705603763,12,19,23,3,15,0.0046
2.449083345936579,18.625407997330807,10.58037938113945,0.32839771676545837,0.17511672386397917,0.8507494875392589,5000,40,37.86473765548571,32,0.40110779965456506,0.12720814270571143,0.6792862287308492,0.8200259023776081,64,30,137,57,64,0.0274
5.329063759436072,16.721556741302432,9.211085308042165,0.3129028900693233,0.31056574094223455,0.0625894401076967,5000,14,20.655001405968,40,0.37338705829251734,0.7133417395275263,0.25143433486576794,0.4016536335922191,1040,91,4671,1923,165,0.9342
4.955347925326856,3.5363672827128325,5.89184348978163,0.2651228133290818,0.5727777860348027,0.24758073693010488,5000,16,29.64598786194819,31,0.7005448067973001,0.15197117883992717,0.8826003280893591,0.2900988722316746,1747,29,4546,1575,51,0.9092
3.276460032566866,13.289635233979997,11.067436791261779,0.2640936068907033,0.3973161154033262,0.07604072987207403,5000,24,12.863772214750687,32,0.5111993507721136,0.42054018577063934,0.8416994515771051,0.35036750626058094,317,46,725,263,122,0.145
3.190624026878668,11.766787414465217,7.1598228133891055,0.10848149603409724,0.5341049424273828,0.692099993087837,5000,49,49.68348825016774,11,0.21928592684713366,0.8653065805661881,0.38400170418752283,0.1833092872211408,62,20,241,46,103,0.0482
2.287612208670704,12.279409337654766,12.864000335473198,0.015231747997157007,0.49235686295298564,0.6114331043856199,5000,1,18.639347311081256,34,0.30251173826074873,0.2873220388712157,0.1761035748082302,0.7474315201400281,1,0,2,0,14,0.0004
3.2467887843252248,2.30849918226919,3.097736737158288,0.1910009908199522,0.20169814139476935,0.03365923720103897,5000,31,49.24499656143964,26,0.5924331227597448,0.4950644636761108,0.7908743238403713,0.6881357813486371,1743,19,4787,1210,35,0.9574
2.228927607736522,5.2862836917391185,6.809424543221546,0.39929319162701715,0.22779445945979318,0.11474318716646173,5000,48,15.078326829701783,52,0.7383401247880348,0.17190823188153762,0.6797767816466868,0.6026133830719101,777,46,3749,1855,84,0.7498
0.8938330462640695,4.399436458542942,11.290913688579085,0.14470808700651203,0.18193537052807113,0.13555214049599343,5000,50,47.01192831722267,7,0.6306723111372318,0.9634577721674182,0.6105437620362288,0.12291897949722368,74,12,94,17,40,0.0188
1.5489534937914773,5.219112531054633,12.996347798825662,0.22034200161694564,0.10034268813436688,0.10104220923167714,5000,18,18.41186166917756,21,0.17574034454157797,0.7903755490332155,0.31947806131799067,0.7976985955014305,67,37,818,227,365,0.1636
3.421375404395258,19.699286338660144,8.421862096040865,0.05883812455364858,0.4758683531179352,0.36146896061143363,5000,46,48.965178205644484,34,0.20645377116752453,0.5809605748701767,0.07225605698412758,0.1362870420241581,621,102,4040,275,222,0.808
4.0718438766341025,1.8989735940257166,4.440217298311115,0.14571827806423912,0.04770325202658532,0.41706844706407864,5000,40,16.797019034174625,39,0.040095195157598296,0.9229169300011391,0.3347468904090639,0.22649257391272365,1486,21,4545,869,49,0.909
1.6768235535281448,20.128259065440123,13.052186621215073,0.25159371229812105,0.4169092592896322,0.48007530408225924,5000,1,17.71046592805445,7,0.33401481179872694,0.979456618122901,0.5313464126968144,0.9495069473660277,3,63,6,1,53,0.0012
5.352177217443067,13.663822539199863,6.686470490038388,0.28531283337709734,0.40409607635851114,0.5776010499703594,5000,48,35.1909465761082,56,0.2554083687284777,0.5162255222054467,0.5634679645259507,0.8650783713883555,601,57,3108,1117,157,0.6216
1.8898643798290107,3.227327852279109,9.11794927728705,0.3530879277377274,0.46220183445357527,0.7287718709784746,5000,5,14.214358457287759,4,0.6204297109554922,0.7086355973485081,0.4273076930651699,0.7119989759529831,8,8,12,8,29,0.0024
2.7407150208902675,17.482802531312505,13.491159614325683,0.028503266136140012,0.30623120317460817,0.20633231487460726,5000,21,45.54705844423907,42,0.8614489823656124,0.3555411519818039,0.8031272438740532,0.5030088594964937,153,57,362,12,135,0.0724
5.71948964355971,13.022888900076389,13.773843453573292,0.32543829880098135,0.2628762392141995,0.7799145954151162,5000,20,36.35684974209657,30,0.2892098592226114,0.5357438676014156,0.5350596491151001,0.8726257916092959,44,44,208,81,151,0.0416
3.133679176814451,12.912438494258295,12.342878964696222,0.17579576533413271,0.5959611122111003,0.22568391411818023,5000,44,38.840604819106815,13,0.5401348107534834,0.3649980618002358,0.054331474821678036,0.617265713680452,492,111,3662,823,250,0.7324
2.9898789945831536,7.43837222734894,8.667176248720615,0.15337513282240023,0.5975641888229627,0.21020785274408435,5000,15,29.859516712886396,43,0.13988645273531056,0.18131272660905318,0.45936875050966014,0.46420291975351846,706,54,3257,618,194,0.6514
5.987893699847103,11.967431002057369,12.983428368329774,0.1042846314453485,0.33947230026810565,0.05718520131354974,5000,45,41.65583202066087,26,0.40442562332878823,0.7416551492699798,0.4177702730979827,0.19242132504134524,1304,58,4532,585,138,0.9064
2.256730316856154,15.369152883088601,9.388380634691206,0.16648276691617217,0.3854789431868451,0.439562270941428,5000,50,47.96444949833281,51,0.10301040296847301,0.11735077586298116,0.4852430768004239,0.8952718295826554,197,67,1071,213,236,0.2142
3.11361557495838,16.47798148228575,6.418419139653872,0.03300755764249347,0.10460851199546273,0.5803942214950254,5000,17,34.07590195433376,40,0.27833004502184644,0.09166794298805982,0.6671003956052195,0.5804274112764796,99,43,346,12,113,0.0692
1.32095504532802,15.064283777969813,10.657874006508848,0.2979140841022058,0.040042665106381915,0.09955310935779611,5000,50,45.1336173779896,13,0.2704878316888686,0.8180119655498029,0.33983690060487054,0.3121095508747925,90,27,524,202,295,0.1048
1.8652959741834685,3.8266469817717987,13.558861072934242,0.10210137837485378,0.5113493246431761,0.6301744079909976,5000,6,38.317799084759244,52,0.12501735958465693,0.39038986851756424,0.23092759388329545,0.8700331236875898,9,14,22,6,69,0.0044
4.137896958291174,8.790069861591572,8.884487483503772,0.07818814249160944,0.3228021503397245,0.7518012186414977,5000,10,31.62391202382161,55,0.9504450312622404,0.028331155147226898,0.8557613943102106,0.10043129227574256,484,63,1438,138,90,0.2876
1.762650946463697,9.393905314642963,9.330171068762633,0.1087595116210699,0.3751751997505266,0.49459897280764414,5000,17,12.338721693956401,1,0.9520413822381495,0.908302900036674,0.4029830276866277,0.46238669398115245,17,0,27,7,39,0.0054
5.6252043574092205,5.083221398420803,6.374046155081328,0.10368037260244833,0.5746246610821142,0.2690105164973723,5000,19,47.59973441515407,24,0.8686083633303315,0.27206209758305533,0.36367567243917914,0.7317917815955916,1362,30,4065,544,90,0.813
1.842293891127982,6.234506254024662,10.10816934862649,0.30537740171892636,0.08416556978853587,0.5381772181184347,5000,7,15.258725954643477,42,0.5894107776773759,0.03858755971155649,0.1700353745829439,0.9382655851871492,64,49,274,94,150,0.0548
2.8487492524770612,19.350336252604713,10.325651721002778,0.1274221366674115,0.38793778822353153,0.856420040884592,5000,18,46.46943622551752,49,0.08671692846352022,0.6621621212295082,0.5093401397446958,0.6709089088032976,18,0,42,8,53,0.0084
3.3770809963525483,17.419612021873363,13.411663806714875,0.12562018720197157,0.26208535548326534,0.08592281787890295,5000,21,28.806464082011523,4,0.24690270530299435,0.4097265158110327,0.8904297320462241,0.3200734098760714,21,0,48,9,70,0.0096
5.505960283197221,2.420379845395927,8.014748339097553,0.09740864954953274,0.16939645201797401,0.8255415843795026,5000,4,10.743034560825182,58,0.9923007764071018,0.8786183723860476,0.25643284350886575,0.8921639946449951,20,61,98,13,88,0.0196
3.121098551531788,4.120542786275974,5.783603598708489,0.36410890203167395,0.14911193533449077,0.1292751216862326,5000,23,36.871042740783565,7,0.3357984481223257,0.5505937924614944,0.6280184018805404,0.442213878768569,84,12,856,402,172,0.1712
5.802851520296112,9.01049811492421,6.497743552407024,0.08526570135182412,0.4609373682252834,0.815103924532737,5000,45,24.23973528685404,28,0.9201752538250229,0.17029850346413575,0.6658695196296937,0.10555354812964086,225,31,743,97,73,0.1486
3.5842274234747293,3.404371721542974,5.068953782153393,0.08194206885163105,0.1021333882987625,0.575296576712735,5000,43,10.649713095874757,13,0.51282248512523,0.08933390228211305,0.5874314307354649,0.7694449044863868,497,17,1520,154,68,0.304
3.036672548341442,6.735133414665103,9.691115130879034,0.29072293799402726,0.2868092717758821,0.5204330874022366,5000,45,36.92114623288424,60,0.6006998538334056,0.16764091730421374,0.016886655252637765,0.00024424838575175316,473,67,2584,923,168,0.5168
1.4609029301015013,19.667157360377754,13.924266384172002,0.05446907748083723,0.163065573122166,0.6929451205040161,5000,17,29.95787205842168,16,0.9441190548275362,0.10008208773076431,0.1707981064142764,0.9909721536602031,22,34,53,7,86,0.0106
3.856422312954126,17.328787079459936,10.995573845097319,0.3827929226791868,0.5807242709110895,0.17215402048796863,5000,15,30.95331841010057,51,0.5844810613275577,0.8337740478933285,0.5869140673162215,0.3900476962366628,286,73,1874,872,326,0.3748
4.404056371997272,2.4546382416655375,10.229344369902227,0.049439844691007775,0.06217130062002973,0.5880547937887803,5000,44,22.350944968893067,31,0.20765644792309162,0.4128617057543416,0.158540121546149,0.14143597725968235,1005,39,3552,220,115,0.7104
2.0911827153207487,19.320740083685497,7.59641676613358,0.35077028281460343,0.20432139208284464,0.6082957423303231,5000,35,15.105636818149826,10,0.14076860852560005,0.8680195380574312,0.24226570834849817,0.16375856064075878,44,28,228,116,202,0.0456
1.728919830587416,11.597593027802406,7.9645658938092385,0.2041900982304887,0.34277651357545674,0.9433090202856754,5000,6,12.195820520826967,39,0.6050548105075622,0.442785983774505,0.2583169897870144,0.326153933483055,6,0,6,0,9,0.0012
3.1416506701427878,8.484975715758804,7.1401866354543655,0.0925026592157529,0.07385580740387257,0.7401533994702684,5000,3,46.796810989727625,46,0.5390862735913896,0.6156430372443223,0.1406378115775478,0.9738871835141022,7,21,34,4,60,0.0068
1.2220842816195268,14.622364685067318,8.657344109012413,0.3685356031412177,0.053109629234572915,0.13851137719353537,5000,30,36.39393270895546,1,0.7048453661865086,0.12529292610674153,0.41165234023187175,0.4127425777982286,30,0,75,34,73,0.015
3.1046557566254416,6.42631536597718,4.1416719258771995,0.33407592297146765,0.5849858059422166,0.37931468496583925,5000,24,44.470818388500604,9,0.31010411304885854,0.31249167531771377,0.2204623691296613,0.22713480504148348,307,62,3195,1373,156,0.639
1.4856895195909043,7.832863839505632,7.941506958304156,0.2178418200494715,0.15727695348116116,0.570045323911994,5000,43,29.32806077771944,53,0.2886665608488504,0.6103608938222445,0.7003708063508807,0.9417311151605182,43,0,221,67,89,0.0442
2.059292185979066,16.43571821540469,4.878514590080689,0.18305703841125864,0.3887459338389773,0.5250180664128788,5000,19,17.369937348505303,29,0.5725843811796121,0.18005725703883632,0.7126521619440459,0.7930056714721371,55,41,147,28,41,0.0294
1.8692926957023266,13.059102458897016,5.391636998087683,0.0892909981531889,0.4641493542453715,0.05956331518637695,5000,13,46.59138525234467,58,0.9767006231534661,0.6302315035865415,0.03264309685039058,0.9222524318063609,237,72,2090,235,239,0.418
3.691709041157906,18.495047689491482,5.772553099796976,0.043327554312298226,0.022651057883877158,0.5216382087865179,5000,46,14.35508762938717,35,0.4722440815060496,0.2494089307805066,0.41646494004832224,0.47756399578731173,265,47,1488,78,275,0.2976
0.8505046296964595,1.584382498962008,7.625020475717574,0.191530165678506,0.35595437799978347,0.8176976745373465,5000,29,39.6037002407477,39,0.24147548870269536,0.08552562790665512,0.7285735128015759,0.9248736492774449,48,8,72,22,27,0.0144
5.4498820737538605,10.556496461457234,10.179776615605935,0.2845779897143629,0.4998944971957444,0.3890552319979042,5000,24,42.533430809528895,18,0.11145858976601136,0.5815185501400337,0.3945711744101085,0.8957569245586299,690,73,4136,1498,187,0.8272
3.2520532822948356,8.362334350917772,8.566295374806161,0.027967268724825575,0.2834006935659802,0.3348059159501454,5000,50,37.53111633559023,2,0.81211095359129,0.7429438108228018,0.5094137876770984,0.24569967193377298,65,18,235,9,111,0.047
3.227475129314442,15.438454459069344,7.389493916902968,0.3700077679639714,0.14088761525591556,0.8774987597623084,5000,3,42.67858461884961,28,0.8773587584194616,0.8238445056165598,0.8924440496300245,0.8427523868582271,3,0,7,5,9,0.0014
3.015890036835952,1.3210752099079863,3.1788231439277563,0.04827678994175822,0.551502708750273,0.8850873392650936,5000,31,44.136020924787346,27,0.3466955158609604,0.35245523730322653,0.3858325892161439,0.37521621065131083,73,4,223,14,32,0.0446
5.750982795184658,19.106488561868325,10.331772265011956,0.1524700377304097,0.29301757403761086,0.7446371224399878,5000,44,16.411928527920775,42,0.7508536372902282,0.4438195828818414,0.8488792546129338,0.4924948304555894,165,55,440,87,111,0.088
3.2978991134387208,18.955927692634482,9.84688713634714,0.16974011359096478,0.2377942411562638,0.31454803120787417,5000,35,18.367692777138384,35,0.696569999623942,0.9965197553071766,0.6546136410375251,0.6487126204004006,171,53,575,133,198,0.115
5.7469214268980675,20.671552263983326,9.924445254945818,0.030433357249422574,0.0691549107404753,0.9364871982110322,5000,18,46.5721767791309,2,0.49004710008571956,0.4971148720727043,0.4300189472498035,0.3435202446729777,18,0,30,0,22,0.006
0.973701550884762,5.420768101449144,10.530880626721713,0.29186453296608783,0.35527400032420364,0.1816740793307744,5000,22,48.851655385312085,39,0.20463935832532956,0.28103175655852936,0.4172154693084903,0.015725798538761753,43,11,163,65,78,0.0326
2.3858189276311084,19.708268062025354,8.769919487092004,0.24590107653304136,0.08756124530195233,0.6748207307595627,5000,36,40.70596946337123,44,0.5478226817352174,0.5346107061987924,0.6583807414516316,0.7732148243528127,53,29,168,54,70,0.0336
1.413219036541434,10.016143382794441,13.164155467543013,0.1642471911172296,0.4419189112922686,0.47591128060858895,5000,7,24.013978323297046,42,0.5300967282052639,0.5826175102556174,0.3059828707894524,0.717118311260606,12,24,39,3,88,0.0078
5.414497483110303,8.422264493615483,9.426308654761415,0.17964117822164333,0.23446658000746562,0.5944673403455616,5000,34,47.65205627852116,29,0.41491127560968255,0.015387013777811235,0.12149970975917382,0.9167644171062559,1331,44,4465,1067,105,0.893
2.0348826764459966,15.636667053558481,6.781171182078255,0.1789600180740367,0.5554269229493018,0.1981078577079157,5000,47,33.04276779589236,33,0.9264008316907415,0.4364152018258623,0.4333141885945397,0.38201397906556916,142,43,531,129,135,0.1062
5.487370718226044,5.823263553598279,11.118984425415421,0.06391350836836872,0.35388394176072274,0.8350018307723918,5000,21,10.080091951576565,39,0.49093186791662985,0.3530265455182408,0.6922898088068535,0.28639695372301466,49,31,183,16,90,0.0366
1.6455270080949782,17.653744864552564,3.1117591362033794,0.3382325326973421,0.17005525698062088,0.5849075499323756,5000,17,48.33306359346906,49,0.984865010628288,0.8742122315288996,0.8458143238618058,0.30735891585476505,22,23,96,45,30,0.0192
4.810199096010487,12.291500207470815,5.794786869707938,0.3743442682436435,0.3175474620746668,0.7690007209133735,5000,43,44.78514914567939,21,0.3068108925933134,0.5802888245516848,0.4613771069765859,0.13796272563529488,92,19,420,205,105,0.084
4.187605883656531,17.962096823692224,12.7694517271941,0.13468557510576204,0.277012802096561,0.6159614388256768,5000,22,24.665126898675496,22,0.24006286741776336,0.38242468282166125,0.5458461928400257,0.021273464274888552,55,31,187,35,169,0.0374
1.199298988032948,1.7458338504585285,4.562969202307675,0.3951745953249538,0.30401563815321225,0.1684569147074747,5000,25,49.23476024874334,33,0.3635363965108957,0.29736338618022234,0.8931180667021483,0.1614630680382274,148,35,635,317,44,0.127
3.9411384213961913,11.303266038184804,13.869558098516341,0.23558427566996898,0.14748918728302204,0.3638370307241693,5000,33,21.842721552923415,9,0.8634392740767336,0.3489015768118174,0.11233464830746229,0.4506954964406987,217,136,2484,739,365,0.4968
4.238463784119154,8.313240612410734,9.963859055189658,0.27954304558594495,0.22342750838483494,0.13411568070528254,5000,21,37.34031639711364,4,0.08555281764518657,0.1306878184397536,0.7643341029769082,0.7142455159381063,62,19,876,300,365,0.1752
1.915375751136566,10.182240532531114,11.026141025990462,0.18908782760353082,0.12345922694532481,0.9338601700366308,5000,42,12.023732299778603,42,0.16673043729913764,0.49646635081463264,0.41867691683364083,0.6292886942988377,44,12,66,14,57,0.0132
5.728609053696598,6.374707035936266,8.054982066947025,0.10735861731465518,0.0010224669673974435,0.029311677616176528,5000,47,36.15168039236212,30,0.7030563759583562,0.5438925747313232,0.8296661823517746,0.7113960746864119,2304,34,4584,674,70,0.9168
2.8015720751783233,16.834532671265443,9.125608769278049,0.04707591058707883,0.2791421707123457,0.09901672695841476,5000,48,15.649919001290804,6,0.36223562016210276,0.33943257699179585,0.7407067969674639,0.028654487012491014,121,27,321,16,164,0.0642
4.010772092381764,17.3490809590781,9.015149830718887,0.3362131809077882,0.5027148471120944,0.6707253720118801,5000,16,10.886605209353474,23,0.38106401090944836,0.776053639802556,0.5145362111915234,0.003777764742198423,30,28,228,84,243,0.0456
3.126664492781101,9.428927725793367,11.219930508711366,0.2479046964803202,0.007821196117656455,0.023740011120843674,5000,29,11.173111590452244,47,0.40497167603023576,0.32902065730859287,0.36132567904158847,0.2180736364310228,1057,57,3954,1255,170,0.7908
2.2473477031671716,13.550687575666675,4.662367888611091,0.07557798901019352,0.5942602530348755,0.5709743132181381,5000,30,25.03640144460953,36,0.09924467207007519,0.602814653366268,0.7572337175222351,0.814718118238565,40,19,174,14,53,0.0348
0.8805402859837553,15.35318221799812,6.643810829325166,0.2144497875543927,0.09736189060839855,0.4149956200697566,5000,44,10.078420843480831,21,0.1094801706782677,0.45680921522078394,0.8460445295150647,0.29051562287063126,44,0,90,29,52,0.018
3.6071145129506776,18.77425277970723,7.098366464063674,0.05799925898702099,0.23002050907986415,0.5575188081394081,5000,3,47.82427000334983,40,0.9001068619267261,0.9003537137607998,0.3521067289682297,0.6603951495357873,14,53,86,4,106,0.0172
4.120020927951508,19.735117491226212,13.448154275418814,0.3708149071517701,0.2737635002916212,0.13478511043978533,5000,34,16.351856551303314,32,0.2908183516918684,0.9553599125998292,0.20862094251143815,0.22927509109993768,741,109,4260,2055,278,0.852
4.3245787252686245,4.702652683240849,6.915695131379078,0.03979492953213988,0.2596157187449185,0.3118151073909407,5000,42,24.74702218152292,4,0.9618760814787058,0.8724484752229318,0.5661110266002792,0.9919400148964058,103,12,348,20,84,0.0696
5.975151012206073,8.460768266864065,11.949962308253534,0.3906975746265751,0.37945117688332675,0.16195063414616498,5000,5,38.37098416469298,46,0.5848257557146503,0.43072744522975,0.7121576161076651,0.9792349481312397,1424,55,3202,1577,150,0.6404
5.559075269728427,10.042882824798518,13.680140257687015,0.3147619092571568,0.4571709674546702,0.887425208218062,5000,23,12.308853168927861,17,0.0514504911454367,0.3599525427948079,0.8167437856347439,0.24877791038771507,45,14,81,41,73,0.0162
1.7268555794367582,2.5399162251963547,10.930283200152715,0.02535186347491546,0.20129253128124078,0.6362675469143909,5000,44,10.713576846444482,45,0.6069431761958763,0.7395027749299421,0.8326070994259537,0.5011404906182554,70,11,147,2,70,0.0294
2.359690496967181,5.794743629920858,11.654014175539345,0.30082775605549567,0.02373967497635494,0.9071123798388302,5000,11,19.609893255638024,55,0.3346722923791943,0.6308300154935046,0.07782385585811596,0.8736721907727268,12,8,13,4,20,0.0026
0.8896491137521757,10.966102005859568,13.819082677579987,0.23699446712888095,0.3030548217835304,0.038887344832714256,5000,47,33.950672485310236,23,0.25900671772694717,0.7755210431753814,0.27538720709884895,0.6354955318164902,61,14,183,59,107,0.0366
0.8644075295339236,1.9561067826642096,12.709555930148616,0.39478796216442386,0.1600249941152858,0.2575952420947343,5000,18,10.330233384521566,31,0.9145471720387509,0.19263866868537813,0.6740557685514201,0.9548075876693478,36,13,78,38,49,0.0156
3.7164561102448754,3.191821042627169,5.1078333931904645,0.2874802238466407,0.0877585215327427,0.8399936273596088,5000,5,10.99173854081795,11,0.39416496791826633,0.5966386751573736,0.6637675590241024,0.24660492018450825,7,5,10,5,20,0.002
4.696897857361621,10.412919294875184,10.652873125468513,0.38483227017398397,0.3616300352884057,0.05095800850732697,5000,13,28.283391095820388,22,0.6268226428491198,0.20203372416316506,0.7065919388661454,0.2225920430630496,236,69,1977,937,308,0.3954
3.1453809123716736,5.15916578740669,12.504463194123282,0.32071673138811163,0.03145965993626211,0.507347356310283,5000,15,16.4944049332939,18,0.16748068593670778,0.9720653826106943,0.8624437245033268,0.7632938399974628,40,24,78,30,69,0.0156
0.8912904455427718,19.676995701109355,8.121160772932257,0.163332719185845,0.40295447283958463,0.00037320883156777285,5000,31,33.74642083288278,10,0.18587129323883045,0.5144330262642348,0.5024757664945396,0.017508009910159834,40,29,102,25,61,0.0204
1.0185957069791436,17.603909414642867,4.865237439801938,0.04204983578504736,0.2937429615356902,0.2111979809542662,5000,38,27.688128258984264,23,0.0874713341956978,0.9131264619267385,0.226690113151272,0.7785356042355662,40,24,214,18,114,0.0428
1.558815994761079,15.594075887624916,11.718852537246583,0.04164688875478121,0.08612936997671258,0.3097027658156394,5000,3,45.4539668340314,12,0.7565542861958758,0.7265438190303539,0.46631934683776294,0.18028656761049186,5,28,10,0,25,0.002
4.675194946734234,7.9706136668413805,6.862703201567183,0.34980035159136535,0.44372698403770944,0.09500763428330054,5000,20,30.608535863029513,57,0.5754067492288593,0.2310589298582487,0.5398013106832141,0.9061141300470958,1440,48,4833,2279,84,0.9666
1.8739913276081954,2.4836089489686355,13.089414734764171,0.30429708493141094,0.4529126637995661,0.916771561236877,5000,44,38.65339056499106,3,0.3210111590512243,0.19607990734658154,0.24741062986857462,0.5833976178460132,65,12,74,34,33,0.0148
4.920790719130449,14.567901150148865,5.579010510463104,0.3107761306525973,0.5771786149083727,0.2130474116733505,5000,15,47.164401890216745,40,0.8427987043591828,0.6757706721250789,0.6297824422282016,0.5102302714164073,867,56,2657,1008,145,0.5314
4.776985793069346,15.132592716976966,8.711422079896373,0.2865414244717348,0.31931835272855896,0.7296445616533888,5000,4,19.7015068025647,11,0.15977460867296825,0.7222177860811427,0.7155112715773772,0.8449359956813428,7,26,15,7,43,0.003
4.230154222412771,11.97950084702144,4.631242741331357,0.12990924359036238,0.0724412878034564,0.7945085953616235,5000,13,26.06560728268457,50,0.8482786674577023,0.4851468935693943,0.10974816666718945,0.49813032015789,27,60,161,24,85,0.0322
2.124310020287589,15.445170211805605,7.899187414698571,0.1241025914310534,0.1227586041312563,0.3908175755703976,5000,50,16.11418156952727,44,0.4871395659116927,0.22420549355671032,0.5628213352688962,0.032315588658421684,130,45,611,94,149,0.1222
5.110238889922252,11.545339444281057,9.255520112244003,0.04237693555063659,0.3001883634824367,0.2473728483611831,5000,45,17.670591343084613,17,0.5829943519168223,0.17652376968765426,0.6252368629227155,0.752025284658839,273,36,2128,95,248,0.4256
4.820134431027684,3.3464086959532784,4.059047781918727,0.12465654047878749,0.2949018658799301,0.9260870163749881,5000,9,28.787377721188843,24,0.009142201946896071,0.2518310836855904,0.15151199312234195,0.9137283634897307,50,14,169,33,41,0.0338
5.680840527378221,5.760898947486804,11.701795672645956,0.2657616451323408,0.029710954087033725,0.1866527763588789,5000,35,20.203274832139684,44,0.621155211837748,0.19353025713553587,0.5162835626599974,0.5193901772479851,2436,39,4758,1676,81,0.9516
2.7384410452381394,2.113379967857086,6.869666575993243,0.18107682929584323,0.1580194019408514,0.9011476022854253,5000,44,17.850217902826593,22,0.8896678612073541,0.04460614056596803,0.21791632063607796,0.004290506868451923,366,23,1077,244,58,0.2154
3.1586420142549922,2.069540023896659,12.477652271755604,0.0032738868664374896,0.41833040506397556,0.44878612135213214,5000,22,43.51225105140562,48,0.1014445420184787,0.37182592879671056,0.6471176280920959,0.6304632854077807,982,51,2289,10,108,0.4578
0.8207762902037191,14.77991350789073,8.761190007700318,0.241498941554951,0.28164386749974546,0.27145643932341595,5000,11,18.8899476400317,4,0.9975246728001408,0.9447747562970065,0.40754833726915163,0.08526956978999452,11,0,18,3,22,0.0036
4.573064625528632,18.341220376063596,3.3936991774208063,0.14236814442053278,0.5831359049116897,0.13881316409504968,5000,30,43.27104603474475,55,0.4752918764949999,0.45713672578481657,0.17662853080901525,0.6654453868889948,1556,65,4697,835,77,0.9394
5.3195567690687335,3.976300360440081,10.204556147244444,0.27704282842986927,0.2856281042769497,0.22065312660959413,5000,11,10.404533522677134,38,0.6647134193324477,0.5896151665360241,0.4944412563111512,0.18443796955889155,2643,39,4645,1600,76,0.929
3.519822997419735,20.296996053673393,7.975742494002228,0.10102257961467626,0.3371373575534876,0.7988582277578739,5000,43,11.87150538839105,50,0.7316793704045597,0.39521122482350435,0.3367049670336603,0.8880892322881611,67,29,226,28,106,0.0452
5.832766773301127,16.033267576777007,9.146889476529065,0.05568347771925525,0.10392306147845408,0.0919628739042124,5000,15,44.59683804782181,41,0.5215695891299087,0.2032795153654504,0.8734844532780534,0.7991898906725475,631,50,2163,146,187,0.4326
2.8449579660268833,19.711008396736972,4.12292860638352,0.31948519713828616,0.5333777517784086,0.624913781413824,5000,34,47.4043801732504,29,0.4381663110951066,0.2230226798255114,0.7544424772541098,0.35611997692771535,129,48,404,163,57,0.0808
5.024784876117416,15.42352253907939,10.48595247794379,0.37798510544806746,0.24400624936933762,0.06732674078873917,5000,38,24.445247427391404,35,0.4967192971692929,0.48613789085255055,0.37908833607272663,0.8123993693077454,992,69,4321,2064,172,0.8642
4.858980163951145,9.2592308887098,8.835747862860153,0.12003037318766696,0.13621822341072617,0.7392974990710142,5000,13,25.878611597313828,53,0.657704194921292,0.7659883862276434,0.005493818173693801,0.0937459699949855,59,63,648,87,335,0.1296
2.055586103726389,2.8706368756122638,7.978294236773671,0.09443572763401041,0.20141800431128018,0.3150141395601166,5000,24,25.086925941586994,56,0.6978340576774551,0.8687237564989218,0.22737751200665926,0.7160942530327674,544,58,2297,268,114,0.4594
3.094654958122173,9.873140910349088,8.018581992346057,0.10342871621798677,0.2292993627739667,0.14443854910163617,5000,46,37.83707362331488,29,0.2747568284282273,0.644517774163389,0.6564496984145531,0.23821874033601873,546,39,2339,306,158,0.4678
2.8580980367903708,13.890841229925288,4.032347968731692,0.07665127335000378,0.27011989112564894,0.6618831075330399,5000,25,29.591205225656218,18,0.2095670636973699,0.37713767700941764,0.31360308647360613,0.3744490191504367,61,19,481,52,227,0.0962
1.3792099122436503,9.192919790146778,8.688583402861267,0.36929795986422415,0.07456001855659519,0.4202924375458211,5000,28,21.514961714913753,28,0.7511164211039953,0.15334236970366638,0.13605166048653952,0.7735236505212916,36,20,179,93,137,0.0358
5.894722776012096,13.614777257692658,4.86034578277723,0.13013838168978895,0.3442111511208727,0.5963605889087389,5000,37,42.75657070551784,23,0.9871285459030438,0.8889618982371302,0.0729534967257165,0.7771296484566471,270,53,2511,399,211,0.5022
1.8785577586821034,16.14792525022106,4.06409164353639,0.27026338489990864,0.002825570563240685,0.7770528181709648,5000,19,15.589971682433944,58,0.37612148720439686,0.4001062001054782,0.003709747515042098,0.6997355390863944,24,22,115,42,91,0.023
2.9636457891794254,13.776825954913695,12.919112688683285,0.2729438319429451,0.4709017002547516,0.6479087745507308,5000,38,44.3447589269898,25,0.8036488667343707,0.35774514727210466,0.4999748050994445,0.972748622351991,76,27,188,66,86,0.0376
5.55157263397045,2.5896373737215836,8.49471452975109,0.024222391808180338,0.20737101529929,0.12679453058368853,5000,32,29.029800098739692,30,0.04371330448775025,0.37038611589166043,0.39820450314245476,0.091006056206703,2900,24,4882,157,55,0.9764
4.156388094728709,4.2484915208997425,10.819725481473736,0.05022458993316223,0.4009341516082236,0.48563035756119916,5000,14,45.625370451988914,41,0.5684383744847622,0.25588576519685163,0.8646060808805497,0.5394045238647422,818,46,1562,95,91,0.3124
5.123640967512834,4.001431207506907,7.11066719532038,0.28151858678984487,0.36019779473408714,0.3702732896463916,5000,25,30.97591609952422,36,0.9127486623294689,0.5873914413220218,0.7227850867141556,0.013113624425382268,1729,37,4209,1521,64,0.8418
3.434522727344798,20.03522333160262,8.518473500168994,0.1627465277132455,0.37183515830504876,0.4462050565978188,5000,31,20.557595870312223,48,0.04596949635059496,0.2748280159467449,0.7324349989729666,0.11058448948031105,209,56,748,142,190,0.1496
2.3136686133153286,13.374092992454173,11.073594190956586,0.04558390987612517,0.49358614951754237,0.8488852918803524,5000,31,35.76568870863214,52,0.4092650723826755,0.6146971073307607,0.1038574116003069,0.9030128732815099,31,0,64,4,75,0.0128
2.9700353909615806,15.03501059433159,6.460287244894939,0.21095966738784988,0.15303668180094693,0.013749657527886861,5000,15,46.336623357661296,51,0.7994397181738536,0.5651334186651275,0.24559230277902308,0.3212046641658309,530,82,3387,946,209,0.6774
2.688032120913747,5.570219795140636,10.235632930517397,0.29393749360798543,0.2972671471553263,0.40354784648314584,5000,4,39.22460642407711,29,0.5602388966371354,0.47536516014985997,0.5508504311271906,0.8209909789639828,44,35,145,56,103,0.029
3.449391018540167,5.734826368167646,3.930076535962301,0.3730687270372401,0.04999097530532911,0.9207441535058973,5000,18,23.17456925566126,1,0.4784669451344559,0.837179555913655,0.03541909537564116,0.8873060696535041,18,0,32,15,17,0.0064
3.025420626103637,7.550805310180197,11.636780221512918,0.37291301126432996,0.04366994372772236,0.14496794155331214,5000,49,24.800383422450142,46,0.4449238560261723,0.07479397766155946,0.4811409372971552,0.31845608924608504,1353,54,3611,1745,124,0.7222
1.7405430694483717,1.9762966657941408,4.9424430732500575,0.020253408973300663,0.3920112996702481,0.9256377621517307,5000,29,20.95989344718447,5,0.24359054305956848,0.025928498509213936,0.6683745791197522,0.4327348778497227,89,7,183,4,28,0.0366
2.786308100476181,13.498677262716702,12.179108307680849,0.1575546908738063,0.33040158975186773,0.6973337378781268,5000,14,36.685683316124226,39,0.795951617278907,0.9155856678973627,0.724364273623377,0.1818265515629967,15,28,41,11,55,0.0082
2.254037752852759,20.091686736714628,12.32578333099509,0.0434813634312495,0.09691447941708099,0.9060283323880132,5000,22,21.600063836939672,0,0.3132439704784517,0.43407876469837353,0.1992614505105074,0.29538643401160425,22,0,33,1,29,0.0066
1.7209705523945198,20.180965258813547,3.0091951541426525,0.2774861343361407,0.4922968028160529,0.28526103964914884,5000,30,32.28238650926329,49,0.419430576354749,0.7159981263907478,0.0164991711928069,0.6805130154775729,229,119,2815,995,217,0.563
4.245833334283296,10.197277269863065,10.161947544560576,0.13836280563831704,0.1433148005648947,0.5569648580336963,5000,30,33.105934774298504,21,0.09086153427860906,0.4893665017014797,0.27865432694974596,0.1151592616271552,431,105,3331,587,238,0.6662
4.908842743557556,20.171395531678307,11.395141660298687,0.3625229931849056,0.5336309770853342,0.5012450094197863,5000,22,48.87363239052883,8,0.28291085956520634,0.864305796852857,0.8361014409782993,0.4392740643871905,38,30,90,42,67,0.018
4.380029042179479,20.259106309245325,3.9042164027355195,0.040016601576111054,0.34259008595734985,0.13656873922773535,5000,43,24.30247222447735,12,0.7593716770195951,0.5047842297141405,0.025268959549295766,0.7700304249941298,729,95,4300,218,138,0.86
3.1095937453738394,6.513696095338751,8.752075334534345,0.10455287331119126,0.09304217272062877,0.06829202620033595,5000,44,47.987315090071135,26,0.9991190194921235,0.5156335508363331,0.8379884511119635,0.4146975877281412,837,33,1633,217,73,0.3266
3.951692985222638,18.55790985415226,12.389568488137046,0.19561443366822365,0.0351602604652115,0.6998084219115032,5000,29,41.99700173281459,36,0.9951914686776488,0.20041747836589102,0.7724680006503669,0.8053667394612541,89,55,215,61,87,0.043
2.853374706880796,16.271236227615507,13.623848098509647,0.0746185878661118,0.575144551567789,0.21533514535756096,5000,2,34.5724919032228,20,0.14612978826959322,0.19187112062055367,0.10278722010155698,0.043042922513698116,553,207,3986,376,352,0.7972
3.9910632215383037,9.993189234575482,13.071574397715565,0.0008877783558407944,0.13654984693803293,0.4668571981163905,5000,48,47.87559069741164,0,0.40351509671449964,0.9601542980669466,0.7479531539974014,0.47440996363186955,54,14,105,0,82,0.021
5.402549516645354,9.499235743335628,8.705015055808982,0.31099859557929144,0.2095662196099993,0.5346318835442212,5000,37,47.362792406323905,3,0.6825935046130408,0.8776775684648038,0.637542608302746,0.6023609118328548,65,18,180,80,91,0.036
5.693753896772962,12.635222527118847,6.286678368218909,0.15103632309538398,0.27433088698404473,0.23072253860296763,5000,33,25.582275230025783,33,0.8811149932312711,0.9311910734363974,0.8406808272428832,0.3186346954230001,826,37,2345,490,110,0.469
2.6515337493337623,8.37063062888317,7.853615792984117,0.0695696543678709,0.2758372618888354,0.6244713027538874,5000,28,19.914403794182697,56,0.9669755768836316,0.7788446801469685,0.15448744174589515,0.3527484263427247,63,57,430,40,141,0.086
4.029831043512616,12.85420126647142,8.625006063752652,0.099315178027924,0.17101754037282257,0.16919964499852494,5000,23,35.06957987522135,22,0.03372571539801789,0.6122734358398857,0.3599769112352815,0.5936801135464933,827,75,4310,537,180,0.862
1.4191871670240754,14.925505241586325,10.85342656674642,0.3132463898548924,0.13231368943836477,0.8023491864669148,5000,35,43.11049453498457,21,0.29431137612243197,0.566392579261806,0.14456434302926335,0.8582785604742316,35,0,53,23,33,0.0106
5.525444783079288,19.023230006329733,10.624132484191922,0.2623706854251611,0.344784351228589,0.8222753650731617,5000,37,16.860475583766295,51,0.6182404473945413,0.430295118051392,0.5148710173166956,0.4781396087379386,90,53,317,115,127,0.0634
3.466662965080274,19.220118689856694,4.849122951858098,0.17987970669398856,0.5132273487184693,0.7010080112910139,5000,40,43.43115984527514,0,0.5531732424512722,0.5541296731211077,0.3441464341123446,0.16973415109196696,40,0,124,31,42,0.0248
3.884250807921444,16.021190589001087,6.21166941794187,0.1884898391729799,0.3625076191550542,0.23418182673477422,5000,6,18.353673979566857,56,0.9722541155242964,0.6903526387461203,0.42154434200424357,0.5483335721024211,150,66,2016,467,349,0.4032
3.185770014788453,9.325479046193449,3.063414277003653,0.38977689117212666,0.35249900896825287,0.13919782043102152,5000,6,33.9301149509012,2,0.7069898912522923,0.4650074328540943,0.5159096329649404,0.0894038058396864,53,265,1818,857,340,0.3636
2.4439584847820393,6.83507053542487,10.313857799217129,0.39019270618162805,0.029177244042446947,0.4144564937989211,5000,3,49.98275396250749,36,0.0811745720169509,0.09392974855894694,0.8059174421741095,0.769935630793009,32,43,74,36,70,0.0148
5.555443855284578,9.50027833046516,3.8786290009652014,0.21394262728893698,0.03167152740164383,0.5838083644965462,5000,37,10.549818364662968,45,0.6446281496211868,0.12314607077860008,0.00327182425901551,0.07027717252312927,842,39,4166,1165,98,0.8332
0.9142885464104423,17.474335581053534,11.216596405866206,0.24056216908092756,0.3705872458757675,0.7777803641515715,5000,32,46.54499640155666,8,0.44816903084972415,0.9684057241436642,0.4314793216110018,0.22807442878485784,32,0,39,9,28,0.0078
2.051446281688059,18.07112663190292,8.143800326509044,0.13957245520309527,0.4134596742827458,0.44131398279348744,5000,31,27.174790442080464,57,0.5323461173840057,0.8950487396515845,0.7164510024142694,0.1249156199985182,66,76,261,53,116,0.0522
4.895465039223068,16.266340889476275,11.180386283009476,0.2418539355905351,0.19396352148129264,0.34261231041082857,5000,46,34.44208988554789,58,0.12446331523532887,0.03560451117474035,0.2865329941477607,0.7232595221055471,1437,73,4611,1479,164,0.9222
5.277869907519387,10.378468595541275,12.874159325106024,0.36908267971332204,0.15278384816778032,0.19219064195545993,5000,42,13.464106138866896,37,0.8255952843031513,0.40130657520233287,0.09720156020300981,0.5973418669714128,1308,48,4414,2086,155,0.8828
4.197478727501747,13.998630333645469,8.136701321578675,0.3126565433066695,0.3341005369746487,0.8189765593923798,5000,22,23.858875227016803,43,0.2303444752316291,0.8477290212225478,0.0628720757631268,0.5244980858145365,22,0,64,24,76,0.0128
2.647459108828092,6.072445208357803,9.815177168964205,0.16227169724004029,0.13592040145547535,0.329197921471178,5000,4,35.6294526200552,15,0.530529760956718,0.5433627130819131,0.7079048621960856,0.45740988574793306,17,22,44,9,65,0.0088
1.9437395191083668,1.0791674673188267,3.4599337045823066,0.2984332484002679,0.31776079450554123,0.5685708614199626,5000,40,41.30242113113458,12,0.13653763687302625,0.2739713090571831,0.6049873339020779,0.5976426721651474,118,14,397,157,27,0.0794
3.3379823913780813,2.8022281062696353,6.172559727564131,0.3618272751118558,0.33477082611897874,0.6784627199412108,5000,48,20.140716116134705,40,0.6271339140686509,0.7037834489419318,0.2673401713720109,0.041412047205570984,261,43,1341,606,98,0.2682
5.891057681348191,20.274876847187304,13.614459321985608,0.34950416696655423,0.4978840541865611,0.47599016404162936,5000,10,28.646607072629607,41,0.29762628015835785,0.14325815235251466,0.14161429929668998,0.7859569448335327,729,144,4220,1939,293,0.844
2.6835156346174047,20.525427460256328,13.97679038054433,0.09514718297643575,0.2317292535868246,0.8684400059288893,5000,48,49.85337755946964,32,0.4374745348694049,0.8790471727833148,0.8890135419857599,0.2173193630133532,48,0,68,7,41,0.0136
5.612330058423175,9.536082192136394,4.649303851921342,0.31151682959574606,0.4602398492205133,0.6898004918986018,5000,33,40.56545229275447,49,0.3845777576358922,0.3174118537704411,0.42572004997501306,0.744529750838024,572,53,3000,1133,117,0.6
2.2963504205477943,15.808417479379386,6.421795443135236,0.35098263367356347,0.29187848349361956,0.8292967269567594,5000,48,26.99153053451591,27,0.47566435552461256,0.6117647967635597,0.4961192723796062,0.7645599337354938,48,0,102,47,34,0.0204
2.141528658436184,11.400537749096689,8.314650580467385,0.1580848483271266,0.16192467505801433,0.595496431453744,5000,13,37.72510523544098,32,0.39467777011820193,0.8913356377031247,0.34674643092688645,0.1871462515964634,25,22,105,19,102,0.021
3.634821696286486,17.991482414382705,11.530584105652604,0.1983468507627997,0.17614265312988453,0.024977775053817854,5000,41,34.79254821091142,41,0.2125391678182923,0.06828906441175753,0.39341691999322914,0.6904691878736839,797,79,4116,1080,242,0.8232
1.2125906829678894,19.447053182785552,9.457300205502179,0.3593142753329522,0.4494612752988724,0.12266276889310912,5000,4,15.50586683060295,50,0.005980918325536631,0.7931242032051878,0.6160618071124792,0.7502887068616497,6,31,18,3,69,0.0036
5.763696632309521,20.104449650029675,12.829775040642975,0.19051798400384914,0.17928427875781464,0.2179113923719632,5000,18,29.040090049680906,52,0.32187025476247483,0.0489726807674163,0.4006394063327696,0.4172309712852317,835,90,4349,1103,250,0.8698
5.962752697802295,1.3588202979808877,6.524469874060165,0.13755542193546375,0.5055869831185446,0.38427529890595374,5000,31,31.386685851803414,14,0.842121817222748,0.2944361686693568,0.8913543576241187,0.9219360267590047,2057,16,2734,448,38,0.5468
4.75442508235862,1.7133022064548014,13.282694349437978,0.18871970928339526,0.5436922069302068,0.4236054680380462,5000,17,13.721303722358371,1,0.17174478262539458,0.6678315266923553,0.1723676786800959,0.512003367661548,1639,53,4196,987,149,0.8392
4.815960453905691,4.743318241498772,6.118347405631736,0.18223497187182888,0.00637028779924902,0.44582355261880946,5000,13,17.228114048144736,8,0.24602599562906877,0.6357229662337766,0.660335425362576,0.8307162995846729,66,13,942,207,261,0.1884
3.6302540069583014,6.661274749933484,5.311609536638409,0.014043772741542263,0.3470682615434894,0.15261275695222762,5000,15,31.12382986939111,39,0.70880950894692,0.9718909108722039,0.002792386989457257,0.5816772332890094,1194,43,4442,83,89,0.8884
1.1102493558977855,17.097136721148797,10.53812370922994,0.2352907263375845,0.5790471181156757,0.022333078403308858,5000,12,30.98196444528962,50,0.4994554365162419,0.23988235941116598,0.285418125933786,0.7437002401900381,17,78,120,40,203,0.024
1.6645875105098034,15.896445043876383,11.588690144576704,0.04910718874961372,0.2504224379470719,0.2891888024394435,5000,29,13.150405739046755,33,0.9306101289573948,0.020791273715091072,0.47210908373442895,0.558824617160391,76,49,246,17,150,0.0492
2.9087101547924252,4.870672699167104,7.936520226695675,0.128762598951079,0.4961600346712203,0.51606092130807,5000,23,22.042143209869458,53,0.5365366935045554,0.2501085732956684,0.6481846706408663,0.9637252186151961,401,58,1592,253,101,0.3184
2.622365841269271,8.737978043310862,12.685444135432945,0.30116106519454194,0.26265386868156887,0.7126937994341622,5000,29,25.922344418802776,23,0.9752185640957649,0.63370256519887,0.7331614144486801,0.796045113771564,38,13,73,29,58,0.0146
3.1715623709441187,11.356405494200116,8.349321680793901,0.18086395431927452,0.28008126085052376,0.8485955318245794,5000,25,25.298706584681234,46,0.9863931214904835,0.7319459186936463,0.49485853003619557,0.7782396479084174,25,0,76,18,60,0.0152
2.3498639318137053,8.155260247957642,7.372473700985219,0.3137448485351135,0.21486868402359163,0.561708922210499,5000,14,47.27103210490522,9,0.7347604125678251,0.06520667090866064,0.12348419700534644,0.30509573108675364,38,17,201,67,137,0.0402
2.880954930860728,16.125750487141698,11.274623557805695,0.3075323054585238,0.5252666392400398,0.7472059505694562,5000,26,17.69761785170429,25,0.4943803110868061,0.7403353553632647,0.602186668821127,0.6042479286713446,26,0,75,28,88,0.015
1.1471582616880043,11.708503387408834,4.164107434902993,0.08982984382759536,0.2514134604180654,0.2536654843466475,5000,38,19.37188932978092,5,0.11418220983799625,0.8982967284227343,0.31131771390016355,0.9761263413289392,43,17,209,27,142,0.0418
1.680655324028831,2.748046365270866,10.437183842887773,0.0016105576955024908,0.33115958892614406,0.14743045669013027,5000,32,29.888525869715885,17,0.36571648839950877,0.4075101666524232,0.7302022355046646,0.9080071082513679,127,20,246,2,52,0.0492
5.501360584165882,11.205886479580109,4.308681483609812,0.19067723657128224,0.0962291677713695,0.3501177306030301,5000,5,20.43773317004821,56,0.8994298939245075,0.8067182872871598,0.6060044850736103,0.13238121561661323,1258,61,3794,906,107,0.7588
3.950263265480692,9.634197965881379,4.777125007227546,0.23295599181552984,0.4787550953158056,0.5254404789613042,5000,30,18.933221750799987,28,0.9101667184380128,0.70975303701729,0.7998555861354681,0.5725874680788801,234,38,730,192,67,0.146
3.0961644540255406,5.8315888352069525,11.766279583999603,0.07083187473065904,0.05496182927919914,0.4327005516559333,5000,26,14.963706075003975,3,0.3680758438113245,0.4855818631997952,0.5903700033727519,0.44343251460143657,43,12,136,11,175,0.0272
2.441564907401772,2.443443900874179,13.562666349326058,0.38466050942306035,0.38646267610589075,0.8084653772593641,5000,38,36.42878293124069,30,0.9358232593408372,0.8770943352755739,0.8368183473098342,0.1356643364730709,70,14,113,61,47,0.0226
5.01995416178052,19.728664573597086,10.009918720143935,0.12237426407144558,0.12748348521429212,0.030918893244017313,5000,7,49.52625649081847,46,0.8778436058864635,0.9422240649232191,0.8125045958559436,0.5252628890458819,203,58,731,118,200,0.1462
3.98739724748238,9.926878940210885,13.874150396337942,0.1551848798431964,0.28317362500617715,0.8952066513386172,5000,21,20.853559600529238,44,0.05232675267677274,0.162060880794827,0.34602300970417393,0.08362014188722658,41,24,99,21,87,0.0198
5.397459564408351,14.192820451556775,11.458224084014324,0.01773477636185416,0.16061720796918913,0.45959323777099,5000,14,13.433689990774,16,0.7715442131813192,0.7466834804901541,0.40611455150097703,0.30184545634724913,84,148,1491,30,362,0.2982
3.717357453958744,9.466266246115271,10.365537147673034,0.1801910239770913,0.2432271804248209,0.0985434965054557,5000,30,33.62565998267189,1,0.3819106760148582,0.05925222979360248,0.48093733511005937,0.09196650675285852,385,109,3244,756,274,0.6488
4.389319770659017,15.915534699784219,12.449112094244466,0.17369543220344874,0.03828143386656464,0.09411068734883639,5000,43,22.200800138319625,59,0.3154618375974241,0.36014212205041857,0.7970626784290726,0.6834958338282872,1490,73,3738,791,156,0.7476
5.247974979065449,18.405737787398007,4.654901237769038,0.11777510946233921,0.17262971021255102,0.04918077384578598,5000,39,46.89642503099628,32,0.5653237876619414,0.04530179710455538,0.8397526393608803,0.21363604581012569,1080,46,2676,387,98,0.5352
5.161311658499149,6.805753672643862,9.700658069478061,0.15070943350816726,0.1909925682407703,0.7347297733160085,5000,3,41.399903048253435,19,0.998891576004284,0.9062234679459686,0.864219468043776,0.5422721151269395,12,24,20,5,33,0.004
3.4869826789550666,13.246431562624188,9.572745430400726,0.15608178244904058,0.22230718196124574,0.8884560757884574,5000,16,17.412975679869426,2,0.05944944588460532,0.8134823784472115,0.6915635991067983,0.8565329415378258,16,0,22,2,31,0.0044
4.02447729226631,15.571571402742196,7.500688264901686,0.23301259084560144,0.5075735459903691,0.4333795009676701,5000,29,34.228867195127606,5,0.6745665339246097,0.7795308412050787,0.6201788747386826,0.9077703736313163,72,24,251,66,149,0.0502
1.4245715277314992,12.96407719040775,12.948073779532745,0.2588933350633426,0.4197547581809903,0.7554359155172193,5000,17,30.79828870447942,19,0.1186387131383226,0.8930391276720372,0.73908582907359,0.04484903800829227,17,0,34,13,48,0.0068
5.705237589707853,5.41737113290783,5.800178538294805,0.11722563521075563,0.5690573942070115,0.29091837362786366,5000,21,23.424928485510115,42,0.11703051387877018,0.032334756486484435,0.24979813493378183,0.6377640928475496,1737,30,4838,776,62,0.9676
2.0948678686136395,20.57571759362554,12.072067872767956,0.08843546047850226,0.25442705362630436,0.03284511346078508,5000,48,36.03054139364132,13,0.07643224928580453,0.33859317115993337,0.0026138140190424164,0.8250255757129936,625,117,4238,495,279,0.8476
1.4103603731255547,1.3809828119924954,3.8927619543778613,0.164496723306742,0.12088739245820518,0.22623122406545798,5000,44,48.88117438061247,31,0.17658672450814822,0.9558037379182805,0.8703362413698656,0.581457352084605,194,32,1105,245,43,0.221
2.028598530969544,4.853710188307234,8.955713243530147,0.03446026843049897,0.21179355896646743,0.9459084438524434,5000,15,21.654801575461917,54,0.5565427255504115,0.8560206811237647,0.10210807052982004,0.40404111529766285,17,8,19,0,24,0.0038
4.093507185652439,1.767902400608274,7.603759404723821,0.2477165763600148,0.5892608283338593,0.7074635159594161,5000,19,48.63920574704195,16,0.609810507465342,0.3996228465597345,0.36925304810835147,0.3231956202733523,100,17,314,85,59,0.0628
1.3290041759794486,18.241479256869752,7.078803665611876,0.06296865045595014,0.1110403101888057,0.5705851622177259,5000,38,41.48088589628617,47,0.12626223140074028,0.27927806808794264,0.7796985711581039,0.006523812224308132,40,27,125,14,54,0.025
3.453175971757723,12.611986555558136,9.34686524776425,0.33892679394689584,0.56303956329592,0.10609463432424593,5000,9,16.812761787637793,30,0.37730676191047513,0.11240039687042555,0.18723458735007256,0.8720914349200279,656,95,4100,1729,226,0.82
3.4695295243283955,3.124527260762866,6.565082998069604,0.23475447298406293,0.37453712266648465,0.0023067936278969637,5000,43,30.598917700956658,2,0.7207736295600937,0.36627213266186387,0.4827395408415468,0.09269520377948018,213,61,2269,709,187,0.4538
1.8210744336036464,19.382642127925386,4.420832776610757,0.2692479568336054,0.48651968939656975,0.8098722216188965,5000,6,22.11059676818776,27,0.9938940956083985,0.9493872004225148,0.14925817375746359,0.5631471646484306,6,0,17,6,19,0.0034
3.4840552687077198,4.613421243994683,5.264264726134969,0.3647275272599355,0.24290479700983483,0.700621110900809,5000,26,13.00736792529395,45,0.00625008855917588,0.8665039923432989,0.5044691134492851,0.6211775381859242,125,50,916,404,133,0.1832
3.290161400455829,20.207140534294727,12.024467742612394,0.3574184874495669,0.08139024819173296,0.784036206110427,5000,9,26.39319948608664,14,0.8650489025717132,0.5512978927882564,0.8531797203027137,0.9528846915180684,16,34,28,14,40,0.0056
2.4510239896959574,18.813217930766484,9.438372785239151,0.05681514305585705,0.49640198973943533,0.17535367962403176,5000,29,12.139921477217014,24,0.6276076759502259,0.6455584969277559,0.3592559132760879,0.014648198847496274,84,29,1146,69,356,0.2292
1.700160522101425,1.9063705209718023,9.667201619586088,0.2247018947453271,0.42011794012811193,0.6855863419622643,5000,1,45.246416100736646,35,0.6590889923311983,0.15015260835383576,0.029752834545350555,0.10985725127681505,3,12,6,2,5,0.0012
4.929607636548952,13.486396782559414,7.104888251596015,0.373281306201034,0.03027437372197681,0.2841861119860382,5000,13,29.81746854905729,17,0.8197728654271172,0.15571781302021634,0.35760507565864447,0.9712408038951251,267,112,3045,1364,271,0.609
3.78206306760116,4.050514350990476,5.653495234627947,0.3179158963485337,0.16635238400408145,0.48964104725484425,5000,2,39.757449420268344,19,0.35161526407122046,0.9855502918534068,0.43552360801629186,0.17913929881435767,77,94,1354,575,255,0.2708
3.4028801380207403,1.0287280072021423,12.372935084380245,0.18815278757050014,0.2909942201014633,0.807099890853561,5000,33,42.54494311606126,18,0.3803150475248453,0.5366600545627219,0.24277895213760542,0.5118886730340488,81,13,131,26,55,0.0262
4.8733083779597965,7.927079607981024,11.486508839474041,0.16149318705124238,0.4372840603185794,0.5150102509441119,5000,16,13.531913788126882,1,0.7373569501223091,0.8313429788535452,0.0645186067551247,0.28067313648354114,382,126,3067,621,286,0.6134
5.584765005318433,19.483640142595736,5.270193285158353,0.27991605426150795,0.2359205182829108,0.7927875833313575,5000,10,42.60835687729673,58,0.28767311639664234,0.3584891997424678,0.5914471437450498,0.1731930045447774,54,72,272,82,95,0.0544
3.6176250251130035,18.448742833340518,11.767651676732592,0.1730889095231886,0.27319877150677285,0.027464911336921197,5000,25,36.856094796958196,48,0.08431115239302395,0.1166362695833227,0.18892436500956283,0.8464316328439654,995,104,4561,990,191,0.9122
1.5233838069930155,17.212082923255252,5.213026827922187,0.10474070720774437,0.5364251703654745,0.3000700089874929,5000,24,37.21625694303086,28,0.17981590245165507,0.24231735589381806,0.6120970253111738,0.5097692727038772,37,45,166,20,71,0.0332
2.4911089556479933,10.576098543837281,13.889961385662629,0.32935201796855473,0.5216217825892111,0.4106014401849452,5000,3,44.09450678839357,32,0.7975892490309775,0.47217140450135975,0.4431207309394324,0.2313104789992596,13,43,38,14,81,0.0076
5.828204082572857,6.7274647618736605,13.458447892475405,0.2187003211754072,0.5180703887968665,0.005170656052762368,5000,43,26.491974128676926,30,0.047819527733277,0.26940848860632166,0.013417242004959121,0.4363809887809841,2846,41,4907,1457,84,0.9814
4.361026000351702,18.73532074689697,7.692886410813646,0.2508577797285871,0.012075506883229895,0.43293081818051743,5000,2,19.470258574857993,10,0.6402893047262495,0.6730777911199007,0.026672334585116718,0.5594112066996985,230,243,3518,1087,346,0.7036
5.009895796438466,15.006829698467202,10.052162621530353,0.31172406449932766,0.29740065909450547,0.19313718252223144,5000,27,11.971932460108931,43,0.5833156537402862,0.36374333810873194,0.3409944311739686,0.28732966845772806,827,66,4130,1564,221,0.826
3.366400163800905,19.21926211463848,11.555934100036128,0.05535474858865173,0.48666325332462196,0.29800648797294954,5000,16,17.641432245654443,48,0.01217374664783612,0.7939172051038951,0.5949746227958751,0.26524567384219483,119,143,1809,109,357,0.3618
4.19863010843753,9.096786863302926,6.518682317037876,0.00992139097480197,0.5540176573592933,0.6458193416608897,5000,33,39.68825114538679,27,0.34325551922276554,0.549557826722443,0.1945673423103346,0.3513500965926284,176,60,2136,29,278,0.4272
4.904369433936066,17.31888446845658,7.227655021792939,0.06986857000814355,0.5932383628566419,0.3421706117583362,5000,12,10.042558777727063,3,0.11605267999240906,0.21986581795240187,0.352892360074715,0.936896281705108,600,136,4225,360,236,0.845
4.4126656084201565,20.425884214988425,12.56547825058276,0.3710573448980967,0.5106836408416262,0.300858951154633,5000,6,44.249132505891765,11,0.7367978423773475,0.7252167560403477,0.3210897509532367,0.057260517990210376,188,252,2417,1021,353,0.4834
2.7714713667415816,10.90839745855361,4.834227299713459,0.205502042262657,0.3781026661489481,0.7547431673359803,5000,32,21.483363661758826,4,0.2016918552044436,0.008885372606608372,0.7914425208386033,0.9940087817527887,95,16,241,75,72,0.0482
4.889470689109615,10.062311853579562,9.115925377472411,0.018101026121735708,0.23999973580660258,0.1568872924680066,5000,44,11.670135128292944,37,0.593155842392168,0.8029263740527759,0.2716999826720487,0.7768242128925582,1468,49,4480,117,139,0.896
5.972874298266428,18.709379371929256,12.3375052765675,0.37640099078965994,0.017234228805806776,0.7240429793691645,5000,7,19.67960232267036,33,0.08190221394547445,0.1403554963637856,0.42669034916389464,0.3269950649470861,61,208,1162,512,359,0.2324
5.322394309980938,4.253942155926582,7.267430316677015,0.06868986080798677,0.44930223007897696,0.41938400752818544,5000,38,38.9287841379495,34,0.46436973117558955,0.0037768149551576165,0.331357179894592,0.953995534758279,2447,28,4894,456,56,0.9788
2.951205629047884,16.903346695182805,8.227098507879298,0.38742653001406396,0.24373556034805377,0.16071499722934712,5000,5,34.89224777427219,25,0.4535744507349923,0.8176248220751869,0.14704820643236224,0.48046116022998525,384,157,3568,1721,322,0.7136
1.4579002799869432,9.84414156953005,3.9969865223560013,0.17819211656866651,0.3152260426205364,0.3910704526640608,5000,13,11.680175770725933,25,0.8832187972549344,0.6710948489252817,0.8118370399849499,0.42873509556864775,21,15,81,17,29,0.0162
1.8345843335007068,9.953470705569712,7.755694691711487,0.09151819728503154,0.1349793507589019,0.08912337477579628,5000,39,41.423348667066975,42,0.44500344675506215,0.8426547588519977,0.24462861156501522,0.3646380828023288,239,48,2161,250,253,0.4322
2.671047046138389,20.196406244465788,7.151998074751063,0.24871755395318182,0.09440775769350697,0.8453881246267555,5000,25,38.832330009795484,27,0.9596077366180976,0.7033156598210323,0.3796882562683266,0.8668655121716977,25,0,49,13,44,0.0098
2.462666253966157,15.126840344897857,12.107742869682522,0.07659780179120351,0.09127142977624525,0.8925956101453598,5000,29,45.31486606013048,42,0.741533445790822,0.3505068692608668,0.586464975037534,0.9682411465899348,29,0,56,4,56,0.0112
5.877674591982961,3.932340376224923,12.183369973037856,0.2452194345280567,0.218752828301546,0.1860423028558929,5000,14,12.145810181832049,30,0.7397496841132128,0.8537027592609615,0.7293594703188894,0.20433926482421458,2774,34,3882,1184,91,0.7764
3.003219361665167,18.043777507043526,6.744250078169804,0.033716194209244314,0.4583125112620501,0.06075819543017407,5000,13,19.923670015026502,22,0.5252865800600163,0.14418081311716086,0.6362996635183137,0.6428081174806268,49,26,238,9,179,0.0476
5.861506282385969,20.348822162017644,11.378591117395217,0.2037983077561319,0.5410939591784366,0.39806190691874227,5000,32,37.11686269645422,38,0.838284995193004,0.04629621824245447,0.47434584968792426,0.5358790262592709,805,59,3022,768,297,0.6044
2.388366352874259,3.5074222934924073,6.676900403007979,0.001878934165156123,0.02409903007533237,0.37130259611403443,5000,37,45.36854413452194,8,0.6838844784356338,0.20778041515727097,0.6960646327311177,0.13356373321158066,94,12,192,0,47,0.0384
3.49805384490828,13.98524611424521,6.4513713318435375,0.3299102285245361,0.5760004674197556,0.6588360308242613,5000,14,38.38425340507348,32,0.7867523228307373,0.47431256886209533,0.7430782714655944,0.050429607731407804,35,37,107,38,56,0.0214
4.408638816737918,19.865657524124874,11.203025343858949,0.3515869330624624,0.48331589953957166,0.11855350287348759,5000,27,34.34252784084275,22,0.053861651327854934,0.3302100707387436,0.4367146214589953,0.427788871268179,759,108,4331,2025,238,0.8662
2.57519135951491,13.507185505371666,12.143262414155013,0.06829370523925049,0.18415189016036315,0.18905628080145903,5000,3,30.491206341012354,22,0.9170927984137128,0.31464903488399243,0.12660088141063017,0.9003802308341384,12,59,157,12,342,0.0314
1.4901968247194124,14.59366036018104,10.966856079504712,0.10823287857337285,0.5801475022918727,0.7666209876196078,5000,23,24.919777435358235,15,0.34472170561378174,0.08753318689552277,0.8101769643892378,0.596649081990602,39,26,69,13,53,0.0138
5.195560552988763,9.590570940256931,10.748454970235713,0.3872212215133637,0.15623580512514607,0.1895678443947981,5000,29,24.638037830495065,25,0.3436678259699634,0.9419796675605792,0.744802126703014,0.12063126474115891,576,35,2213,1030,205,0.4426
2.311539082650845,14.605600154436544,11.884687399359821,0.3964218109145261,0.30225694463438124,0.2158790637598915,5000,13,29.111072083707583,15,0.3488285711908344,0.14956266440694072,0.613387012924684,0.16445474190141837,33,27,156,79,182,0.0312
1.547514623603262,5.009995678689068,7.832308260611219,0.35524721585796004,0.0008533448142444437,0.35982996725456134,5000,40,24.761736180426215,46,0.27445898748995246,0.5588918945671041,0.7027901237967492,0.3385795197328988,83,52,452,218,88,0.0904
4.4465087107678425,6.313523862433838,12.654573647493562,0.23670456713705468,0.5166229682581378,0.8557594538126977,5000,20,36.60642736262176,2,0.49173951304527763,0.2901187972934926,0.7419712102107153,0.9356479753250208,37,11,43,14,40,0.0086
4.6738892940455115,1.4732802930106184,11.223499996380204,0.08737896965742034,0.08656302089891613,0.3285798313038389,5000,34,13.046013258741997,30,0.3388336307792644,0.4145024766504961,0.4041786704700102,0.07072274068560559,2674,31,4426,531,83,0.8852
4.157947578273558,1.558414028828462,3.9425372576678166,0.36302634760924424,0.09811696763043705,0.3681721253277023,5000,48,38.47354304487231,32,0.7670911177238867,0.5442163654085549,0.7423666594872916,0.7901501679202889,1428,17,4551,2150,38,0.9102
2.7278277963993824,20.358314379732498,3.9145256812401428,0.38005634364867286,0.0629039069200976,0.5187212103143798,5000,25,30.64134142928222,47,0.8559497513462034,0.02906652956400402,0.20549941788219728,0.6587895658783767,174,49,818,394,108,0.1636
4.524892928008605,8.549727361028735,5.438844119297991,0.22557236304904862,0.3104793036063755,0.4075753463317135,5000,41,15.330787621254355,20,0.357251461818027,0.29114231663142,0.6391787335361466,0.6712511707340717,519,27,2138,619,150,0.4276
3.833027210075465,9.912022124334712,3.3351791363515755,0.34865320718104403,0.29829961230877533,0.05486100609579008,5000,28,15.144712686005555,57,0.40969250961016573,0.6442008885618873,0.4418130095926671,0.3842590256898157,1407,38,4833,2269,69,0.9666
2.4595485847485827,3.8987486212575426,4.243791209532515,0.33249841449347317,0.5315396827575618,0.012742428970238154,5000,37,29.37163609413989,48,0.6013068729310769,0.5822320505051402,0.8682092387147615,0.1454675760775264,1169,29,4568,2016,57,0.9136
4.742284061900463,16.509024137116285,6.929449273683584,0.1582533430213296,0.32388671471602903,0.8338346162686776,5000,19,18.2670165496466,52,0.832488861084153,0.7470495924281307,0.3867009440532121,0.28106451189578063,19,0,53,13,61,0.0106
1.1627526202783958,3.5135932352767307,12.637529152747184,0.38296341366754233,0.46190655385672175,0.5279602976997277,5000,11,20.338338632796376,0,0.9852948306215064,0.21599375973470064,0.49946315266246316,0.718305142671567,11,0,15,5,27,0.003
0.9299197781430879,6.457384850489513,5.07477696782407,0.2209657602535934,0.5556926280988465,0.5825302017538867,5000,46,23.985326624054117,39,0.8068057056765351,0.004705788840047294,0.5503367178032835,0.9957136739867809,92,38,510,131,73,0.102
1.5043713776514176,5.5913741014099205,12.487974834485724,0.16540691709464905,0.2059437113893244,0.4062381421891935,5000,40,33.39761825450003,8,0.3830129073688989,0.6168290562264789,0.01145817207052599,0.3472324165985953,64,13,328,76,195,0.0656
4.642530248808497,17.62129617271558,6.6820775917583894,0.06722914960367483,0.5723375387427022,0.6983606217993893,5000,36,25.498341361551155,54,0.10624586837146743,0.598145579662087,0.47101962396978714,0.14481731800853245,148,69,1147,97,288,0.2294
1.3952199249028268,5.545357220998085,10.750582649731774,0.13417623744751217,0.3914658758811324,0.694429298077841,5000,39,42.0527052598526,6,0.43220245316814976,0.3069543264098036,0.6880212424537585,0.5556716993372562,59,11,74,16,35,0.0148
4.651999182795635,17.523492388546646,7.687799722970333,0.19737540596860137,0.5559047323946524,0.08290706275695571,5000,35,18.78482711885952,7,0.6424439705613243,0.4313807761870595,0.4968442196081542,0.36160933187348815,322,115,3261,829,306,0.6522
2.567862582647372,18.319450891609158,4.62530747041343,0.17912624506992303,0.5358508078372154,0.2759589453978992,5000,21,21.15738765285812,40,0.4745213678262278,0.44672817996892644,0.5266054072676087,0.4811644771010645,105,47,632,136,173,0.1264
1.1884950374107839,10.320590725224497,12.747998612641137,0.38648871737412144,0.10819554770959698,0.5082689653900958,5000,42,36.52445637349541,38,0.18893753569156888,0.9456783243635535,0.7691344331702188,0.9995472519226055,46,13,119,57,78,0.0238
4.285848015622803,17.495345825508117,12.999216598729236,0.12964992484798896,0.3632498278656416,0.01529240676701356,5000,17,39.95426957317315,2,0.11165683665581842,0.6176132324774605,0.40719780945557155,0.7208147790414754,670,123,4318,757,285,0.8636
2.47534850163224,7.859999674246334,3.4341095331772116,0.18744809128874773,0.4823640033467911,0.6917867178144244,5000,6,41.70854690521681,53,0.5718441914632346,0.5413453258222073,0.2384312594939826,0.09973737950403945,16,54,133,30,67,0.0266
5.73179409912675,13.510701506689577,8.863581807022445,0.10155978876545016,0.40769693856638917,0.15877398152046163,5000,4,29.247603276000667,9,0.5905899071149733,0.6686735737432302,0.3675252026788547,0.6367195979612456,613,117,4090,551,228,0.818
4.634143245957831,5.438789975191172,6.994521203024335,0.005518335679157922,0.07654633290581765,0.6410037671383503,5000,35,44.70966471588443,57,0.07904372063266797,0.9405251228774545,0.22626512769779658,0.9832301783294384,535,61,3252,20,133,0.6504
5.899442828551445,9.382989974370293,6.206181920695887,0.34477031207051145,0.01881553562463124,0.21140339452398568,5000,44,35.12624747837272,35,0.06140821098431782,0.7243978505633912,0.8998336489562258,0.37893774670039765,1775,43,4245,1889,79,0.849
2.7327897798934164,1.1343848740508218,4.043775361550494,0.2887111090748925,0.28192359832236047,0.2580019583789476,5000,12,22.92107479101135,30,0.31770688411820297,0.6153227655286563,0.4382340492539019,0.19489154538652317,1462,26,4309,1592,48,0.8618
5.220583448720803,15.875899405526908,8.73398882648133,0.0026532784499240123,0.5202283533735433,0.25252040170428036,5000,7,39.97901580993694,55,0.10872861520211702,0.12156793221039357,0.10779088861476732,0.43167872727933887,1161,87,4706,29,163,0.9412
3.311630949861467,18.90068034969516,4.013550098847192,0.3689917263933655,0.1737530562319143,0.04595657618815909,5000,14,38.78049685454822,14,0.4998738964856679,0.9836178422013339,0.6301088904277755,0.5742402290506647,83,91,1499,704,311,0.2998
2.3020141473414766,2.2041009788828676,10.71869711476017,0.09817438983310618,0.19591162687064004,0.6190579325762005,5000,13,25.75961327256183,23,0.8162868566103736,0.7917697599174616,0.2370656930628645,0.7618080767306883,26,11,61,4,44,0.0122
5.417179243051658,4.924089417112631,5.445744457334504,0.346157434711777,0.5394921764056175,0.7812883027454304,5000,35,11.208726942412257,53,0.05973789619387462,0.35417131384586664,0.3962373856462178,0.10494027838131915,337,56,2404,1032,106,0.4808
3.999707847714883,6.069184745917922,12.14760742904071,0.3242938012510932,0.41915893389758846,0.7458116227235161,5000,14,13.612166371191593,37,0.49481232947832304,0.4525881734568334,0.3046153339214546,0.5327804732386131,52,44,234,92,165,0.0468
2.5529864602101298,5.902024922727668,12.85739364885585,0.2516856998456131,0.5910277972895402,0.3940272131680326,5000,12,34.989776376081565,32,0.8385122541832728,0.2841809061317746,0.33068280780771714,0.8265891944438009,91,40,330,107,145,0.066
4.395313673294902,1.4349624201388897,13.117525940000384,0.23737329821017555,0.44524762576798277,0.3946910942857375,5000,2,42.48323831914394,3,0.09251508896671959,0.17398751830959847,0.6399332935231805,0.6720031091981933,5,10,8,3,18,0.0016
4.189938245522858,6.799677858732467,10.801802936719067,0.3458029593877794,0.544847754373546,0.615424117009271,5000,35,11.536574223342996,48,0.4206956524961196,0.11832445246887088,0.14602253729213782,0.4785607231933606,640,55,2962,1270,173,0.5924
1.866279311813194,17.94707736537118,6.0016919968609335,0.21809445323761367,0.2531548516388266,0.17329354988751947,5000,15,28.450386329193908,8,0.05721137789107539,0.35100867461659163,0.8658454221962373,0.8973224094138206,33,25,63,20,45,0.0126
5.797534609022757,12.879176767111424,9.301669725706667,0.3201521845383042,0.4946581310192786,0.4574919867585715,5000,2,38.88825779254131,2,0.23630087292576146,0.23418019613543392,0.8039636660233653,0.29194545206852546,2,0,3,0,11,0.0006
3.2800610616289747,5.061439687948357,3.3013345828758904,0.07943157740140006,0.12677228546364597,0.4222013950402957,5000,38,45.87232983209379,43,0.23306507356959802,0.48297058221864547,0.8049382374272976,0.6702217331310351,781,35,3953,401,64,0.7906
0.977360111393902,7.755701693306996,4.855855912120641,0.15996386761111778,0.42394406073305385,0.8743827390668643,5000,38,46.09057939422059,36,0.7902602900040676,0.05348672450614647,0.522926884079051,0.948660848317074,43,13,146,28,44,0.0292
5.942921005598855,1.2853712703376634,10.549019135891061,0.11042728514297254,0.43416821230984715,0.9199486510764047,5000,32,47.34893535087491,34,0.48981027518010034,0.6228155044848704,0.3488257765260848,0.7336356342588394,55,11,76,10,40,0.0152
4.545876720933762,17.206447453259113,3.811863575015809,0.0714145489665674,0.33757068300927573,0.699091445873123,5000,23,21.009943931131257,38,0.028536182684958174,0.2565996048977373,0.1169843854684437,0.04617902425675132,214,105,2928,272,259,0.5856
5.864167657773271,6.532623620236992,9.381077616183166,0.1335386113655126,0.3841217574273729,0.023953184723293046,5000,12,24.643533541283652,13,0.5317089073351208,0.7050921769720098,0.059833934449291803,0.38006624704665176,1753,47,4797,816,98,0.9594
2.2100599535689813,12.50291062764899,7.24345223278266,0.006731484472486828,0.01053833829163267,0.39886427806204483,5000,4,45.69868259884407,45,0.3097198972800867,0.5165473555389619,0.18422231952570453,0.4845022560412462,50,257,1010,4,355,0.202
2.0139780665192073,14.61772742088377,12.933379594624117,0.0640446385807447,0.32316666960120755,0.6280244017760361,5000,20,38.17871619657096,21,0.3799971336597841,0.12296575107533662,0.49014097594243333,0.27978637778149146,28,28,59,8,71,0.0118
4.483275534195427,14.99594737305872,10.844908905378958,0.04732471298249785,0.25608064453195556,0.29888531388454076,5000,12,29.417068513304173,19,0.21476881354569996,0.4323454975168098,0.6992263870428435,0.9314043265535128,67,124,1302,73,361,0.2604
5.958765283975663,18.910983853292613,10.023585822327497,0.039098604974293474,0.468306577768597,0.7624945490877206,5000,18,21.79896300058812,47,0.815620918558562,0.8186313994989103,0.6606358172413408,0.21242558484212848,29,56,97,6,98,0.0194
5.785814122413626,3.8171342823110104,10.097824471786026,0.12105058223082708,0.1247265657777549,0.23820561595805725,5000,9,18.494899711955163,43,0.630371237231027,0.7347999348245026,0.12102152230556627,0.3253151070382081,2698,38,4805,772,85,0.961
5.44162337492176,1.708103398597438,9.806744384888585,0.3208299198567566,0.5501222381681055,0.021682415772664495,5000,19,48.16625947552226,4,0.3548409778131343,0.671764826963961,0.6232211601242161,0.3577835214205016,1170,38,3860,1605,106,0.772
2.3099073056159076,8.628284831790246,9.590912560313512,0.1741188932224338,0.3873096329363973,0.7655144509067133,5000,43,38.69815823241992,19,0.8027594653167175,0.1479802772370532,0.011011684537842787,0.6466172769594516,76,19,228,55,94,0.0456
2.4470298010560994,11.260336236181352,8.48609334825342,0.17237676108673694,0.5534890544064412,0.7495604903567145,5000,14,44.96956765011157,20,0.4406296264829771,0.9260030353899781,0.7737192396682419,0.35824918786315696,14,0,25,6,25,0.005
3.613754710965555,13.930766739908536,3.0500116190961926,0.3716095064592066,0.4402080125455831,0.31020678337913,5000,30,18.76331383911323,40,0.4247966757265697,0.6073331926545837,0.013564168638325352,0.5955816989237256,935,67,4484,2139,109,0.8968
0.8689937142949198,19.88724884208128,13.382085472492404,0.10160541463661743,0.24810368159346943,0.5732798877300553,5000,13,40.88611297968415,7,0.7261733673407365,0.9923181396028999,0.7260190526694651,0.8876294733576219,13,0,16,3,15,0.0032
1.6893879738196091,1.8117328852078576,9.600334767916785,0.11682155244645427,0.24489068841334455,0.5809874972217881,5000,32,11.910519128242932,11,0.5959868973327923,0.13566861866412538,0.6007395369871853,0.14387022944994968,98,10,147,26,40,0.0294
1.9022729660436284,11.950268299971825,12.81721087938965,0.016622159082672262,0.1404751405439056,0.5111935873884533,5000,44,29.772909258954655,11,0.2686991704443981,0.9210512615482774,0.1329542264219309,0.20921243965295228,50,13,212,5,272,0.0424
5.53287404582424,1.2078612458529243,10.61619245102263,0.05274495872779608,0.2609926213421015,0.03823067240351065,5000,17,45.151756997456765,45,0.8281538972314325,0.2392153840718975,0.521658740854172,0.4123768814639591,3565,26,4914,352,55,0.9828
5.734133925552912,5.6224159382298655,7.181005772443353,0.10047099001598084,0.10544903660693879,0.3089066378343754,5000,5,34.8584207417088,53,0.8520000155998837,0.9652772860922055,0.600850559368469,0.8832089491037839,1854,48,4758,588,79,0.9516
4.276520308245585,17.504555777512618,12.607491796434404,0.31196758283954584,0.1649838884307484,0.4137436357638528,5000,43,45.3265491488787,33,0.2371347244873145,0.5004012690842874,0.8085751079120538,0.3314644848717659,277,51,689,272,148,0.1378
4.519329294820371,19.167208861623582,3.847041050438968,0.02947847563411341,0.5428924334431604,0.0037066686115255327,5000,47,29.06382838400727,3,0.10667050521679462,0.6055126757918956,0.13023524000799347,0.6516584375478846,1352,68,4790,166,79,0.958
5.444180943725976,10.708323507273523,8.663162775495312,0.2334404914376055,0.2576421391981212,0.6176014571017227,5000,14,32.73805740887611,52,0.5243734022612587,0.5501561915726094,0.7840550031071364,0.9319335695518763,305,63,1033,294,136,0.2066
2.134820915210515,17.897477583286307,12.523682730302637,0.21025765898347665,0.5645605055343901,0.6954684358918195,5000,46,12.75758818499699,2,0.632737092335983,0.11943344263314978,0.7710817849961881,0.2754870558597211,46,0,87,19,75,0.0174
2.1570483953179767,9.66601224450551,11.909216083663688,0.2768346025050947,0.5008810773462914,0.044175751184652744,5000,45,32.76314452958083,56,0.1049358126399293,0.8818751702278604,0.478482156328477,0.5172700261450736,770,66,3124,1039,178,0.6248
3.0781076945227825,11.853301179329197,3.5455477602759293,0.24243256260122653,0.060815079228820054,0.3238442587192162,5000,40,12.387708358056072,51,0.5077669748328738,0.07124753996759252,0.04075472585025773,0.4138477826274897,830,59,4097,1260,119,0.8194
3.148669643215735,17.570902396853057,9.483815139014075,0.20088299095309373,0.07116538514389825,0.6871526909493526,5000,36,12.567332755739784,47,0.4133985448881965,0.5099545909270723,0.26833339574149817,0.09628749252780107,53,52,349,94,317,0.0698
4.763050316842674,10.07734715497908,5.728341974841552,0.13858461544412423,0.19827118488406198,0.725600364721676,5000,21,12.433498287165197,25,0.1876788831684493,0.9099270389063776,0.056065207935768746,0.8397157182651289,117,136,2349,415,326,0.4698
5.324821951182447,2.3474022452883077,3.344918466030555,0.39080580401161963,0.09856238371111573,0.8147280143278843,5000,50,32.78283272342527,11,0.49344651501677983,0.8928460543857737,0.3474579489733669,0.8058625220411701,110,14,518,244,49,0.1036
2.809903042277063,16.642761016738802,7.249038772606064,0.0069506117955978955,0.07267201137199575,0.36810099881192204,5000,47,45.083887860475905,30,0.761479163936998,0.34399005373808567,0.8710125908032549,0.3691795932975554,217,47,501,3,82,0.1002
5.425879669898063,12.454924165759666,4.611038645932558,0.11927146478464429,0.1966898502138155,0.04031966872523463,5000,42,24.112034439052522,55,0.16824621624291178,0.19966359030211794,0.0003556210995520217,0.6439797811118708,1689,48,4922,792,71,0.9844
2.885735301796762,19.61177859924711,3.576834980547756,0.2730219758941305,0.42060057979871107,0.8813676774196378,5000,3,43.88949946063529,44,0.3550660681596601,0.37918552954492374,0.00831400087594282,0.5899382624468177,6,23,10,2,10,0.002
4.061312360057599,12.498390985373463,9.875748372493593,0.03662155945251199,0.24643799852696366,0.8045399311279697,5000,4,22.325292236184133,39,0.3745756589932291,0.011954891566185373,0.26665280366868466,0.7478968723785028,171,98,1541,83,242,0.3082
2.919977760099357,7.823312180692188,9.829390387024091,0.010980350790355184,0.07753438137463885,0.8205570009973938,5000,40,14.816982405626785,5,0.04097962618394592,0.8048479400939966,0.5957496328861773,0.43787994685422493,52,10,86,1,61,0.0172
1.1724092845781398,20.80143372887393,7.819367075250196,0.2430715321040422,0.5295229408825055,0.04521466612866361,5000,26,16.67989753962611,47,0.31832144230352166,0.08669430226196355,0.2884497493977284,0.9504342133706154,49,57,414,119,340,0.0828
3.682459664120021,12.257797445475443,8.099191418333472,0.11006372937114638,0.40017125731915726,0.03274446250264801,5000,38,10.23151869125664,13,0.5413616219684867,0.38642237627838866,0.11513532428344093,0.1772893091435767,907,75,4419,589,179,0.8838
3.117055819717308,12.3207605672126,11.917113931100376,0.036997607793685015,0.4326142702300793,0.9189139246688487,5000,49,18.645225419202347,30,0.8782522534361172,0.10833608053040555,0.1052243629859914,0.011674920305712487,116,25,221,13,77,0.0442
0.9393305781626449,20.391631481501516,5.937993610636884,0.021609398213749808,0.2728881427744835,0.30924826762289287,5000,9,39.46596926017572,59,0.8093759064424526,0.39869662922959487,0.5830100747857703,0.9888398218514662,9,0,35,0,46,0.007
3.6747204958683772,6.571411373695623,3.3127687028254877,0.32174353521339916,0.39353498000759574,0.15647558560335195,5000,10,48.0985961719015,34,0.2730097318992603,0.0992378993675472,0.08184034288779232,0.2975927789696207,1289,39,4678,1992,69,0.9356
4.710903475257417,6.100163271039299,4.174809546177515,0.3627341759784236,0.11822255784287272,0.8008476799506465,5000,12,39.16201615150539,21,0.3048317906133454,0.10152643292527899,0.8830981415918279,0.9553736563935461,165,21,472,210,44,0.0944
1.5559062124605605,11.328936354152262,5.638983952242489,0.22425450828463572,0.4782593039785857,0.7099755059754583,5000,46,26.966100801752937,33,0.780870280092209,0.9709235973889048,0.00603123734631875,0.018068565068305058,46,0,112,39,51,0.0224
5.7236518601133195,7.537048772264171,4.93593945387456,0.06316502842188573,0.44067669250758146,0.44762596621314726,5000,22,45.06951933567628,58,0.9611895554264184,0.6472993491065236,0.6468823756176608,0.13840900035447976,1089,44,4673,376,70,0.9346
4.468021656575449,20.02724991339265,9.034038206710736,0.22129295271776656,0.216964553024687,0.3582106283428979,5000,22,34.90604907752606,24,0.5888692563343743,0.8803136933359113,0.07417997873383197,0.6392393905823927,510,134,4048,1123,275,0.8096
1.8075532810497197,17.26719893815807,11.625829449488212,0.0353747809200037,0.5376352085890154,0.8229139259399605,5000,7,36.264972723090104,41,0.20895910941226759,0.4776719819957317,0.5493722071459226,0.8222755038167269,7,0,14,2,33,0.0028
5.530963636067206,2.608880643328807,11.56420651844473,0.23136924007308762,0.2542371339592342,0.33653977694195314,5000,33,40.83223794990468,1,0.9389049998918141,0.838577626075069,0.21444394940045344,0.015478158407815842,601,66,3243,974,176,0.6486
5.3737791370678165,11.042699602291165,13.596707703407054,0.029297554508623588,0.009039065290843225,0.08173294609107185,5000,29,20.251793251748325,11,0.8737250491745169,0.9328988300683505,0.7957055227098574,0.25022424423255324,143,26,371,16,145,0.0742
5.262616716864058,7.42249455974717,12.586194327058454,0.38172231355932296,0.11664005552520039,0.6165128682759261,5000,21,15.72494843873694,32,0.977786144869186,0.5717538862880236,0.1522064244842478,0.7346427760151725,213,40,1189,560,233,0.2378
1.4837472334647896,16.018332702859233,6.838269403931955,0.11161699430635186,0.2028280670386717,0.9367986630264707,5000,2,12.448604986773237,1,0.6883380228567033,0.8104987046565957,0.24079955617692006,0.6869088142956601,2,0,2,0,8,0.0004
3.925736604121294,5.565110582855198,7.116110181786415,0.34731495529238676,0.29567737686566725,0.04087087689999606,5000,14,43.149451648009304,38,0.46955971072538144,0.5558168022239193,0.15338383659645857,0.18634505242905483,1839,42,4710,2120,81,0.942
2.360699267173844,6.629359478846294,6.545980539735836,0.06105641812013121,0.40264540696885587,0.17369707695430214,5000,48,17.721823658485214,38,0.728603037183138,0.005735288722824516,0.1333391586936294,0.41794961557072374,923,45,3735,307,111,0.747
4.537620657349991,2.787075486623335,7.402251618508096,0.035914641033009474,0.3917011763604478,0.48187568572741246,5000,49,46.153755800514354,57,0.5149804452813289,0.67233118935135,0.2813923156733161,0.13135740101014526,1588,33,4480,206,67,0.896
3.7304244246831884,17.564096205954755,7.666687778546192,0.17649223330851108,0.5937357106960836,0.23692367502916342,5000,49,30.874370800904153,57,0.15272288358149214,0.4180568056819065,0.4844735466035009,0.06402152891210157,965,70,3918,900,196,0.7836
0.8771141983558732,3.2122845101540616,10.944335464868216,0.3439188319308648,0.11772150328280818,0.2939813493607743,5000,50,17.334790723982643,46,0.8194850514498385,0.1656113209907644,0.0053814351272906576,0.6648769308894384,82,11,175,76,73,0.035
3.3183160635059297,16.755990635358554,8.096443871012223,0.07563726856595318,0.005200809298078796,0.30390850929174845,5000,12,22.061854828640836,20,0.14489075495256817,0.7940668693834355,0.7844970663495974,0.16753384324195827,44,27,158,24,135,0.0316
1.824840431929844,13.368316309623737,5.507957384475224,0.32624962153985576,0.12834781048979768,0.33132013653410536,5000,1,28.772006390290997,11,0.9557845307825112,0.34697220045706506,0.797883011406128,0.3934693210237647,1,0,2,1,0,0.0004
5.980767714502883,2.711806257082273,8.960431565739043,0.15975239054684412,0.5485241261940234,0.8693066925596842,5000,34,24.537884386174863,49,0.42717643901296587,0.9144042601164553,0.3749462379442829,0.6908386765843569,76,42,399,65,87,0.0798
4.719944448511056,2.0241317760319735,8.111036571651407,0.09860382056844712,0.30241894917015505,0.05450712326014176,5000,47,15.098875796488949,54,0.965845739788026,0.4808358596139052,0.03894606176220384,0.7847716857241951,2891,24,4882,643,51,0.9764
1.286748603971728,10.680453319051946,10.898571356734369,0.26642511145952874,0.3977426726440852,0.9164051001464503,5000,13,41.88398823246701,57,0.8055539598778519,0.38832423219451745,0.01803379960210783,0.5862216334983348,13,0,17,5,18,0.0034
3.128963652312396,13.924979504036013,11.497983940508966,0.32315751353332756,0.4138730507613693,0.04256003235808375,5000,7,49.05845261208951,19,0.42044924994726535,0.7754104029458239,0.062368343761987736,0.737620165237836,685,119,4214,1790,260,0.8428
5.6644852604918885,5.296706564467426,5.598667190513452,0.3433540837955274,0.057733957813816454,0.4886640089525391,5000,28,19.8500982141311,54,0.2443628964370274,0.7906902999146631,0.03921920211147621,0.0018360795382735202,1216,39,4670,2074,80,0.934
0.8362307671554127,5.3626207614485,13.759859184947986,0.1411829992464082,0.2839144798935536,0.6661979684305942,5000,39,26.604139313895903,22,0.7676668211449539,0.8956776138800356,0.861992871874319,0.2596004129548124,47,13,58,9,39,0.0116
4.279697767050081,12.032352669895928,9.549625119960918,0.07436180334624413,0.49673507158437696,0.008398536468631758,5000,35,11.349873333204627,15,0.1699604813083582,0.4731121998857133,0.21945939849603352,0.11467454359096745,1008,60,4650,388,150,0.93
2.5160403226499652,16.694416826319674,3.3052595871148926,0.02577945666510529,0.05955992597795248,0.05309451978784988,5000,28,19.53828124914463,19,0.29869435134919736,0.23681040860074787,0.8816653502241266,0.4474528081698732,91,22,205,5,42,0.041
1.6830251808241408,3.1546796700407245,11.88115545260783,0.31408078139620915,0.43070576045403564,0.4591983304529165,5000,41,25.646000012389816,50,0.5108764786123244,0.5520838220047715,0.5676933611020467,0.5045205765286667,73,12,295,124,77,0.059
1.6760016616286606,14.906029790419893,4.553232822801886,0.2736148402585083,0.5278387814175409,0.30214508907531895,5000,18,11.478221421594277,6,0.13377603907119165,0.8599879258546994,0.530281730570811,0.5271264835862213,28,20,83,32,46,0.0166
5.069755995941365,20.049212807036227,3.5967589923876515,0.2715048065049193,0.3338044298336031,0.6968072855525226,5000,6,16.041521888959792,49,0.29301759839509606,0.858302327096111,0.4747638525934728,0.31953854946614235,39,71,480,155,215,0.096
5.686580569917345,15.187702332815427,13.90192440673923,0.39888918080493146,0.4223253452672362,0.9108708747390574,5000,42,36.08868950213161,44,0.9383817505134346,0.9340162724585742,0.6180345081125284,0.06128088771400624,42,0,101,47,85,0.0202
4.090915122505033,15.049080206307389,4.448425339862114,0.07483141031641627,0.5380622820969678,0.0754278751944367,5000,49,31.29066319995145,21,0.042877145459551826,0.38339175936146536,0.06035869056033461,0.8166090121617371,1423,58,4825,503,97,0.965
1.2279585072956047,18.590019782842646,5.161572840358066,0.2969817617017811,0.5788837430692907,0.6120761220839835,5000,2,19.193550834739845,14,0.766474170972987,0.6037193643192962,0.043889701696441935,0.49363127148633373,2,0,3,0,7,0.0006
2.719741193075434,6.648321674268132,3.2281743191293994,0.08135395027882442,0.09360582508420225,0.4904184995891868,5000,2,20.27112017026977,41,0.2946346300154082,0.4794581055702621,0.46750090812064465,0.6406062909983016,13,50,107,13,75,0.0214
4.081261996744778,18.63500664361148,3.2776193936121087,0.05635123602812297,0.04623749665066307,0.6491888426015621,5000,35,12.293695801259496,40,0.5175226232737142,0.7554067607234433,0.08876024269684225,0.928949412631463,166,129,2407,169,305,0.4814
3.293909914477563,14.948836210246927,6.467411715533263,0.09408849286319661,0.3700080837210349,0.07575313414548294,5000,36,34.00038575314587,27,0.34545873220489515,0.7742623502070394,0.6244141799790002,0.5986722072674773,422,41,2701,314,226,0.5402
2.7747949072261147,18.034806608475947,3.399578224122806,0.33422870627822104,0.11973568225218599,0.08381265090431456,5000,8,20.391792008739174,8,0.7697847251342308,0.4997834258909076,0.13141747566555034,0.33528393636986276,230,173,3225,1355,276,0.645
5.8527693037309865,15.622622087677597,5.0469172344428355,0.32946056702058757,0.4802788567733087,0.23013228997980292,5000,10,42.99207078530501,3,0.9035553229004727,0.9537228899948033,0.6170686224975054,0.31346197840895695,102,139,2019,797,341,0.4038
5.500189113572597,11.001295564150618,3.939302890047465,0.19559195713214927,0.2361297246068037,0.9408022914358405,5000,6,14.944986441070562,32,0.6502082541644092,0.4885018926344344,0.7705963053146603,0.09419493369404214,18,16,34,4,21,0.0068
5.904054997769442,9.046452100261018,4.09533297730121,0.36680359862113515,0.31874419902402007,0.495555146345369,5000,39,26.627871825657657,0,0.8048906471690571,0.41936045890654944,0.16841992287455315,0.12995867226910704,386,66,3708,1714,157,0.7416
3.8212473276515544,4.721876691418451,13.38938911066646,0.16539506317620067,0.48983177181192106,0.24056567737602658,5000,37,47.079786351736146,57,0.9284573821025445,0.5752339518165004,0.8072141086936154,0.20759666633655718,1984,50,4484,914,84,0.8968
0.8233123530873442,6.242752226266928,10.677447043296809,0.3277688967937448,0.2899559302184185,0.5225217988484309,5000,5,29.546751977384503,26,0.3750676112724121,0.05772708401393631,0.4981271028721002,0.48288996353764946,7,11,14,9,41,0.0028
2.032387570799737,13.730768788818438,8.993077941209567,0.1107804788390505,0.43926892851635463,0.2815988830228627,5000,12,11.271916844729681,9,0.7864734291542448,0.9053679099702034,0.5262557114393968,0.6227355087587795,25,23,84,8,84,0.0168
5.255186413626499,13.83383495756244,11.336282843248053,0.32291783051684475,0.5403247451528469,0.29754702571747105,5000,28,48.801830413200896,36,0.216316280047,0.639953691163929,0.7273088966235964,0.5941962408442021,510,48,2155,872,227,0.431
3.431431433583797,16.780368010803738,10.861533721939784,0.06457438762945165,0.02764036244996965,0.9268952168784812,5000,34,10.388094467809738,21,0.6384523153368901,0.17646064762939975,0.044745031733309175,0.02041142221800458,66,28,112,11,56,0.0224
1.0640523122312768,6.2615024433450515,11.750824374973373,0.05480181413692357,0.5382254465193227,0.4876670502323418,5000,12,36.114031654776156,28,0.9839359172359241,0.3103197734375663,0.18545090057859737,0.7392889996112015,16,12,28,2,46,0.0056
3.6526810504604956,15.230820464234837,9.97109207468947,0.03792156293157618,0.5907495575849242,0.509041875509618,5000,49,30.112735461362178,20,0.692305659124725,0.3316584072037293,0.008707328070878526,0.8809759927732149,154,69,2258,110,359,0.4516
5.896994146023894,9.06551770626471,6.241212745978059,0.3249099420549477,0.2911898020896933,0.4866270646083082,5000,33,24.698945847449245,9,0.9045999327688774,0.35270342757032636,0.6816624292028276,0.2115452506096166,146,17,504,203,137,0.1008
4.744477854914651,7.8747058517424104,10.76957906655538,0.32327760441967635,0.132931663944129,0.2559414704913409,5000,7,37.78900135358156,54,0.3821959321304429,0.9039621767422577,0.5015384939574309,0.6206149625237186,1446,62,3871,1565,144,0.7742
1.2145135210075368,13.394434633740284,6.991065639056986,0.25121546061519745,0.048911453315354375,0.5814907897336912,5000,32,16.09663755585406,25,0.9731304090628903,0.7142280466703385,0.2653711506085605,0.5068487172859244,32,0,71,25,70,0.0142
0.956270065956065,12.517077076716882,10.796125870836175,0.31839278606092875,0.10573524204473735,0.544693708233211,5000,31,27.978941703128378,56,0.7721002332099056,0.20547086635556816,0.04122693567644053,0.3402402234539762,31,0,58,20,52,0.0116
5.370317881882715,15.756749331061291,4.373830252226136,0.10577824162540016,0.1650235460981315,0.4369045191323842,5000,13,41.6703539516096,9,0.6387155833741113,0.44883910340228916,0.46428143594390064,0.43566423917497865,142,117,2294,300,309,0.4588
0.8592955329857327,6.142720569094646,4.182996739412698,0.3045416778753746,0.041898055614515074,0.34364102110676714,5000,5,26.77026138775374,41,0.9468529359936249,0.04140780064699185,0.3862628804675832,0.5478234808835695,7,12,18,6,21,0.0036
3.5572896870158495,7.866143226428401,5.015511001829408,0.06964397967674758,0.005836995104388027,0.4002405563229418,5000,9,15.433298708874444,13,0.37363804944725026,0.2680349391007599,0.4049869629319204,0.10204188892889383,137,101,2287,178,267,0.4574
5.359443670882233,11.379404351107906,12.130862819180347,0.3155913464765907,0.5918983975231202,0.4409286282266285,5000,22,42.90665085498613,12,0.33522017464627424,0.4711473976467496,0.5315962684223199,0.058333939723899525,276,121,2775,1104,334,0.555
5.361740011422571,5.6065119449400935,6.550867422262931,0.363245642791706,0.1063872589794798,0.7144301879139715,5000,16,31.21624918968276,55,0.8719148689737038,0.44321005549387477,0.3500444993058977,0.9518315353503094,456,61,1985,869,128,0.397
5.329959528562222,6.961353088308254,12.84220517996291,0.06746344222155294,0.4408396664239007,0.20366773117758283,5000,39,26.809511208990568,35,0.731085388355457,0.037183932046729616,0.19369366880840863,0.19915316867168803,2360,42,4564,414,113,0.9128
1.5907144941475146,20.69109744963315,3.359257470724135,0.39429389278226556,0.5765148267699974,0.6124762883947942,5000,34,15.456450004647593,45,0.3556192003369898,0.7770743498805246,0.2911727185329676,0.7601127132394947,34,0,98,39,40,0.0196
1.0958684253161108,12.789912447380974,6.21875903192235,0.09616577669019072,0.5308115443085415,0.537444793662627,5000,7,26.70399283624345,58,0.5636014088046449,0.9404056693664302,0.09851432458151486,0.8293033532356632,8,19,23,0,33,0.0046
2.869009981943681,6.270187558845713,11.42817283543173,0.17741074286496947,0.27057232290657957,0.7721516900537695,5000,31,34.97916548497888,25,0.5469354740567924,0.4379209921888293,0.8746460105264277,0.3973742500046535,51,12,99,25,46,0.0198
4.714038778319409,7.181666277867461,3.6834554332868015,0.08919897937883593,0.5817817249001553,0.43822626097592404,5000,15,19.277641022113535,36,0.6028266688313476,0.5624344636014182,0.4791157298783158,0.3024469169630474,902,43,3425,382,95,0.685
1.012515017910092,6.285738185334582,7.429062490485895,0.2993785976927012,0.2798293785891306,0.316414611495744,5000,48,33.23717947857507,31,0.710512645854588,0.6804451733507951,0.19301350412263707,0.5880190603292611,52,8,181,64,91,0.0362
1.301938484649437,13.307704025075308,5.739576185726184,0.01796937377770914,0.33732598315749884,0.2196125879655237,5000,30,48.23250822539097,47,0.3419338656784314,0.36303414977187143,0.1486326149891393,0.33847582871046755,62,55,582,13,171,0.1164
3.3702840922139803,12.774874762474006,11.263174930748388,0.38619733210168866,0.30927375041816246,0.9422415484403468,5000,39,16.631123897313678,51,0.19141754860869425,0.6252499054994409,0.09030686061244662,0.07320162589297567,39,0,63,38,53,0.0126
2.1833985893313494,15.059823987249818,9.281989137572772,0.06606208485891653,0.11089468549984173,0.4771015871837922,5000,5,31.470762442390082,26,0.3250519791605359,0.5073777852033942,0.22888202311600112,0.8541667202057044,10,114,140,9,304,0.028
5.5719546146996395,20.843448068861047,12.732826272217507,0.24201927723669703,0.43855606552359744,0.5771919670237975,5000,4,22.527920542738244,35,0.7624460874890583,0.6366243918847899,0.8524970167463747,0.7456457174306467,23,56,58,13,89,0.0116
5.702186309282849,10.500479031403273,4.898193562758346,0.0007664930275963044,0.23131393549861398,0.1969423334494622,5000,24,19.414298534623732,49,0.6063586766088986,0.061430359925906446,0.021987915531639455,0.0492936699279259,1683,43,4858,5,77,0.9716
3.8751791213165525,17.867059337699402,3.057012804395606,0.20756269435092542,0.14125879818026307,0.23251885865064054,5000,15,34.1382002564321,48,0.9118721155872672,0.26104747551012714,0.38342586455962213,0.9920546640103061,1023,63,3657,959,104,0.7314
1.6291803417093695,4.352076694521433,8.180375680714128,0.2955162129281928,0.22315734142076646,0.40485168505262525,5000,26,24.70616099879716,7,0.005315294078052457,0.6979238976225546,0.5603077224824663,0.5389121241265629,45,9,81,30,49,0.0162
5.46212751920565,13.413625018476262,7.5311905236538506,0.03737788648193814,0.15234632700710019,0.1033716645170325,5000,10,35.70397202524746,42,0.9526855984803619,0.9204018234509632,0.557286082425495,0.802996576987661,1104,56,3327,143,165,0.6654
3.347242921080067,16.550922235951926,13.08506471057693,0.13994632653892666,0.026897213000546608,0.5451787888886832,5000,23,33.79112844362906,10,0.7771797454752978,0.026751082484440355,0.7614209029467705,0.20462486330122015,66,31,141,24,111,0.0282
5.424990732006564,1.469514973801997,3.1699962357945473,0.31765661915490995,0.4509235447908027,0.4805173546772351,5000,35,16.144675134350944,25,0.37813477685616326,0.6349518349129893,0.4171268894032495,0.8033617531013213,1802,16,4771,2000,35,0.9542
3.463334811307358,14.089742220249114,10.071855303062339,0.08060308116877535,0.03375799200640149,0.4082833045421274,5000,31,39.64275216677359,28,0.31205627160872645,0.08098981681183377,0.826587932354293,0.8698388137966275,212,43,480,51,93,0.096
3.2074117019694395,9.62732391060083,6.054585680479243,0.03207491763575871,0.3950245720570579,0.023045014082220767,5000,14,20.50329326667073,35,0.852959963713202,0.37149252282118367,0.3484524002229998,0.6599392928052075,674,45,3284,112,158,0.6568
4.874555340494381,10.563054846949914,3.789624117109014,0.23183497787829863,0.41564810540316816,0.0017894063359215125,5000,28,38.90050194718004,3,0.02231214120556055,0.3248508692530201,0.570949434590665,0.3194224253842556,695,55,4210,1234,120,0.842
1.9075771774310446,20.496023450366554,5.3608896537457245,0.08240433414697285,0.51988928774239,0.06389446113576845,5000,2,23.929236436738755,38,0.01992599356472161,0.6235061515001844,0.7700554838259529,0.11232715591600645,8,53,28,3,41,0.0056
4.9690211308410985,1.2795710118558545,10.48078116375634,0.3891895471667629,0.4911728852587811,0.8997915833372466,5000,15,45.96850556701383,15,0.31641105695984983,0.8716123181943122,0.6223840173011537,0.6606974766295775,18,8,18,9,14,0.0036
5.172357233782274,13.217658595698246,11.735530529724606,0.05510953316636438,0.14511755890529238,0.5870217327303704,5000,25,23.58823360899916,28,0.4488306393264082,0.4983818643018388,0.0677622942695189,0.46526477831391305,351,131,3412,266,311,0.6824
2.48934450349098,17.818778331293615,4.561635081345183,0.07369048217844835,0.1317562635978873,0.8933560781062605,5000,3,11.724100107948226,31,0.5658761073057799,0.13778088801898308,0.30196791483152935,0.7008157531899203,9,24,15,2,22,0.003
4.7487829568338915,8.433835943449784,9.367331693837627,0.24991081530728723,0.23725656594802422,0.21219414357848118,5000,23,47.614520775034485,52,0.5758205116342313,0.24833034983515945,0.05795202320839993,0.6937772170793427,1583,54,4688,1525,103,0.9376
3.1364077189112463,14.552472475079924,10.146452260698982,0.03747541607426685,0.3960410349206781,0.055225908642819475,5000,34,32.885625556830895,53,0.7112822906944214,0.685336247927468,0.3581615059127282,0.662781997978863,1021,68,3713,180,221,0.7426
4.438100770493897,16.623754186434244,11.582441385670545,0.2610544943981508,0.05754601352826308,0.4915681025882771,5000,40,49.417965784907146,14,0.18828830487049608,0.8892082733622564,0.8869910508910833,0.7044910068872645,110,29,202,60,79,0.0404
2.2503701446219813,8.324532483900601,10.214511023414598,0.3559737359126123,0.2650234573921578,0.32748456268486653,5000,20,19.640089453630374,31,0.9014141340939881,0.29889029142382706,0.34251845509459655,0.9197503969905075,87,40,351,157,160,0.0702
3.393108427942229,17.782012250786032,5.400566299541066,0.24469925597040665,0.2510296700236774,0.31075762290518444,5000,8,49.72473040999305,51,0.2267253171247071,0.1726361089908178,0.30312411102752607,0.4495289391658375,373,108,3453,993,246,0.6906
1.5857828777274678,20.065413001584076,13.358719687803704,0.20614660941967058,0.13917399719643228,0.15062142846660118,5000,5,10.795442445963452,52,0.5878619378910761,0.5783314269272294,0.2520231887278208,0.8852123039622122,15,63,75,15,287,0.015
2.6334617874382085,20.823344955360163,10.702986523569123,0.13786273270385097,0.57563985053666,0.9300023283801179,5000,44,40.15958501350154,13,0.7273428818786344,0.26786665545103616,0.19577872240859337,0.02956624570203775,49,31,104,16,45,0.0208
2.6935710626835645,8.723759120470064,6.0770103983149735,0.11273812151823692,0.2947896948645277,0.5845104149955999,5000,42,35.52918136829341,49,0.9811796309290902,0.7660440687687505,0.7660059645504554,0.508574503110283,105,54,508,89,81,0.1016
5.822578720242676,12.658550115403305,13.325261959717249,0.14604947383264208,0.10924732264236356,0.6593576662259737,5000,29,26.269246915321347,37,0.004554922460769216,0.7105329414332647,0.4198804745541182,0.4002731117651656,298,120,2907,517,365,0.5814
4.348735510820578,3.1866950283133417,5.673804138674438,0.0887672826255958,0.2617369593437819,0.04052691392970562,5000,20,22.28259018909158,28,0.4652547863291922,0.2523261659476275,0.1600589844279049,0.027490398738851323,1920,28,4728,567,52,0.9456
0.8452166374335904,11.941849856602978,11.9788289554396,0.249357541626362,0.5399658369583242,0.12246584836579394,5000,20,44.679743400660136,6,0.012540721542744191,0.0716635639402878,0.6214574369677976,0.6748624972194566,20,0,30,9,30,0.006
2.0615958804372214,3.0748097507553784,8.558660664522161,0.04740096782625608,0.09222937366128921,0.6170423368970814,5000,47,38.18497504327589,47,0.16159393609163478,0.6638969668093779,0.5716070541205666,0.20130267114108966,72,9,380,19,79,0.076
4.2414531938784625,8.299157284782114,5.9503351775223345,0.22016635764818743,0.5657771069494549,0.6867120673361627,5000,27,40.030981548954735,15,0.9742921344564586,0.16658488089137324,0.7200696430061078,0.5448207972090603,108,25,300,99,56,0.06
1.6234054691680655,20.927208848097415,4.508784176030197,0.2678910933374248,0.4429264792380277,0.10761215909522226,5000,3,48.024153646689626,30,0.2769250030928179,0.09893938633556938,0.7826477110785646,0.44130855798037466,10,51,25,9,22,0.005
5.379453658504737,6.330530909557622,9.946076141563218,0.09705392092331355,0.208364965047364,0.1657066951741608,5000,49,48.9813862673642,49,0.6582758571051106,0.5132058511804617,0.18206901865276956,0.07606302363715577,2024,40,4822,572,77,0.9644
3.764457950348813,11.102135113100918,5.913868264162984,0.2712799746821379,0.37373295136766094,0.22368921255897928,5000,15,42.14013247621886,10,0.18099456292815103,0.052691378422693086,0.46239338786752104,0.09867180490971668,245,96,3221,1088,229,0.6442
5.396662200454404,20.565376698813168,5.771401183239949,0.03261330340154902,0.19529527571667327,0.036288208218451544,5000,24,21.476342787136847,29,0.654090613313467,0.8497764273232407,0.25821008312742816,0.35063522463535124,1073,75,4510,184,144,0.902
4.941673146117897,9.334003939219055,10.63352375602873,0.15005570359569279,0.27518084681262606,0.1352784921775217,5000,36,46.0457425624036,3,0.10989091610604716,0.6388995070428235,0.32414380113175634,0.25440251195447783,1180,66,4523,883,131,0.9046
3.4776801170138603,5.999443762358106,10.68653658223107,0.11144891912353896,0.4213924956615782,0.07373254374274682,5000,42,48.19916767124199,28,0.3272486217999634,0.8826010332481025,0.8633529846340338,0.6790720506064721,1155,34,2188,330,95,0.4376
4.832613314896297,6.752714306936029,10.501660713441867,0.3516671825332316,0.23914321383188897,0.7974080353007471,5000,18,20.181353334660194,28,0.12127772448836664,0.7892824686843,0.234340452691289,0.6528044585163669,44,35,275,135,182,0.055
4.244104502425006,2.4183693406007483,12.2787316046646,0.1188993656018898,0.17308830540992812,0.06337595197921625,5000,49,14.165843733757358,41,0.19464826520215955,0.38193738695410595,0.6872212888430226,0.8751113813256391,2999,32,4814,762,68,0.9628
5.561442318165704,17.022628811183004,13.71005420110703,0.28620700644629254,0.5992575981322114,0.08698422512834005,5000,32,11.624353002970496,56,0.07837581472338823,0.12220854238924538,0.6139504539254892,0.9108441820914288,1523,74,4508,1624,196,0.9016
5.387023666409758,2.082356804934405,3.0275277402986114,0.2197738792023187,0.21855580824389678,0.690912503349234,5000,32,43.643139567285935,55,0.6408876956786212,0.6833901517502211,0.597997721514323,0.2851114145561591,895,25,4282,1207,55,0.8564
2.1622238944753027,16.88465799055075,6.306157652262958,0.262502538947235,0.4434730080867261,0.3730367596789877,5000,29,38.01390785752681,4,0.32405550857978355,0.8252796501635122,0.40046973747048487,0.7814899061197842,55,24,441,148,315,0.0882
3.216649843767443,20.969055803408416,11.922713578963593,0.2315205084716806,0.3458095316679765,0.8469149787147643,5000,48,43.45240746509813,30,0.6472695643010399,0.6343958977235177,0.6404740545410169,0.07947849320471514,48,0,105,28,54,0.021
2.8659626883291436,9.35967304023612,4.585659882201744,0.17352457904968505,0.3863905197318489,0.30161207224883546,5000,16,25.962687356224166,23,0.1890479725764823,0.8274550698138687,0.4110373649819752,0.07790389411883308,124,80,2341,553,229,0.4682
3.789595363576094,12.8118413589077,13.733258507427172,0.15620706165750908,0.30898056545121916,0.597404542857353,5000,18,16.922094340847494,17,0.39052657121534406,0.32631119024138033,0.5541967918127524,0.3368888307786302,33,27,109,21,144,0.0218
5.947523876329877,11.564954920492525,11.023823197316355,0.3175306773964672,0.531909044790768,0.3809810898898127,5000,2,12.658276098378442,33,0.7228052179417163,0.6181889563685137,0.336477812123523,0.7097759849020088,425,119,3480,1372,301,0.696
4.787543637481568,14.829762370067122,4.913077834923031,0.1018364896958322,0.20464954082798556,0.9228987048916257,5000,45,38.10378889250926,58,0.2545756516345232,0.38764172728841156,0.1321106613863815,0.9706352973101282,92,20,234,36,56,0.0468
5.189179781433942,20.232525029037355,9.718035625364084,0.2890789349758755,0.4170178259969546,0.3660355502050394,5000,17,23.23648238245488,19,0.5938321044123572,0.6323369851997378,0.05085124149760553,0.2414095875063495,620,135,4170,1546,269,0.834
0.900045293440065,13.107291767129727,8.062686235471578,0.15039746438491794,0.2684725865201581,0.6404486234488423,5000,30,25.380688144383615,33,0.8221889076823802,0.7110012592133199,0.20126640118410416,0.5995697191530883,30,0,54,11,43,0.0108
1.5529429311136127,6.0248980318491085,11.386373250774227,0.09043001051781849,0.11569200154377253,0.10483219872320391,5000,35,14.411513244982682,12,0.4972673966050322,0.2545316498666074,0.878343170403933,0.08678303511111689,79,19,127,12,64,0.0254
1.35166584930399,16.16730693397951,6.153207361443197,0.3703146872102121,0.37045751358115137,0.15493692293680753,5000,12,20.590764066853215,23,0.8787829385063093,0.46296737406417554,0.11713080093889064,0.675229113262232,20,24,101,56,107,0.0202
1.797187842739195,12.926442528790348,7.804716536838965,0.19692783489807544,0.3368055904178601,0.5939613937893019,5000,10,10.525447305328706,55,0.32331954709078675,0.5015455820703654,0.6363411666284681,0.1354812527341699,19,22,67,20,84,0.0134
2.9336248226168067,5.654671707223558,13.754987268413343,0.09765088781409181,0.03395292531535812,0.5956871135611073,5000,17,43.58782344165046,30,0.29997869681306455,0.6509326168635527,0.002195335076415432,0.3329090392336198,94,125,1417,163,365,0.2834
3.8765194344470473,11.158156143713882,9.657758087183156,0.09323694832153617,0.4832510907310303,0.0725223407944251,5000,42,49.901831545359755,24,0.9153210830266391,0.5145170443029374,0.777937425598283,0.23663641715812253,411,36,987,104,146,0.1974
4.353369737099171,7.095813065060433,8.489842937991906,0.22226463309937908,0.17345947888585053,0.6622337286219899,5000,15,20.631009962572552,28,0.24959175921584756,0.21354453230380893,0.7488750519403317,0.7165763207576489,93,37,327,81,98,0.0654
5.99670072462002,10.674032123713417,3.421548032523642,0.15861307479939157,0.5194607507797837,0.3418397618998839,5000,8,11.954995612316994,14,0.10057902098079259,0.11347843099659216,0.6286884474477449,0.3221879085496345,297,80,3440,707,179,0.688
2.8836325988746747,11.711524295312373,5.45747604176314,0.2653035188625186,0.3953206127679156,0.8232590967394839,5000,18,19.127081757352457,38,0.9231957990268091,0.7959986089413712,0.06746985621986232,0.2590015404532787,18,0,72,22,49,0.0144
5.779509528657922,20.653890697622273,5.485160605915736,0.22453101736673622,0.5900594156711249,0.364303297495436,5000,32,42.404028133411174,38,0.6249098645053424,0.3745626191249292,0.24750820862264433,0.6718220394982494,752,76,4156,1139,159,0.8312
5.882993509736159,1.3623061700411359,11.172985688396395,0.08036599135306324,0.5730458656207524,0.42792461561128936,5000,39,18.053733070826986,26,0.9428878859535065,0.6566754091338021,0.7305615686278282,0.2054108266877234,2761,28,3865,383,74,0.773
1.7695376614879834,16.799078456092502,9.796211856024108,0.14331627337978772,0.1636595172134165,0.6415309744247918,5000,37,19.07868652801249,57,0.963937727503654,0.5738379811300027,0.22525229729630047,0.6691299492741256,37,0,128,22,105,0.0256
4.120916537251298,9.28652314944087,10.776411386021035,0.3465630624613588,0.3963807466978651,0.4638443462385676,5000,43,46.177778839432,52,0.9217380381248501,0.8050451480607864,0.8653237023530317,0.42093105100004097,764,62,2014,893,116,0.4028
2.4082370298362528,11.132700393867601,6.7310719105344266,0.2776533338724715,0.2764596106823801,0.6201554148936077,5000,41,43.91079493272685,43,0.5089704456865088,0.03193787508188393,0.3455280362678091,0.6098233797948073,252,51,1164,409,132,0.2328
3.65890267319897,13.421471730770266,7.82385031262099,0.3071700137447149,0.005062539314925317,0.7598390462881472,5000,47,23.29265368119134,53,0.06514901620071287,0.6095685118803381,0.691813133974937,0.6925467556054835,67,22,317,125,104,0.0634
5.869056304988767,14.0771713596519,4.303157547003232,0.1749066770665452,0.21771455244383248,0.5597102454357012,5000,16,38.411398090043676,52,0.14877841289742613,0.527763473549351,0.4051719792105729,0.42258944231754025,517,74,3728,829,168,0.7456
1.343857201559505,19.319823978281452,7.747975040319187,0.39303773037953915,0.17404744914674827,0.004692846100922324,5000,8,41.22360537312245,4,0.7324896427347574,0.4505432843835881,0.7427262779620782,0.05899977621073494,8,0,20,8,18,0.004
2.9961683075024004,1.9183866509921161,10.60574264905042,0.16206060470005282,0.46764328233265046,0.6473639525104534,5000,17,25.560235491969394,29,0.7421102119390061,0.2876579711512706,0.8504485887441898,0.818849173205646,102,31,229,50,49,0.0458
3.360201661168645,1.1215427402670042,10.762941998204438,0.30776413390958074,0.5581616078877992,0.3651890114030397,5000,33,40.445503075646414,6,0.5685701297214364,0.1487024896442424,0.22001186545450915,0.019118442869921762,344,48,2301,907,174,0.4602
4.373377215190452,3.4136022882521395,12.346466916828842,0.08383206896560819,0.1702698220814761,0.8865202756194591,5000,33,34.114113522862525,51,0.3033659980343091,0.6847059891637148,0.12862263564519283,0.5537989525136544,55,13,106,13,67,0.0212
1.9188251162404522,20.543162904915516,13.825141630971348,0.06422711847960715,0.2507768877413027,0.7342480297691084,5000,28,37.89198591850143,54,0.11598084768954159,0.5954873595057507,0.24799000487385636,0.05425515701144633,28,0,67,5,98,0.0134
1.4325523240374611,17.76399326105858,9.07585393888452,0.22932800943464327,0.40888329706824894,0.022026323622479298,5000,37,18.740900378079598,44,0.2660145504011181,0.7825484797167948,0.19815897464509796,0.7414260591485753,116,99,2069,573,357,0.4138
2.467690083960875,14.045771639603688,6.361224775538098,0.16474241190494715,0.38265488246263873,0.5030821156775719,5000,27,40.18912107079901,47,0.20056019354801946,0.4798875813733161,0.40953823657233007,0.16152121235317296,89,60,689,131,203,0.1378
4.588838103781461,14.800374567168763,5.151472520060103,0.10229606413923141,0.3132146812855208,0.14615652001731294,5000,45,27.793330827589237,34,0.725233630159424,0.6451664164593562,0.8160159700046005,0.31786302639803676,922,40,2398,322,110,0.4796
4.617734870150452,7.717418586918436,13.20865057663052,0.04873431275268733,0.5452078396157398,0.7110377286622854,5000,34,39.63729042749026,41,0.9601089714086531,0.007897766987980934,0.6132430823351055,0.03655017059524434,1931,49,3620,222,104,0.724
1.7603307493287406,11.160149348120163,3.3499729208113482,0.19374946825214331,0.2786555178767825,0.693383739647505,5000,35,13.86392910665191,42,0.26952123820401996,0.42185999832622023,0.34939208569470515,0.5078579597088737,48,16,193,50,62,0.0386
5.642601255217179,17.751782874113626,8.170827730083516,0.2523134686066001,0.5795953917298476,0.7764909775953314,5000,30,37.81648997312883,45,0.4559600851662684,0.31778843002282764,0.0017595295548847995,0.01739361733807447,141,118,1966,618,355,0.3932
2.366578672900756,5.6786765262320325,12.208319269358796,0.24551458630839834,0.37271374398788937,0.02970290954310373,5000,34,33.58700374631415,12,0.26445712386792003,0.2849718277908879,0.8431604230753926,0.3173913501000194,119,19,224,67,62,0.0448
1.4430123858932622,5.333244676678765,8.249084781995615,0.21733374006819203,0.01347041409892087,0.6077315779739468,5000,25,43.974282161140316,2,0.7156573226585861,0.27286170275225236,0.49254161093720294,0.601755041812639,38,9,42,9,23,0.0084
0.814857900028155,8.30825377459216,7.661317989375449,0.09107096547003862,0.5265785244033839,0.9162669900651974,5000,46,46.656885327515795,16,0.17014569466064178,0.6422651003564135,0.7676393564565781,0.4885307728539491,46,0,58,6,22,0.0116
5.983215991100234,5.160558828911029,5.867601354145246,0.20686493309536363,0.21112432522188868,0.5206685275865284,5000,19,11.00982421305017,42,0.1613347817116259,0.11099673360295849,0.26572153537108156,0.297119727443368,1171,36,4608,1226,72,0.9216
5.0503042745235875,4.305698875013804,3.6152901965275874,0.2782303019275075,0.3110901241999176,0.18061612324832746,5000,40,10.809297429332123,46,0.9304845711526406,0.824404901158592,0.66545501312972,0.2644757203247874,1595,23,4853,1791,52,0.9706
5.968719917552419,7.397571732178626,8.550091483604561,0.0234105977796372,0.18633522733464566,0.17287403754985878,5000,49,42.699223064984714,22,0.22393084974561,0.3978843674155394,0.394851733874612,0.2371507659153244,1331,41,4626,170,91,0.9252
0.9935562806618381,20.782845690745667,4.362921318517639,0.33330542380333195,0.4196348234235256,0.536719931501063,5000,10,14.518469678314148,48,0.08942491968500102,0.5386890542812889,0.7947319437745951,0.9931923254756523,10,0,28,12,32,0.0056
1.1450937465268671,14.154685776274961,7.682247333046005,0.23913969414723724,0.2855779991919638,0.7301177287927051,5000,41,43.12089677216653,12,0.5779323457113618,0.19201841375290254,0.3740340003822718,0.8012308478351023,41,0,86,33,37,0.0172
3.745681231858172,11.470904754357957,7.846346852401499,0.19448158741768906,0.0018077043954560369,0.21880786939892752,5000,7,23.511963272013944,21,0.8024821821836065,0.8089940788749315,0.11457843180261244,0.5930447859153922,328,103,3482,843,246,0.6964
3.268715647864715,17.16546228214732,5.499597979463816,0.3968078406959292,0.11685325387320356,0.3628254025303547,5000,36,27.774221559806172,10,0.04622269058024624,0.4841603837571541,0.7107245494208692,0.2711715022272554,118,24,560,276,208,0.112
5.080877459170293,10.385971111560943,11.994470597995727,0.19187224941879824,0.06616709581735447,0.711533354984989,5000,31,49.212480386296875,53,0.06817971592151759,0.4133239188523622,0.20481255589814007,0.48616271401361594,240,107,2607,606,307,0.5214
5.4312337869341265,12.754930499434707,4.168016484203305,0.09885909360827302,0.532645590921358,0.5977172484305727,5000,41,41.352047590377,14,0.1676979457459195,0.46014887928113435,0.8310561297314623,0.8506561284201548,156,18,348,50,51,0.0696
1.7818346732479007,19.85245528202271,5.415721848869282,0.20582836029589588,0.3207959649145445,0.9113994931732704,5000,6,43.18005365271493,59,0.24553779266647327,0.8780457793235327,0.40547075848605524,0.903763700120042,6,0,8,3,7,0.0016
2.2013518528578064,7.936730531567643,10.265102490020087,0.09593786962234652,0.515837845172105,0.7366816503649972,5000,22,40.848922443404476,14,0.10037770473172948,0.7488255246741322,0.24938981690203532,0.13704400596084948,25,10,60,8,48,0.012
4.877146118146173,15.161189146213884,11.836461228259866,0.3638443797417743,0.5306917953168473,0.09274899363914807,5000,20,49.07062939038341,26,0.46343329272206435,0.7710896878701828,0.22421189967641386,0.6335095380160273,904,91,4389,2040,206,0.8778
3.3843599926669246,12.069621880849962,7.6344403353607575,0.31355094992793636,0.5680663924555779,0.2150210071811585,5000,2,49.831415079035736,53,0.7732689565535804,0.37864125744199234,0.8896101147441511,0.3271378500481896,87,66,227,71,77,0.0454
5.3322643627083055,15.82776339616043,3.1830306379993605,0.026777337966615307,0.34447137770907504,0.31324404284452284,5000,10,12.40172011984895,41,0.766794256206964,0.2865494728236928,0.15593676995859596,0.8553370971713512,1278,57,4411,139,122,0.8822
2.9548085748121578,18.256210190640665,13.764621078550848,0.39259588776240695,0.4807592721645216,0.6838418433365385,5000,19,15.903430174315524,19,0.9418552120443396,0.6817839202323468,0.00966219002555712,0.4030009162245289,27,32,93,46,136,0.0186
1.268922304162438,18.792670244758515,5.525025624955968,0.1473210030286576,0.5867929530891768,0.9399411845694114,5000,14,15.617588092108107,42,0.30641208911752693,0.08826729414026474,0.7031181574011485,0.9882998984185519,18,26,40,4,32,0.008
4.105354028929536,1.7386861320579974,6.149372280224242,0.2841884691046639,0.44145952138953215,0.3929653797224344,5000,33,31.582144875498344,45,0.7536304201600055,0.7979300198878257,0.7131515117600573,0.9928624722494275,1858,26,4558,1675,54,0.9116
5.657434361702374,8.105006493508615,7.093895928988801,0.06325340669115825,0.006941181706416451,0.5734466835721407,5000,10,42.32646134051832,29,0.91608743242802,0.21039187515661262,0.8500038266223346,0.7402116648964152,252,38,611,45,76,0.1222
3.5496324064655393,8.981153893373726,10.022028702623809,0.31813338312926276,0.2806237232765512,0.5146081874248337,5000,3,44.76166994177262,14,0.8967374221558633,0.3720436321204648,0.35395448362060977,0.7897719150952389,7,25,15,7,32,0.003
5.299623657140547,12.860318479201556,13.657015522842576,0.1624503392011894,0.5711201060173073,0.5766689549560672,5000,6,26.050619754605904,35,0.42262618279546604,0.8150714684414612,0.7085859954457563,0.23884803630366322,49,48,166,46,187,0.0332
2.7669093466201446,3.58894678373953,9.490506399780415,0.1996704946925989,0.24221287965400462,0.8662802600359363,5000,11,48.82304690799592,0,0.8007189688240556,0.2718990230034753,0.4686662967717122,0.5151798177627913,18,10,19,5,17,0.0038
4.354818986883768,1.503703794486006,8.140077583334225,0.31308451009991456,0.5491492179914228,0.670099375799737,5000,40,31.440499859543,36,0.8202941502119744,0.4838014754192322,0.04227636327646135,0.9572434315008262,820,38,2432,958,90,0.4864
3.091520450239389,13.154264219575964,6.368298257752824,0.0034822205684126497,0.4751499732667238,0.5222540389512769,5000,26,21.172562006112482,18,0.3565962964056519,0.25364556945623346,0.4921300191346741,0.5762055164636608,74,21,399,2,165,0.0798
5.698598762517844,9.79943592788285,3.7343400338960757,0.08891176178863934,0.4364992428513314,0.5121143874529528,5000,8,42.11104915718317,12,0.9056034461963413,0.5687524527257252,0.7403730775638295,0.05084465762863832,28,15,70,5,28,0.014
2.7699323846149015,12.642006208856813,3.728149624912888,0.37507613968586384,0.3315346439464992,0.552986540156294,5000,26,43.72706312650507,40,0.8285643135874753,0.054136092880729944,0.47811114742905086,0.17029593748395058,278,48,1103,499,78,0.2206
2.6126261633651033,14.119648606571044,10.937332020438838,0.01119125887314968,0.247493932619368,0.8187362419779399,5000,14,10.435211204567779,42,0.6021302740535216,0.8116035245826493,0.8885523309568437,0.2029394519270976,14,0,26,0,55,0.0052
4.450891813235301,8.22019113794276,13.880959450132114,0.061476542600991314,0.5964834799324494,0.026944733371742167,5000,36,46.12045083512697,49,0.5286154965833165,0.34535071670052486,0.8146906889861655,0.3532854234036266,2113,54,4301,317,112,0.8602
4.7355430836174355,19.923543342283757,7.87246100165429,0.22518063037950875,0.2114533347267709,0.0932597572254797,5000,4,26.105536140823478,4,0.5462666035083352,0.2357122103629981,0.36822085379966857,0.3248098162736347,529,172,4005,1124,303,0.801
2.0750998566755356,1.252254509406186,8.804389326503088,0.36957006903444023,0.34060456634120523,0.4690826762340376,5000,17,21.27528156162205,41,0.1819923693633586,0.2339420208208392,0.7780620795923422,0.04434877506535354,103,37,381,170,72,0.0762
2.956293851666045,15.216433747297497,3.5212534507070106,0.19081622471141094,0.11537012579608677,0.5296579883057939,5000,44,29.39184644832993,10,0.413590971986902,0.3126279654954796,0.6437973646585001,0.9747581097232025,121,20,298,76,56,0.0596
1.851128212391561,6.355422434942305,9.56987860666759,0.034895502875122296,0.40712858223065923,0.11603813768565756,5000,5,19.31653211094321,11,0.5343287580569233,0.9954985677782047,0.5451455814495232,0.40984149619498694,8,20,29,1,83,0.0058
1.9985850801123382,4.516529156942765,4.080808257980158,0.10908025136327747,0.5299205978335201,0.9178368935979897,5000,6,27.456148363056908,43,0.003902280199712879,0.9174585673634867,0.18088330450449747,0.827121141932811,6,0,6,0,6,0.0012
5.553264305945676,3.2642005381581525,5.15919714803724,0.026042712433940674,0.563102600949079,0.713531768550113,5000,45,46.375816317268615,37,0.8476191985695053,0.2761580615259999,0.5984917130105752,0.24211728217189973,863,31,3641,117,61,0.7282
1.3267346630731833,17.610959623430478,4.601746379632642,0.19263137911637127,0.14532554599994973,0.4780232988585148,5000,19,13.333912584454884,2,0.4471363465060086,0.7080579100809687,0.5363532714906964,0.7357623675861807,19,0,39,10,41,0.0078
1.5702713640782586,19.6561727518666,5.315758307642811,0.3656951844170542,0.521348278603776,0.3533262038864824,5000,12,30.336387685378533,58,0.19019903127802743,0.28585876641542385,0.8945670660397935,0.7430274891159765,18,49,71,35,47,0.0142
1.2902014447991785,12.582400256585426,13.683474605741063,0.2724631933253085,0.3164912369889227,0.09384341539182187,5000,44,49.712550974751295,24,0.3968643199739447,0.9483756236431647,0.3524685349391753,0.9240659376040996,62,28,305,110,189,0.061
4.03479656492835,11.87691229300463,6.698585698183026,0.26061806323974807,0.3573777262443518,0.4729583544517077,5000,43,43.80442255884453,22,0.24184111292939237,0.9890894112926194,0.47061745464306726,0.39844353945775773,248,34,2285,738,228,0.457
3.8918204076340617,12.560769589963584,3.3383183674923465,0.11750768514227253,0.31551217789126856,0.637123359809018,5000,31,22.477509849744145,37,0.7452373067007245,0.9113718361524695,0.8274508913295135,0.3488496131825167,221,48,675,118,58,0.135
1.080140002038612,4.36606417229532,6.1243844539421985,0.05825011185159974,0.4245134370498525,0.5591012517099679,5000,12,30.500424580016094,55,0.9136653808736978,0.4279890473172605,0.11156132469859818,0.009020853344504726,13,6,25,2,24,0.005
5.968978553945262,3.866027414529885,4.581133621597056,0.3016164261470611,0.5861834691811343,0.0781913638578666,5000,35,39.03321886442457,45,0.5991606550845938,0.43863091660408615,0.022613727663754433,0.3875228909513661,2167,21,4934,1925,39,0.9868
0.9046981098435307,4.5401253879162855,9.771077792879229,0.0076133419873891444,0.025373149252193805,0.19879476663783002,5000,26,10.162114633135747,48,0.7843546645482976,0.4284892428020442,0.4304307504319339,0.24266774708251387,35,10,74,1,67,0.0148
4.006640103730191,16.10058999097712,10.450438242546019,0.23966873762203822,0.26454665463619254,0.48793257336829254,5000,20,19.627034825839154,45,0.47379720923854396,0.3695680342001748,0.7920200394198709,0.5004388217833756,123,49,406,121,137,0.0812
5.111580858776219,16.611432555731135,9.202520344468788,0.13231915945310102,0.2716210612482816,0.47465735317490976,5000,42,16.510461742874437,35,0.91095162423436,0.8836722349932368,0.20678389860071691,0.6053963793157146,363,51,2906,513,274,0.5812
2.0566046274493495,12.620036105316917,3.4370590332563897,0.05004134590122179,0.4517598075255333,0.6556046288970309,5000,35,46.91744392894865,6,0.1273433080086986,0.8988551332280397,0.2922175173572828,0.4961616480446738,35,0,146,10,44,0.0292
5.23133564066619,18.22737469502173,3.203811286082047,0.026517682140971145,0.1428439980524256,0.7263307818745192,5000,29,35.903219817610406,53,0.2649456886434554,0.7281915038779105,0.6069983526607756,0.8539199166517297,344,66,1460,38,119,0.292
2.89541883236335,11.078253403823838,12.21999137697026,0.20502527323532826,0.42535297390512755,0.33181007589854444,5000,43,41.01145959494134,60,0.25111718455388143,0.5772255154781734,0.4603433371841942,0.4401179921424189,518,72,2456,616,237,0.4912
4.04472635118532,13.623009717436517,12.526792080829955,0.34810908317119604,0.204082490379154,0.13076791307245664,5000,34,44.28898225890558,7,0.06443576146364448,0.6898858104120602,0.4767147211308584,0.4540970815505797,579,110,3907,1732,247,0.7814
2.899512435350343,9.151164324772202,9.429508525660449,0.26471090449356866,0.15527650059418466,0.5874625529102002,5000,49,25.106950705929574,15,0.20532915350091957,0.1552991270395566,0.6648321852626582,0.2086010034454794,109,20,288,86,105,0.0576
5.057521464242814,2.1597063446928386,7.817095605044111,0.1683734196423091,0.24172226732535365,0.7327796626930443,5000,46,35.36043035561023,53,0.8296233366750404,0.9278600191733621,0.15776130816930464,0.4698189742032037,558,43,2724,591,99,0.5448
1.6036217284607364,15.907444158484003,6.666685851293,0.08705267762404874,0.009741930591537853,0.8244620674136622,5000,37,27.66829059038584,15,0.7118001881168999,0.36781956602373067,0.2663263462554664,0.22193636225115598,37,0,66,8,29,0.0132
4.148246588362435,8.78303013343752,10.093855877965956,0.39967189235899014,0.277865788223357,0.09706635262113851,5000,45,48.407332703854976,11,0.04327474591717726,0.6929134500433949,0.015899283732611385,0.577305780439711,1711,50,4812,2540,109,0.9624
1.562029737270556,4.796865239444484,5.373486378679097,0.3210616677476454,0.24008623602583357,0.013135713107942688,5000,10,34.690878219829415,31,0.3854441932871579,0.3517494641139205,0.3909864133872435,0.9599454697597608,167,36,1183,471,207,0.2366
1.2033259979622923,2.4307361985175477,11.59993214647058,0.2917889527627598,0.5878172807757801,0.11570542139043963,5000,11,16.37162661776038,56,0.63686390463927,0.011450151969948565,0.6241455115972276,0.06684321052078775,168,59,469,176,111,0.0938
4.629553650124143,3.7072123372665073,11.246293317398985,0.22832502316261738,0.0675401098426906,0.15729430248381449,5000,36,39.80995501494391,23,0.6750269630522316,0.1584496777062383,0.03482537710997979,0.3772074572720089,2197,32,4561,1334,86,0.9122
1.3885737761779562,20.834941054872864,7.441418805250115,0.24668933852510033,0.10718820453720085,0.7682211807142072,5000,36,38.94337359112504,19,0.9353003120211262,0.657667042357912,0.33951196458478194,0.030819766761651782,36,0,55,14,24,0.011
3.649353470792196,1.0856788275262153,11.32406913981499,0.37279604062954175,0.11433160931766524,0.43510677426182065,5000,4,15.826017016277632,8,0.7430370045853597,0.16381553031647858,0.2607714166058966,0.2446291741044045,87,187,1291,586,365,0.2582
3.3919990941064952,13.701119803421737,3.273428784889856,0.30565741333066887,0.07353965928446644,0.33758438512799144,5000,45,11.239132230890768,7,0.8878005622223986,0.7293763335043365,0.049862195886785775,0.5676258668574261,281,51,2988,1169,239,0.5976
2.169414215634287,15.948980527041387,5.257143242803373,0.3597361198896654,0.279565369167016,0.934536657938531,5000,24,48.10120230551115,38,0.6154041261285631,0.45404231731283407,0.6861192331871799,0.0691206079033347,24,0,51,27,24,0.0102
2.5968254266377264,2.926000440206672,13.809887872437653,0.30196960618688795,0.5119587548561363,0.8210404620119083,5000,30,26.85442290744916,43,0.19671350224166,0.25522856959081985,0.4503346001257265,0.9522213313977421,57,14,80,35,48,0.016
3.3967291220531566,4.085615910518227,10.880254089398285,0.3990619227961729,0.15953354716919552,0.10192072031080057,5000,46,13.489375684392748,37,0.38639795713997643,0.6017691416774261,0.6579859062052139,0.7022428263337607,1837,42,3918,1950,97,0.7836
2.406048908315962,4.889125717813538,11.082539803898223,0.23217549464053888,0.32164785784532557,0.8846881363422922,5000,9,41.207872236825,46,0.2296606311575767,0.5928676443302041,0.04684881881978656,0.26331227481360714,12,12,13,5,20,0.0026
5.03909181780262,1.448734198578804,10.980909536984612,0.03504422348456655,0.3321528085569535,0.7865855520459395,5000,45,49.346116594535594,40,0.9195322442500953,0.2832457473674769,0.8277599250248194,0.8945705928183275,358,38,1088,42,67,0.2176
0.9920909527637903,14.980060008537796,6.541752192882619,0.14000584030128735,0.286619094849928,0.7832689610546808,5000,50,30.912287336856394,26,0.48440014323656716,0.1372472921843643,0.6032956532189472,0.2931664920926382,50,0,119,16,45,0.0238
3.7745184160572256,5.97931473078043,8.340962103836205,0.08164824609041306,0.023248399103388464,0.9022013054184691,5000,25,49.63795801226314,37,0.8821923409515298,0.4290335269335027,0.6821450371605418,0.7271662767168336,40,9,60,5,43,0.012
5.547527363263072,7.500143588447795,4.671358408002259,0.31671993904926465,0.4870187589860379,0.4023826607449506,5000,41,18.450086601835398,43,0.9483721869620861,0.46180182886751825,0.2346668343036561,0.5789252269946967,1297,34,4638,1916,67,0.9276
4.0887747501527825,1.6759059843815622,11.466565750361669,0.23641383176927763,0.47339357185548514,0.253200400722047,5000,37,40.11428279862793,9,0.8769150616105947,0.8965744822865925,0.4124407190634115,0.4300651839903991,371,19,1784,519,149,0.3568
4.3003488637797656,8.347535683432975,7.880140494100595,0.07936005127875309,0.3267800140733232,0.8329822364447639,5000,4,23.41784021623708,9,0.5671241196235629,0.365164746404848,0.04604775710135007,0.33722856445884075,7,16,12,3,21,0.0024
4.529091110978457,11.994021944018417,11.032278273399456,0.24126691443071088,0.3298273878045123,0.020486516388211452,5000,26,46.945797626568115,51,0.9433400006712719,0.1881223840135891,0.5038585886913348,0.2605946469644585,1733,61,4209,1347,139,0.8418
1.589393798589463,2.1905505802605116,8.036429806148728,0.12784083383988862,0.4049578999028655,0.5517016914986018,5000,50,41.76317222532857,28,0.10439366279920193,0.0352167198227468,0.2017575432165372,0.6200458193292832,347,31,1477,226,113,0.2954
4.614121976782827,15.811509610973783,6.018533789238672,0.15420224144551054,0.4347312603283381,0.5539517305068042,5000,20,15.633012152784021,24,0.3858189956286924,0.10753803115227764,0.7758117228799796,0.11299364464314865,241,41,664,124,164,0.1328
3.8117242079315385,8.051575138192902,7.280108278039386,0.24803903101828137,0.3050652773881422,0.7512159168741425,5000,6,46.30990551339177,23,0.4413092931164725,0.03776089402295816,0.8411984362866431,0.10156568919218502,63,31,130,39,48,0.026
1.710485474399971,18.872647862341573,9.228369119058982,0.3367140523125072,0.3159229536788525,0.36638791158408585,5000,19,46.74562148099945,31,0.9533097176695957,0.8631473078978179,0.7863866316805643,0.8288648547833768,26,51,77,36,55,0.0154
3.23161753157438,10.475754971315848,3.722344322258318,0.17691565468902873,0.1380955245747349,0.8790707516135529,5000,36,41.95210525507902,26,0.9338027756784881,0.7072382889593388,0.663386079164764,0.8914739341507485,37,15,110,25,20,0.022
4.985524176678176,3.464764442123997,4.4785063538582275,0.014436879077434048,0.4552499793882542,0.5285401756227569,5000,4,43.495867668976345,20,0.6619085788305868,0.001931422275844475,0.060939956450221516,0.4833302578448103,1549,27,4678,93,54,0.9356
5.365697431814529,19.139830379521346,8.262970498299701,0.14394445224193286,0.3756655924942494,0.0846166761956728,5000,6,28.230826002734855,12,0.8219451476478296,0.4789218717674285,0.32270168784978087,0.7728332137632954,540,152,4053,741,273,0.8106
3.6613545296223213,10.03962505019699,13.62649092822439,0.3998191845696448,0.45348800409356665,0.7806473907859682,5000,3,11.513749915704741,27,0.7927238950005657,0.22677319966862647,0.5538899530393557,0.5455574320642902,6,25,12,6,52,0.0024
2.837952752531649,3.435758741238456,3.565136432825999,0.3767936399564083,0.5990199914013656,0.6841585509053436,5000,26,28.928956065820085,39,0.09593777942613906,0.4112854124946804,0.0999506491965558,0.7049607919581474,99,28,1398,654,150,0.2796
5.196731273642286,2.3395704006572537,5.005597061819728,0.2605828777180294,0.37636614511823835,0.0705549841485956,5000,25,49.468409924228915,19,0.5591278365524661,0.6598575785811238,0.8727883101574022,0.21310051817303827,2647,20,4597,1620,36,0.9194
1.17723388777795,8.194884494691644,10.461591709876046,0.3880091595805388,0.01747935731103996,0.9123338441409529,5000,45,23.20525166796756,5,0.7501399190665551,0.3135259426196664,0.4159510889802926,0.12734310443126717,51,11,60,36,30,0.012
5.191980533928082,16.322890010480965,11.602901044048552,0.3956368714664031,0.014646137764971083,0.3514174243231157,5000,37,38.534709568923866,13,0.060286164619968885,0.3965351484703854,0.5471139812629096,0.28421591773358507,348,99,3280,1588,353,0.656
3.25891441147611,9.179358239711274,10.469832280958961,0.12366692011961525,0.06702293333970728,0.44220907964627015,5000,32,10.35758886428923,55,0.5070650687818337,0.23333031457631578,0.052873589347445446,0.3924283741566293,528,65,3184,494,227,0.6368
4.1751628393253055,10.866060115005475,9.926591740782722,0.21210650934280226,0.3173896953494316,0.29632939298837924,5000,6,17.48215394123406,16,0.23098533795293769,0.4547812672414683,0.6455235451368915,0.39874911391443807,31,51,536,158,364,0.1072
5.045122349433541,12.109971691736453,6.986185825713291,0.07235754913779956,0.4424316836431175,0.15789820141060826,5000,13,10.268551907188257,17,0.10549000737544231,0.9671550748472235,0.16227483185052138,0.9600965382122165,1175,69,4690,434,136,0.938
1.475971310670532,13.720117084297698,7.542278418159516,0.24282620156758578,0.23698943991559307,0.2019810801701545,5000,13,43.74038926952678,58,0.418797927097037,0.9763119024045376,0.4847185516783443,0.6574090425934698,41,74,240,59,133,0.048
2.005296335732628,19.87866077458918,5.986717262354121,0.1196578018489114,0.3540938374718253,0.10661462757430833,5000,27,25.456451888011102,15,0.12089806046224752,0.6696731136925149,0.853380544616108,0.2588828751474263,67,27,133,26,43,0.0266
2.0791365654754803,12.909684744222806,3.6178102579369775,0.28726740448369903,0.2386821497403397,0.4159466331951022,5000,22,26.41857022234261,14,0.21334341676498464,0.8351519247377783,0.5807251689781057,0.29295621039113406,36,17,156,62,61,0.0312
5.052942972480178,18.975808575395703,13.239952415769878,0.1639876422022534,0.45398796179027145,0.8891156950771351,5000,41,35.75787573279404,25,0.5161808116001041,0.10099217971668437,0.4391113332449835,0.5158029193164964,156,33,288,67,99,0.0576
1.2336349309936592,4.064721106412177,10.414071172046041,0.3463055230249339,0.14380925969164493,0.4891955229875373,5000,36,25.402317365921284,31,0.014856662527754668,0.1892778341273786,0.4804392719339294,0.0012833580718072302,48,11,123,52,61,0.0246
3.7369625171158036,2.994911420496719,12.777818836817225,0.3972903248209734,0.16564808842273862,0.2468510134930115,5000,36,30.53739502396583,36,0.6710929334540898,0.6020704820206761,0.7860388339846042,0.40130298810298143,2148,39,3474,1662,81,0.6948
3.4161553680488543,8.58687374171338,13.034002075847864,0.2560265620659872,0.20650428679642455,0.07001548470605093,5000,46,43.31089856848591,25,0.9910789937822528,0.6843063739491244,0.7414366543568239,0.48398407659593523,520,34,1178,373,149,0.2356
2.2121514749228623,2.5521592665134794,11.044859646212801,0.25554538437000074,0.3928512185242656,0.36537962643273136,5000,42,13.26947438636488,5,0.126904491851496,0.9748546697348458,0.33181693375184884,0.08579377333319248,132,57,1317,426,365,0.2634
2.3949876070518963,1.9436497603382645,5.894810154935689,0.013268169889262294,0.5440723030377497,0.3404947411866166,5000,20,45.47808497449938,56,0.42379384877628645,0.6629044889856982,0.11170589529010519,0.3790430160309222,817,38,3663,65,79,0.7326
2.3647348900164644,20.872418831087963,8.322595186475976,0.3048019406492637,0.04230487849833464,0.3442095801956388,5000,24,45.89795652760185,6,0.5633302977862957,0.503691367286152,0.6750706009368261,0.10061858742338323,42,30,93,33,50,0.0186
2.3446320026364886,4.470171058992984,8.502357584785692,0.23252590244148552,0.06684157748923504,0.47938380799071517,5000,18,30.193796247446485,13,0.09385035125112083,0.7287294411455822,0.5775945029729151,0.7688128457583595,39,20,153,64,87,0.0306
3.010159619753723,2.849885626705307,3.1255983088835073,0.31611522289884786,0.24201430193782825,0.2862741255113272,5000,49,12.615773203065405,51,0.1342500503371899,0.30001565513824185,0.7582133635772261,0.20681222094510057,1164,21,4592,1874,54,0.9184
5.0662011650969365,7.38473228835914,8.426139385170515,0.1303373047815083,0.32734788470262843,0.5908664143895295,5000,9,48.20423868774903,37,0.7947830751543047,0.8847545113331978,0.5117058437057349,0.10531143507656125,95,45,466,77,172,0.0932
1.0860943154743499,1.9214599378400834,6.196126290002944,0.024156740772577276,0.383149999463303,0.7277073050909747,5000,48,48.42342220851257,21,0.45894657125170996,0.3268314454347858,0.808169514271427,0.3594479385665669,78,7,118,3,26,0.0236
2.349330472183145,4.018896943738914,4.367131793062072,0.33759076793988596,0.18928463979068252,0.54593025927502,5000,43,33.47456875488594,18,0.7493759856832245,0.8996025155212991,0.2433658403840667,0.9560037321830013,75,19,490,207,85,0.098
3.3980665828133256,14.545828399638566,12.964126452766243,0.19805984973993807,0.4611016252522243,0.13040504886163384,5000,31,24.513628692851306,27,0.5857393234767557,0.8113323106272818,0.37647670758731994,0.332087016344983,242,113,2644,641,363,0.5288
2.5814206893111638,4.377123361341093,12.613791651179902,0.37525936851023184,0.5998128162085669,0.4684405812210886,5000,39,15.204599547063003,55,0.7909813124046945,0.6829357647642371,0.2624488251223124,0.03771092149320272,434,60,1481,707,138,0.2962
3.8058795504153924,2.6224451365843127,7.483332881310937,0.10968769606136958,0.33536631918862675,0.09613689590068399,5000,5,42.78780189396962,28,0.8060494973226899,0.13909748507733083,0.44513532275613105,0.07296839123419518,1636,31,3599,494,82,0.7198
1.7893681001837969,20.90996890905172,5.185773609108422,0.19500411479050317,0.08544268850920804,0.5969868443037466,5000,22,11.817899889067679,45,0.23925684867466102,0.9822635617370755,0.03817348597377465,0.11700550861509632,22,0,202,42,225,0.0404
4.818053685093027,9.613470048870752,12.56068334501489,0.27345440617249056,0.3674892890993571,0.8750777012051629,5000,36,23.48151894638347,48,0.6703311226201839,0.9725852416690347,0.4250750486017275,0.8439343596531691,40,13,99,33,79,0.0198
4.436585423155138,19.54500625656248,11.926894378423187,0.15905561535502932,0.5567873362121989,0.7092805574926763,5000,42,11.938693506434017,57,0.387106258463657,0.9358891091922372,0.6037374941876292,0.052784497498223594,82,58,407,93,239,0.0814
4.01258810631213,16.048760672206733,11.504756401631735,0.06077392980096033,0.4224143116947175,0.05170358108198987,5000,22,27.486833656813786,16,0.23509188643122728,0.9323821154318715,0.7595625419474145,0.9825551117014995,86,29,982,81,360,0.1964
1.744129289269059,19.342248519869475,11.137107463639936,0.011897583685562867,0.07081866773261165,0.14043383840964072,5000,30,49.10049948559727,49,0.17637451199713916,0.03494380593955475,0.7348193634010818,0.7371515883400352,155,58,468,6,172,0.0936
1.3676928530343369,18.880417635146923,8.446659190854142,0.17454503982321132,0.10862496636869122,0.7246474739846936,5000,25,49.14218511572767,47,0.3239212138060018,0.22524099381871687,0.13114798604478284,0.12369157349386756,27,28,71,12,50,0.0142
2.625534966882144,3.1196399317327956,3.161559982217577,0.14914692194698811,0.06317233760747223,0.12110733237810671,5000,30,41.695689494416754,37,0.009611904288502218,0.4286201257078494,0.3747149374473852,0.6743354265888896,1105,26,4642,914,52,0.9284
2.9282223135868604,16.195795787043032,3.9796979525947345,0.31423243987767147,0.5090325959894424,0.6639403435743134,5000,21,23.97792288535749,4,0.22801168309827163,0.34955451342584587,0.2980915939197508,0.17615063251622579,31,21,132,53,59,0.0264
1.3726805755027114,15.099221031776265,4.222129916345096,0.023913803698654038,0.09660182129607577,0.3377969946824014,5000,17,35.6007115611105,21,0.44421284485970675,0.03401209536638493,0.02408833198543424,0.7516631025411102,48,59,697,21,285,0.1394
2.98180612532047,17.256686125007896,13.304440705830872,0.13589201002544407,0.11900035489631638,0.15201964039162794,5000,37,40.42713742625112,40,0.28316965430138547,0.22746700022278507,0.6807116638261097,0.21764599340388027,296,58,1258,215,278,0.2516
4.974226046394311,8.759563834582995,3.2854282170684224,0.22249622216307352,0.06732619954349094,0.1301047282868003,5000,8,42.42407535863828,45,0.0021498032527127106,0.03369969621149333,0.21561458616917134,0.27655008432573047,1515,35,4904,1449,62,0.9808
3.8159658378577097,1.3316887026812205,11.972124425340256,0.20892568882446147,0.5268689434680682,0.7885080978895478,5000,42,43.37682245928258,5,0.9397848161225122,0.05063598265768585,0.24672462695698785,0.8481840018813331,184,12,378,87,76,0.0756
1.9859594884489349,7.7867825006672895,6.6688012812618584,0.06026482960156565,0.3003146973214381,0.8112320335993807,5000,33,37.69523238728928,26,0.02344989662345547,0.9240050004559304,0.308691569343639,0.7065733854759504,33,0,88,5,55,0.0176
4.622593764271585,19.966952977999526,4.847351230833487,0.17042413652380053,0.3149939258908064,0.9474900619270983,5000,18,24.341280393964485,57,0.4670452892436878,0.938350847317085,0.6108485588643883,0.9234429841927733,18,0,37,11,22,0.0074
1.886184242091936,9.008658882750456,3.7137781841674373,0.1900765088704019,0.3262212206869845,0.7041464501874894,5000,25,33.090290298138854,50,0.4261359549813062,0.779453306000336,0.7074532191332649,0.11659769191472111,25,0,87,20,44,0.0174
5.629756896233631,6.220926725886208,11.51437015133799,0.3738607638880524,0.19577464801462693,0.3138883408650355,5000,8,17.19964883624003,42,0.045421327054376216,0.8264466857085772,0.0715708849585068,0.3874604555605502,1940,56,4769,2331,119,0.9538
4.235034388596618,20.799042669871326,11.175969067718887,0.29634229227519754,0.2163989603336058,0.9462837531000413,5000,32,36.95891065976444,43,0.3374465618238503,0.07826982321143006,0.37758671678834355,0.032805866434113054,101,33,205,72,90,0.041
2.222147297430105,16.579558209409647,5.780614159586536,0.004727403043793923,0.26467236022540763,0.47116403144464075,5000,9,13.668713658149777,22,0.43758094043179,0.9317548903551635,0.7746909285996483,0.882857023925035,16,24,36,0,30,0.0072
3.281089637981184,4.4808500602373025,11.712593971441454,0.1917208145862185,0.06441438765358386,0.746961964422679,5000,3,41.093883918959094,46,0.2845718865178965,0.2544406053925526,0.44958968714805536,0.8744971736722724,15,43,47,11,63,0.0094
2.6744281169959483,13.900476402876809,5.179019858763477,0.2885796348451634,0.08722747344792169,0.7644646618736017,5000,46,47.02770337295739,54,0.25150339415767403,0.9540117299639668,0.7188063931083698,0.5722452757933951,46,0,212,78,63,0.0424
0.8094134967927781,3.889069489864423,13.69532377621005,0.35121260527324316,0.2789153582034519,0.5631147139411922,5000,6,35.453750943329865,34,0.46379871271864187,0.5961271236565917,0.7801383635900392,0.055992707298954426,10,10,13,4,29,0.0026
3.0220613434402637,20.55742309480715,7.271951842996879,0.018947972142166213,0.20208381990269647,0.6616464883681116,5000,47,32.11649031881236,33,0.997016958815132,0.07241346269621483,0.33353991522558624,0.22204219930818916,147,29,543,13,139,0.1086
2.7811037869994157,11.914427340102078,12.951390288651101,0.22986706470508353,0.2674922496192123,0.4071968581064166,5000,33,13.512062644894227,38,0.9447079538130572,0.7848051453101128,0.6336308735070997,0.48996353868417775,114,45,381,113,118,0.0762
1.3924352447911357,16.316375153641022,11.005548440275632,0.10944091147825832,0.11398247099448042,0.46435193525708185,5000,36,13.887592266661688,47,0.13926195804878372,0.2508073986076278,0.16031148949943727,0.6072898343697599,57,29,297,43,193,0.0594
2.282209643517872,5.036770772754931,10.326976821401873,0.2951556657337551,0.1459747817680782,0.7237694646471377,5000,14,40.00234272191982,35,0.3299461340223267,0.0824327276657398,0.22398387606577064,0.770742631811046,77,35,243,92,79,0.0486
2.18173463089974,15.405260802734556,12.309250015956314,0.1363555237915005,0.23341373612541133,0.4920907951946696,5000,41,14.557924327083597,14,0.7910748260181417,0.9043358044755112,0.14371670724466507,0.34417198599343773,56,29,202,32,162,0.0404
4.253079756941343,6.367046042222125,9.531542272424169,0.09071227930924834,0.5579154489903602,0.291688660087728,5000,12,23.103128179225667,43,0.4765187877603507,0.572819588418806,0.5187077530350368,0.14164920779388246,1134,50,3355,415,148,0.671
4.274802676527658,5.8936294182786515,13.910840137273572,0.04939666076734088,0.26927872525438895,0.8605057009130848,5000,22,20.046037660085986,24,0.5031487475670336,0.04992087811851807,0.37860756398908013,0.008310907178973218,212,30,496,25,88,0.0992
4.083835408056721,12.46515050128322,8.31080772171413,0.2720233632001045,0.15679115884135875,0.12473076867060637,5000,21,25.360025694673485,27,0.24451722963079742,0.5363625801184392,0.5946152860086974,0.3207636222704753,511,58,3388,1147,212,0.6776
5.761535329879155,11.299889586557835,11.15963677253743,0.2538528821051552,0.37253539038825567,0.1624856612324156,5000,21,37.91510965970586,54,0.07685169334626246,0.9767957568655836,0.8686515233117486,0.915607543268035,1841,63,4328,1387,121,0.8656
1.9574281878330917,17.27991688835101,4.89404224619285,0.10597351152305422,0.534678453787481,0.14146383826206035,5000,42,36.401406067996135,5,0.9561248925491644,0.18248196316123536,0.8605629148434252,0.8609615938695323,94,23,148,25,27,0.0296
1.1687429138329346,12.364059618817956,8.742196422812416,0.12834555065350983,0.5374810608050684,0.674444129766236,5000,22,36.44620462226875,41,0.16207830746456878,0.006592352334420212,0.4861974117899496,0.7514343504364301,30,39,150,28,102,0.03
2.1957339255797486,2.7203927591956014,13.02760607746433,0.3542288490427199,0.3379474217593032,0.8766943476324698,5000,3,15.469674044595394,16,0.37579976211326055,0.5370458911220396,0.28267326755415273,0.7343885280530353,3,0,4,2,15,0.0008
2.907761218722144,8.82062128561386,4.466593427708057,0.18571796998947915,0.39322792904624365,0.026311462461301498,5000,33,40.758010759048844,27,0.027773131628070182,0.010655192371106893,0.4482353383751636,0.9293983390673173,787,37,4195,1062,110,0.839
1.3171852521632155,5.81214287746179,5.125160907031363,0.34881155871080494,0.002557231258348209,0.38373336483742504,5000,47,48.25968221994642,50,0.6086502360054821,0.29929012492808604,0.7492596734769493,0.14349582792555432,55,12,448,179,69,0.0896
3.6261074216178084,11.574770364889366,12.157030356616158,0.06357601262907783,0.006629711973892587,0.1477766833354138,5000,20,21.904668116562192,1,0.2776770126605584,0.7490595304045798,0.11782531083281995,0.02355388388730333,997,99,4427,357,197,0.8854
5.637492597193479,13.042148071038882,12.597144836934214,0.14953918283404175,0.3548456787807131,0.16682926133165685,5000,32,46.68229239165693,60,0.7810934195190941,0.8519920812123177,0.3768382384671555,0.3720591300850963,1721,67,4591,874,133,0.9182
1.7236607705253322,14.631957715185163,9.02051509135051,0.2935880516972514,0.32795041102925543,0.712000297548702,5000,4,11.583112668598138,6,0.7943060557724022,0.4495485546953446,0.4540277581227802,0.7980250041206265,4,0,10,2,31,0.002
2.289873374418341,10.42954248498792,9.172219378696964,0.25594943612540394,0.048272078478784286,0.6514728272758603,5000,45,12.269474708199049,51,0.9546778794716073,0.908824103014945,0.7696432403268163,0.9016884910830725,53,21,255,97,97,0.051
1.041234621104774,16.684942554727026,7.481413046712259,0.2944084955605212,0.4654938549843109,0.6051562536090302,5000,26,15.939870715788455,14,0.7305060588525067,0.5350376888536049,0.0591126669704419,0.18694676359632836,26,0,47,22,39,0.0094
4.267034177770827,9.477548304563562,3.702976559284781,0.23481552904516756,0.293306414028089,0.8057508174270951,5000,41,24.85377672605776,55,0.1280071326234943,0.7691231211621442,0.08639078877372805,0.7307919954986969,44,14,693,209,233,0.1386
4.999398533627537,17.674092430359913,5.490552155963071,0.06250227160517495,0.502880882642384,0.05017557205676821,5000,48,16.969319678559437,3,0.8988598688238546,0.499253565040176,0.8219233964265946,0.6616482622227233,171,24,409,32,117,0.0818
1.5332330026316154,9.975693757767775,3.9271729006292406,0.29482638766237806,0.15019779869287211,0.5525575204973797,5000,21,18.810550565746322,25,0.6208236017993086,0.014376215216359728,0.5012758058512831,0.9428278216190608,54,26,264,93,69,0.0528
2.705515489366111,6.997162745230891,12.300978963181159,0.3937025138376061,0.5002817179735083,0.65185498337555,5000,26,16.02803631672206,25,0.39974958123105336,0.19499062393908134,0.5564067854827979,0.19441023663861376,47,13,128,73,98,0.0256
2.794354975929392,19.09765576628728,10.245657070952285,0.11605622290692895,0.043063388018855515,0.21644055570856327,5000,49,13.84803147116482,13,0.7390440336459421,0.9610191869356145,0.4521975866454134,0.8906948244258428,128,31,865,130,356,0.173
4.210392463682759,14.76941212441225,5.02689638672251,0.20191694738878896,0.3733899330738342,0.4823376017226013,5000,16,34.14240008010798,48,0.9648773550515368,0.855262328912643,0.2519313694950669,0.8996208562186151,247,58,2036,561,267,0.4072
3.1442486848550475,9.753616572628465,9.135616415909654,0.12446115106987934,0.09062718363892001,0.19779959471949787,5000,46,31.846051248104846,49,0.8097743131912347,0.8434769059815758,0.8359999831722784,0.5657027768231916,1022,59,2872,466,110,0.5744
3.063641568969472,4.581037560238424,10.892495619890214,0.1601031184823584,0.4019019518969827,0.20563162436080049,5000,10,37.303451965134116,54,0.7823407774891021,0.1450941409255056,0.8282812041058802,0.7614044482611706,1450,59,3074,610,95,0.6148
4.103532149861573,19.833073118394207,7.297657598812989,0.006347977301970008,0.4238503175402444,0.8665659846183048,5000,24,40.323345447919834,46,0.45742765834134624,0.8546328548854238,0.17379214320312783,0.3714947593388399,24,0,66,0,50,0.0132
3.989325737182984,1.5639019606163849,5.1024388398244795,0.03989086086789136,0.5503447618852095,0.34902340469478443,5000,39,45.396806951710815,26,0.47165168541388686,0.42042087713439097,0.8544713836650598,0.08274511470957675,1984,20,4550,219,37,0.91
2.285336204362448,9.858627901936567,5.828685488535397,0.2377163920666696,0.31451166339995135,0.6635488687469515,5000,44,42.76597448250421,26,0.04238785062722028,0.3856301984920882,0.3805328927483353,0.783584469986499,59,16,239,75,72,0.0478
4.293916698711034,18.76975863983765,11.038031198400923,0.1055325361523353,0.4052206034529891,0.42966817636656474,5000,23,31.142076457690383,9,0.6861754239558718,0.15130467991290059,0.3513356272397038,0.8859877592819204,114,160,1990,255,358,0.398
3.4945273822068215,10.92510455283835,10.39810223818726,0.2578804167163367,0.4544357851308569,0.8688552256008769,5000,33,39.273648344376255,56,0.22644694864589715,0.00024783920208424877,0.8519479312194049,0.37394472002377194,1349,66,3952,1320,114,0.7904
2.7624225714719035,4.502430947955463,10.874274541253843,0.34707166876340606,0.37397515394996544,0.2309465643611614,5000,5,34.28334106067986,34,0.7689143057721676,0.15395815429236392,0.49365037138389134,0.14903976848805775,166,40,545,227,152,0.109
5.376918472295682,10.229239565032914,4.75478081710067,0.15453351742326168,0.19872519791851415,0.773717559422703,5000,3,41.06371409761208,39,0.7293756499461687,0.3286836632637142,0.37372096508594355,0.05122441995116271,29,44,135,29,75,0.027
2.5837069764434126,16.427702578368425,4.977773863022239,0.004436265197413364,0.3201482427501066,0.29056031870437826,5000,20,16.170146322068494,50,0.6391740516661701,0.3078051233385042,0.13741625905895466,0.5912732524774735,167,62,1812,14,280,0.3624
1.0069063117412242,16.85326807049992,5.2420887399981675,0.04395021904541772,0.5967583424744026,0.4017745316178263,5000,35,29.513591375397176,19,0.8496262123449544,0.5629003273979755,0.5213227022524743,0.8344961630658877,35,0,69,8,30,0.0138
2.6383322166131733,19.569068051094607,4.690537398079585,0.24108822352834644,0.24962277842626973,0.14399369680465202,5000,42,49.77431396891579,32,0.10245658207895945,0.29543138967635707,0.08098387610419244,0.23507596253586932,728,93,4254,1348,168,0.8508
3.6276877704330603,17.194174824967853,12.387948902695495,0.14347927285469417,0.3410051621585257,0.06431941489899484,5000,2,10.101863542061922,50,0.15875457946923205,0.7530468350581005,0.5113505700883761,0.927407225059079,309,224,3340,569,357,0.668
2.9604775531057923,1.05423540704319,12.571189132749272,0.23459012266993115,0.003811246535743894,0.7479062187006362,5000,6,35.08136942252656,33,0.3088872323015476,0.7453561713832667,0.23576805755376595,0.5639358061253261,12,10,21,4,46,0.0042
2.042744337010607,8.131320440430201,12.26493243603525,0.2923004309610915,0.019442958122555833,0.5927148521757879,5000,7,39.376536979207856,29,0.442771170146099,0.44814878298309385,0.4542918337155423,0.736053899630339,13,36,43,11,81,0.0086
2.2391402403346925,11.032865484485715,7.58987609541578,0.116349396977704,0.48396189091436104,0.7740260134904968,5000,48,27.915214352627128,34,0.21022118462192424,0.5841018607595253,0.2891708480434776,0.9966233494502373,48,0,115,13,72,0.023
4.399862671311835,10.236504587526927,13.296465375899405,0.35450701970760456,0.25407532688346685,0.13151662821354584,5000,22,30.124986115101976,39,0.06238826851144009,0.3162124755924269,0.500472352917781,0.26631514988841354,983,71,4062,1795,173,0.8124
5.228246765582946,11.932650392074695,3.7632589808804395,0.011633565040201454,0.23384079604627098,0.5441583662631365,5000,2,47.537010786730235,20,0.21759316433039788,0.8606345075719622,0.8258168293662725,0.49673128064292354,7,30,16,0,10,0.0032
2.0852620100171184,14.18074919570462,11.681472447632366,0.20206480510957492,0.5354812744147366,0.46715372788989123,5000,2,36.21091937121348,25,0.7219166287270997,0.1748957604171779,0.6849748598703503,0.6224949246040485,3,27,6,4,25,0.0012
2.7635054421968333,4.828859526095398,8.212570607685258,0.16096726356640548,0.0015470837583324507,0.921912206880864,5000,13,23.721703922962142,38,0.13872258081556477,0.9301049354767552,0.004568113794827677,0.5570977694793534,17,8,20,5,22,0.004
5.647663270383053,8.495089767757019,8.942420375453061,0.18888255106637303,0.5738132413454737,0.13238021039220088,5000,12,27.614641159558737,27,0.006903399584042772,0.4414348341514449,0.36067428497584525,0.4517687300863274,1243,52,4710,1158,112,0.942
5.34145695274751,14.66316526243645,7.920573394541594,0.09956651871480643,0.5019390069369151,0.4289709392283436,5000,25,19.162169605616334,41,0.3170156178369087,0.7393021023984923,0.3159643745998224,0.3393244435439711,572,79,3813,482,204,0.7626
5.651818574659315,15.257491656794736,3.9913830581123486,0.3868275997473744,0.5524522719484002,0.6889584495290744,5000,6,21.734860310828815,29,0.697246402215343,0.8611201012210618,0.5369150613888162,0.2880605938666492,29,38,85,43,40,0.017
4.946021211957673,2.8164016362147093,5.4102063640742335,0.3948413339604735,0.48772166927922095,0.10360968278814986,5000,23,22.377719546359614,34,0.9630233542126757,0.8171768435388489,0.6097397569771685,0.08414216935718372,2367,22,4890,2540,42,0.978
5.130227869950365,18.96741401584057,7.313795147589978,0.18148109520089126,0.31192989377026253,0.29698786550555384,5000,11,18.318086591469665,13,0.822581145460841,0.6282124631602847,0.6461222574488972,0.35566493059879806,68,28,530,133,345,0.106
2.3716212946700503,8.959373670565451,7.320444774270705,0.29670327342835234,0.23414368953376508,0.831218055223728,5000,48,13.937565487641304,5,0.5793166149277704,0.9795846193689663,0.6233913277198243,0.2638943375890824,48,0,65,24,25,0.013
3.8711108797844798,1.6057647337073941,4.047050875582662,0.23564800498025995,0.10487720867240828,0.04137309513646916,5000,33,34.49344701235272,42,0.5248898706546463,0.382725108458444,0.4831655530276499,0.005992210141956363,2481,16,4859,1475,34,0.9718
1.5392411759002322,11.640506403404853,13.248980263986358,0.2753537759955529,0.30446569520048,0.5423214356486664,5000,5,25.60544860195482,12,0.19061886245344742,0.9637555061549803,0.6749717730838478,0.5701545184829382,7,26,13,5,39,0.0026
1.083116631886539,3.064963322737699,11.162553990818505,0.020609113277143105,0.2127601188058181,0.2166896434238003,5000,27,15.316462196666537,55,0.1218516653278457,0.6821780796687312,0.342167837128948,0.03489344901081683,51,12,251,7,152,0.0502
5.210222348509568,1.1976684788265022,13.192758984054656,0.38990305019695165,0.08337723242638834,0.5699784935394715,5000,10,17.065681879497987,8,0.6588657391686993,0.16954468725113217,0.1196877978641132,0.6446532555089374,594,68,2843,1371,202,0.5686
5.46079826465944,10.892383098397893,4.539356787754584,0.09669501535906076,0.4055868025668152,0.812917653191507,5000,17,37.45110121932767,19,0.35806828385973155,0.20058548321395034,0.7834958559065587,0.8841919101051149,109,30,264,37,48,0.0528
5.481213974479613,10.804791284809532,9.894705092626612,0.27405999846317197,0.20048156868030081,0.6105261847274389,5000,28,15.392030329059757,58,0.015634142914976175,0.449101154226801,0.4647598439993659,0.6287182165691444,757,68,3371,1154,198,0.6742
1.231303480088803,16.669558990431558,8.29835938564166,0.22207879745158032,0.37964738994145647,0.2796270877805697,5000,29,27.639565234486493,13,0.20294207688199656,0.06970546312521432,0.5998081345095877,0.975976959068329,45,27,117,33,90,0.0234
1.835166791830676,1.4923824421892475,9.778787090142865,0.27388114278059233,0.04157216711842122,0.7085581833770038,5000,38,43.3398868186587,40,0.3158708061551855,0.016163790705346168,0.1950841964128674,0.9058920206074648,598,39,1957,678,86,0.3914
5.311347569531767,14.282919844116519,6.812112358017453,0.07285600716880421,0.5925963273118088,0.7487450732896663,5000,43,11.742795703220965,44,0.31656406928438474,0.09596739387129173,0.5796071693752013,0.23569449066132941,384,59,1465,153,132,0.293
4.133768057720506,5.4548138120328105,11.366865093440733,0.3038220980657509,0.05545783894812368,0.1418314500896464,5000,28,32.3442446472971,38,0.5976142893080424,0.7818180267980431,0.21511749053191784,0.14843263795731748,2049,44,4407,1683,109,0.8814
0.8618900122655578,18.5389193684967,9.516161347285225,0.12099648187121037,0.5700567519662167,0.7122790297610121,5000,16,21.431364599603988,51,0.3460789419126249,0.2979743915864615,0.6018631848759294,0.46600720730224826,16,0,26,7,27,0.0052
3.6767063398752162,6.484258449810503,3.4784586641090756,0.1440655914712396,0.04925314354447027,0.12132637207925227,5000,15,20.12693668365313,20,0.8506117662780738,0.47086343121540775,0.36417194522091084,0.6325499978692749,463,38,3231,596,105,0.6462
2.82531927478711,3.6135131425581113,6.22337092648225,0.2016231567512585,0.4132309416765019,0.6893828653879415,5000,11,35.345452709618456,48,0.008867523709625784,0.9076759752608285,0.0293179594769135,0.6843390800950497,57,231,1256,310,365,0.2512
3.243825857901367,7.207195378216774,3.0817607926400656,0.03621866266273573,0.5547853070617396,0.6715469311712655,5000,27,38.26418325678759,59,0.06159410474579933,0.0030581119667517608,0.41337872910830115,0.33782438388203356,1215,33,4720,229,65,0.944
4.502127782006098,18.48820435390209,13.93376290293885,0.04486721823314418,0.07049147074574913,0.17402248387889913,5000,43,44.923116465620076,0,0.7918032641592337,0.38952871485434937,0.5689992258709614,0.497253804974864,54,315,987,46,360,0.1974
5.836696642802644,20.460325521655008,13.188788904058894,0.0056023137197529285,0.02750191908185877,0.47129793274361265,5000,25,27.25363583416296,5,0.21513843173634817,0.6003709268472226,0.09708787903301279,0.1552950740571402,855,117,4487,31,261,0.8974
1.251154220191864,11.68796690363617,8.465281767224631,0.38662639051943093,0.5976454118856732,0.9233328170665142,5000,48,29.997538200291906,59,0.03630707583479808,0.8523554691201239,0.2104951413848456,0.8523621150181583,48,0,59,27,33,0.0118
1.14901878295928,19.771442327997327,4.314733497644499,0.25913015434078673,0.5282531307289904,0.17870046117635827,5000,18,21.219877363386974,6,0.2395311018589047,0.07604650277601067,0.6612901431890902,0.9140814114700813,29,25,73,20,38,0.0146
3.937361361844813,4.133201737548185,12.659980033342396,0.1903211386894503,0.3499649831697613,0.6356688957010717,5000,9,37.71065677755615,13,0.22742540987254356,0.8000909352974576,0.4855730947669935,0.6148416493647993,22,18,143,30,224,0.0286
3.896302638406059,7.234042171434499,4.2967470698738754,0.06474475758476463,0.18436188650613353,0.37199965681692826,5000,47,46.065418508101736,25,0.5570206264696013,0.7139459902582784,0.06006709236377755,0.49594476944290944,901,34,4093,331,98,0.8186
2.4802984521143383,9.711470775955487,12.590046979571445,0.1855755612552602,0.40379245323224494,0.7395920695881937,5000,4,16.01414947066022,47,0.017916557381640674,0.10131818789421308,0.27594245887137697,0.13924948452251765,8,24,21,4,58,0.0042
3.7512398237894793,3.0060120073016647,10.793097273042669,0.35373079204349533,0.5576820641477486,0.7361597917086712,5000,36,40.29630156945146,25,0.5744770514937727,0.8796751676610673,0.6497283231475267,0.4908222076643947,73,26,207,92,51,0.0414
5.5153201826890745,10.109321754951385,3.0888945845720484,0.3157155046702471,0.09496802854044199,0.8317470317737761,5000,26,14.909643418834614,57,0.6824339768663,0.8973586025967433,0.056699989710775604,0.03197311612359761,101,57,917,350,155,0.1834
4.906547865858036,3.960378397469157,10.353207732367267,0.02468769839809565,0.49720507393898533,0.41658705546831953,5000,35,47.79570219042954,52,0.9644732470678892,0.5154629877034239,0.5544357700341501,0.9903512283525383,1987,38,4564,157,80,0.9128
4.221360331511822,2.0140771697428788,8.703496066547295,0.0004025772214700862,0.13141939083374876,0.27691889597824126,5000,26,43.54245564533325,3,0.017070978585364667,0.763475308135762,0.45137054395865983,0.4591657842688094,1065,42,4035,5,103,0.807
4.653552562269602,8.705749606677994,3.807293934382248,0.20320651530160005,0.5233118799834707,0.25847509769289073,5000,34,24.89708363904318,59,0.17313554999607808,0.6531126912946006,0.2677789948755444,0.3945247659295514,1108,36,4765,1220,72,0.953
4.3420057630347255,7.027490199147156,6.3772744420760805,0.08405043369267735,0.4272222254798278,0.009109264230654085,5000,9,44.05429445745016,3,0.7198830456747521,0.2460118802523447,0.7313315253559032,0.3453272711679374,26,15,152,12,97,0.0304
1.0604064684764043,4.074113847906707,12.754703514724477,0.2586892989664464,0.10992345766186847,0.2848951430709611,5000,33,27.036491394127907,23,0.7706423798219231,0.4919729322734903,0.05005672056167821,0.8836612989851284,54,13,140,45,91,0.028
5.855300814914444,15.776641666652475,11.983201798450231,0.24724521726062978,0.22099935998688863,0.16500928621989389,5000,43,28.122056093115543,25,0.5000673505637546,0.2689759685757217,0.7037509798283609,0.035405497817583224,481,46,2801,823,291,0.5602
3.5264835677757933,17.80013319364437,12.027859468163701,0.21487171818008993,0.5164743343701083,0.2387288772316922,5000,11,23.34470130267833,43,0.47056682734005223,0.522280291907543,0.7336256295377339,0.5398057168486002,137,61,557,167,212,0.1114
4.789465260539257,5.265912364120689,11.807146588142992,0.33034239616737726,0.4981650201597819,0.9411815636230068,5000,36,42.06822392135293,26,0.8644457563496352,0.7350972062045088,0.7279328323203945,0.5807901733489271,49,12,71,29,42,0.0142
4.327081791717307,14.136738724212883,12.398819033433412,0.20254623704441285,0.5350069512341252,0.06492843455646256,5000,19,48.154424601309074,9,0.11789261793669062,0.9596294892998505,0.8092426308117232,0.4198373756568259,86,28,471,135,294,0.0942
2.189288280751607,6.782774210545619,10.692765673969873,0.29901293530950246,0.04968778580381799,0.016348549752009618,5000,35,46.81160245579401,9,0.8861249699369413,0.619228137956337,0.2711492892475364,0.47042633954581126,100,18,1180,442,264,0.236
2.644029449873355,10.492563209155907,12.28840211168112,0.32385509956537134,0.1755703326478394,0.7164279123633127,5000,40,48.60460047596365,47,0.441982430238477,0.1794260886538278,0.4481011899825402,0.9439378695031988,70,24,245,108,110,0.049
3.409149384948954,15.615176227145989,10.131232361019961,0.15858045913449118,0.15580082538094672,0.05209545929809995,5000,23,14.48618032694694,40,0.26596526232931084,0.06649142063841171,0.728315470107188,0.7312166029189165,356,49,1585,323,287,0.317
2.0037877067914396,2.498639842138596,6.720509387711317,0.13042993607066097,0.3921077441634776,0.2243757688247715,5000,42,28.028122890770195,48,0.6139882040634169,0.78635790188156,0.33717371619981074,0.9467011862682986,732,42,3259,514,94,0.6518
3.8099204864402054,11.272444942407674,4.322352561086008,0.0041885649560769,0.2924302768687015,0.9284644845994688,5000,42,41.92427876659622,17,0.03438479016554222,0.9566458179759663,0.28093153081719985,0.7579562510720332,42,0,66,0,20,0.0132
4.287431055905981,18.12047097146141,10.93647260009416,0.381094117401934,0.2489546236676584,0.7641842940667876,5000,46,47.05074798843303,16,0.775807144344896,0.31516274938371736,0.7994600702827849,0.641640828975325,102,30,162,76,54,0.0324
1.1342319772364127,1.1776205367096004,12.900857317905992,0.19224257764952438,0.3227073020396447,0.537865244316225,5000,22,49.09600311666808,9,0.1839065803547651,0.7249370579165291,0.03071414786184899,0.879071894916263,34,13,50,10,36,0.01
1.053150968594251,6.883518312919362,3.452221512513794,0.22561587575968117,0.43331625221990083,0.677228603186898,5000,42,23.873116206920166,49,0.8676150831112316,0.4977088547291465,0.13823322926061954,0.8487409618686624,42,0,136,44,53,0.0272
3.0262706840054108,5.856555796158543,7.08913626783684,0.019924781143692265,0.22375748113213717,0.015176681763119933,5000,49,29.47874463140141,47,0.3644221941009037,0.7896127067865832,0.27190529164797866,0.0904576991125481,1532,36,4688,131,74,0.9376
3.507782732894582,4.18442571856532,8.087604470505719,0.2688647967887556,0.4661760914129072,0.4029685326803528,5000,12,29.090389048781343,56,0.9251839751151306,0.9584426659317765,0.30487341110737304,0.1036196492933463,1149,57,3613,1253,103,0.7226
2.151074002785432,18.02041457453725,10.001974263676153,0.060480440114500815,0.43164834781240974,0.2735317879185912,5000,14,10.59900463111318,46,0.4954847271549002,0.3359519604335525,0.6688704328850813,0.1064892351343299,60,56,174,13,156,0.0348
5.004098119080027,2.9524476335223495,5.142529310412885,0.18451335306520447,0.5004136466040982,0.2433025787280094,5000,47,22.480980981350186,2,0.5747493545302101,0.5613466648328291,0.38473761838191634,0.09704342997943474,813,31,3816,897,78,0.7632
1.7906945032731807,5.327356692914255,6.600476937815494,0.2119067842907834,0.4163704243453058,0.15385691557073305,5000,28,43.048388942230474,36,0.2197445094737462,0.7456439437814668,0.7373923244472691,0.10894921637928492,335,42,1081,287,87,0.2162
1.037271608735717,4.597709101084853,4.052794496298614,0.15185596397272394,0.3126733993764304,0.5795954262432863,5000,40,21.823723888794756,54,0.28122157017031457,0.8657688597784181,0.1704694439246753,0.9983986865492637,40,0,118,38,41,0.0236
4.803154059894017,14.70860119181991,12.082772950502472,0.032437959442609465,0.47695412718283564,0.06672576213478214,5000,7,42.65148645054899,12,0.21071612918777563,0.11980070897554701,0.16164194084519193,0.8557977084027154,1192,101,4740,180,176,0.948
4.9962062050887965,5.199471849800832,5.616947673539038,0.016266753790782098,0.3475515149993647,0.6129949522577912,5000,11,47.568714207597694,1,0.24083533762567402,0.9436339716841142,0.588546315976651,0.41592644990196886,14,12,120,1,111,0.024
4.172864935824366,18.199446993599,11.822200477885328,0.34797422684840595,0.1774336647619809,0.42733057653299744,5000,17,48.931711950478544,24,0.6076022834719166,0.9180247567643997,0.5880931511196943,0.053535334836037035,48,31,365,170,252,0.073
5.82925330783346,3.0178924144156802,9.72590539454066,0.311150004470256,0.5717517603997255,0.8699406886013173,5000,5,42.3144535277181,27,0.760112072473069,0.6329723195183189,0.8284885463086537,0.13280961436551908,13,20,32,9,40,0.0064
5.599141143954941,3.7965927972521665,9.095436245044311,0.08423414947496166,0.026071812474508946,0.8434302309111928,5000,23,34.81827659084961,48,0.46176161700765217,0.6783725690189474,0.6367770198220768,0.4682284202851891,96,35,423,51,83,0.0846
1.4418471065049046,16.941961392159264,12.201408791621743,0.06809513089883784,0.5275228169521904,0.20772546393517038,5000,26,44.000412393943535,20,0.4600642376604021,0.7116952403197965,0.29199149274396297,0.7828363202809426,37,30,176,10,239,0.0352
4.4093692806091624,1.9809403518360262,3.8854783855335278,0.337247189169413,0.2310793285548018,0.06950855602010542,5000,49,24.543471373199417,57,0.08252556016187731,0.5059811919020696,0.1652042132118756,0.826493208657129,2134,14,4869,2214,31,0.9738
5.216355854720318,4.5300405981977026,9.157457407974114,0.3502033767450093,0.25378274356306024,0.31954830671428835,5000,35,19.10556736760871,15,0.7459263448699567,0.7769753769139931,0.5687230998189874,0.9283056554574021,539,21,2352,1016,200,0.4704
4.428739432348523,15.454817425682611,12.924864024650324,0.10029732741723818,0.25250863849485594,0.560787530109238,5000,41,35.493280938258025,53,0.36185142053392433,0.4241412220736717,0.3888543851988057,0.19599250328876644,286,69,1939,246,348,0.3878
4.431387173365509,9.55719609636822,4.426749903321333,0.05092391960000923,0.3272948442599802,0.5389797800679286,5000,10,16.31486052044076,54,0.5232314966281997,0.12099429538783953,0.2780628074513098,0.23615990106136364,677,54,3646,225,133,0.7292
4.534987783631006,17.011732199649927,6.897173838977923,0.11332891360982772,0.4588587194036251,0.46217070065536675,5000,27,30.928031718621654,10,0.8983759238930238,0.8169841817499293,0.027156494306799797,0.8634509361802425,181,156,2784,387,348,0.5568
